0;0;0;0;land;false;unknown;0
1;183;46;1;land;false;forest;4
2;232;38;1;land;false;forest;4
3;192;32;1;land;false;plains;4
4;184;6;1;land;false;forest;4
5;180;56;1;land;false;forest;4
6;201;18;1;land;false;forest;4
7;241;18;1;land;false;forest;4
8;152;88;1;land;false;forest;4
9;125;57;1;land;true;forest;4
10;129;55;1;land;false;plains;4
11;111;69;1;land;false;plains;4
12;145;34;1;land;false;forest;4
13;171;32;1;land;false;forest;4
14;140;55;1;land;false;plains;4
15;153;77;1;land;true;forest;4
16;189;33;1;land;false;forest;4
17;155;39;1;land;false;plains;4
18;170;84;1;land;false;forest;4
19;159;103;1;land;false;forest;4
20;137;55;1;land;false;forest;4
21;180;97;1;land;true;forest;4
22;159;204;1;land;true;plains;4
23;94;244;1;land;false;plains;4
24;124;237;1;land;true;forest;4
25;146;230;1;land;false;plains;4
26;133;209;1;land;true;forest;4
27;92;249;1;land;false;plains;4
28;136;244;1;land;false;forest;4
29;157;252;1;land;false;plains;4
30;104;247;1;land;false;plains;4
31;200;187;1;land;false;forest;4
32;206;156;1;land;false;plains;4
33;168;192;1;land;false;urban;4
34;219;141;1;land;false;plains;4
35;154;120;1;land;false;forest;4
36;159;130;1;land;false;plains;4
37;156;115;1;land;false;plains;4
38;165;169;1;land;false;plains;4
39;125;108;1;land;false;plains;4
40;132;158;1;land;false;forest;4
41;154;121;1;land;false;plains;4
42;179;133;1;land;false;plains;4
43;90;89;1;land;false;hills;4
44;69;113;1;land;false;mountain;4
45;84;150;1;land;false;mountain;4
46;78;139;1;land;false;hills;4
47;183;209;1;land;false;plains;4
48;121;210;1;land;false;plains;4
49;183;238;1;land;false;plains;4
50;123;179;1;land;false;plains;4
51;121;189;1;land;false;plains;4
52;162;215;1;land;false;plains;4
53;164;228;1;land;false;plains;4
54;34;239;1;land;false;plains;4
55;100;216;1;land;false;jungle;4
56;92;213;1;land;false;plains;4
57;53;215;1;land;false;forest;4
58;58;237;1;land;false;forest;4
59;88;176;1;land;false;jungle;4
60;47;162;1;land;false;jungle;4
61;30;166;1;land;false;jungle;4
62;215;24;1;land;false;plains;4
63;210;21;1;land;false;forest;4
64;210;26;1;land;false;plains;4
65;244;41;1;land;true;plains;4
66;250;40;1;land;false;plains;4
67;218;28;1;land;true;plains;4
68;226;21;1;land;false;plains;4
69;237;4;1;land;false;plains;4
70;253;10;1;land;false;plains;4
71;210;32;1;land;true;plains;4
72;214;1;1;land;false;plains;4
73;246;45;1;land;false;plains;4
74;215;16;1;land;false;plains;4
75;218;0;1;land;false;urban;4
76;242;1;1;land;false;plains;4
77;225;45;1;land;false;plains;4
78;223;5;1;land;false;plains;4
79;216;6;1;land;false;plains;4
80;113;141;1;land;false;plains;4
81;88;90;1;land;false;plains;4
82;122;162;1;land;false;plains;4
83;86;153;1;land;false;plains;4
84;127;105;1;land;false;plains;4
85;94;101;1;land;false;plains;4
86;98;144;1;land;false;plains;4
87;92;108;1;land;false;plains;4
88;118;144;1;land;false;plains;4
89;196;146;1;land;false;hills;4
90;222;149;1;land;false;hills;4
91;243;165;1;land;false;plains;4
92;243;195;1;land;false;hills;4
93;214;144;1;land;false;hills;4
94;244;134;1;land;false;forest;4
95;192;143;1;land;false;urban;4
96;209;157;1;land;false;forest;4
97;200;185;1;land;false;hills;4
98;239;188;1;land;false;forest;4
99;239;142;1;land;false;hills;4
100;198;205;1;land;false;mountain;4
101;191;197;1;land;false;hills;4
102;228;201;1;land;false;mountain;4
103;247;134;1;land;false;forest;4
104;219;209;1;land;false;forest;4
105;214;198;1;land;false;hills;4
106;209;191;1;land;false;hills;4
107;205;133;1;land;false;hills;4
108;150;166;1;land;false;mountain;4
109;178;166;1;land;false;hills;4
110;154;165;1;land;false;mountain;4
111;115;144;1;land;false;mountain;4
112;144;147;1;land;false;hills;4
113;145;158;1;land;false;hills;4
114;183;132;1;land;false;mountain;4
115;113;137;1;land;false;hills;4
116;182;174;1;land;false;plains;4
117;132;163;1;land;false;hills;4
118;131;132;1;land;false;mountain;4
119;140;174;1;land;false;mountain;4
120;166;162;1;land;false;forest;4
121;126;165;1;land;false;mountain;4
122;113;116;1;land;false;mountain;4
123;178;168;1;land;false;mountain;4
124;168;145;1;land;false;hills;4
125;139;110;1;land;false;mountain;4
126;167;171;1;land;false;mountain;4
127;182;145;1;land;false;mountain;4
128;133;146;1;land;false;hills;4
129;127;103;1;land;false;mountain;4
130;149;152;1;land;false;plains;4
131;143;105;1;land;false;mountain;4
132;180;162;1;land;false;plains;4
133;59;189;1;land;false;plains;4
134;120;243;1;land;false;plains;4
135;50;181;1;land;false;plains;4
136;55;197;1;land;false;plains;4
137;125;244;1;land;false;hills;4
138;128;236;1;land;false;plains;4
139;116;216;1;land;false;plains;4
140;87;237;1;land;false;plains;4
141;113;208;1;land;false;forest;4
142;127;185;1;land;false;plains;4
143;53;194;1;land;false;plains;4
144;96;213;1;land;false;forest;4
145;119;173;1;land;false;plains;4
146;124;243;1;land;false;forest;4
147;71;240;1;land;false;plains;4
148;57;236;1;land;false;plains;4
149;63;170;1;land;false;plains;4
150;58;218;1;land;false;plains;4
151;128;238;1;land;false;plains;4
152;126;215;1;land;false;plains;4
153;58;222;1;land;false;forest;4
154;57;207;1;land;false;hills;4
155;103;232;1;land;false;plains;4
156;92;72;1;land;false;forest;4
157;114;125;1;land;true;forest;4
158;130;122;1;land;false;jungle;4
159;107;80;1;land;false;hills;4
160;98;124;1;land;false;jungle;4
161;109;89;1;land;false;hills;4
162;90;95;1;land;false;mountain;4
163;122;109;1;land;false;hills;4
164;140;111;1;land;false;mountain;4
165;140;61;1;land;false;hills;4
166;93;101;1;land;false;hills;4
167;118;119;1;land;false;hills;4
168;80;114;1;land;true;jungle;4
169;112;61;1;land;true;forest;4
170;100;112;1;land;false;hills;4
171;138;79;1;land;false;jungle;4
172;82;137;1;land;false;hills;4
173;150;122;1;land;false;forest;4
174;152;129;1;land;false;jungle;4
175;116;74;1;land;false;hills;4
176;96;101;1;land;false;jungle;4
177;99;71;1;land;false;hills;4
178;131;126;1;land;false;hills;4
179;133;71;1;land;false;jungle;4
180;152;119;1;land;false;forest;4
181;145;116;1;land;true;forest;4
182;111;110;1;land;false;hills;4
183;125;96;1;land;false;jungle;4
184;121;118;1;land;false;hills;4
185;103;112;1;land;true;forest;4
186;94;74;1;land;false;hills;4
187;127;62;1;land;false;hills;4
188;111;112;1;land;false;hills;4
189;88;139;1;land;false;jungle;4
190;99;128;1;land;true;forest;4
191;146;92;1;land;false;forest;4
192;80;119;1;land;false;hills;4
193;151;114;1;land;false;mountain;4
194;111;107;1;land;false;hills;4
195;114;86;1;land;false;hills;4
196;113;93;1;land;true;forest;4
197;154;131;1;land;false;jungle;4
198;156;74;1;land;false;hills;4
199;140;78;1;land;false;jungle;4
200;138;160;1;land;false;plains;4
201;145;219;1;land;false;plains;4
202;111;210;1;land;false;plains;4
203;163;161;1;land;false;plains;4
204;130;217;1;land;false;plains;4
205;161;165;1;land;false;plains;4
206;156;168;1;land;false;plains;4
207;174;192;1;land;false;plains;4
208;151;169;1;land;false;plains;4
209;140;204;1;land;false;plains;4
210;157;185;1;land;false;plains;4
211;152;217;1;land;false;plains;4
212;131;173;1;land;false;plains;4
213;113;212;1;land;false;urban;4
214;170;230;1;land;false;plains;4
215;129;167;1;land;false;plains;4
216;115;166;1;land;false;plains;4
217;149;212;1;land;false;plains;4
218;176;196;1;land;false;plains;4
219;161;185;1;land;false;plains;4
220;129;184;1;land;false;plains;4
221;158;197;1;land;false;plains;4
222;186;22;1;land;true;forest;4
223;178;31;1;land;true;plains;4
224;185;63;1;land;true;plains;4
225;174;72;1;land;true;plains;4
226;200;59;1;land;false;forest;4
227;237;11;1;land;true;plains;4
228;27;33;1;land;false;hills;4
229;4;24;1;land;false;mountain;4
230;12;53;1;land;false;plains;4
231;6;36;1;land;false;mountain;4
232;11;37;1;land;false;forest;4
233;43;33;1;land;false;plains;4
234;22;9;1;land;false;plains;4
235;21;7;1;land;false;hills;4
236;19;43;1;land;false;mountain;4
237;49;19;1;land;false;mountain;4
238;2;26;1;land;false;plains;4
239;33;8;1;land;false;hills;4
240;35;17;1;land;false;plains;4
241;26;46;1;land;false;forest;4
242;9;30;1;land;false;mountain;4
243;7;44;1;land;false;hills;4
244;14;43;1;land;false;hills;4
245;29;11;1;land;false;plains;4
246;25;13;1;land;false;mountain;4
247;39;38;1;land;false;hills;4
248;28;28;1;land;false;plains;4
249;37;18;1;land;false;mountain;4
250;15;46;1;land;false;forest;4
251;25;38;1;land;false;hills;4
252;26;44;1;land;false;mountain;4
253;18;24;1;land;false;mountain;4
254;43;32;1;land;false;hills;4
255;222;75;1;land;false;hills;4
256;174;99;1;land;false;forest;4
257;153;42;1;land;false;plains;4
258;201;89;1;land;false;hills;4
259;206;107;1;land;false;plains;4
260;227;61;1;land;false;plains;4
261;205;96;1;land;false;forest;4
262;209;96;1;land;false;hills;4
263;225;90;1;land;false;forest;4
264;158;98;1;land;false;forest;4
265;213;82;1;land;false;plains;4
266;8;42;1;land;false;hills;4
267;39;72;1;land;false;plains;4
268;26;69;1;land;false;plains;4
269;28;104;1;land;false;mountain;4
270;42;91;1;land;false;hills;4
271;19;86;1;land;false;plains;4
272;17;37;1;land;false;plains;4
273;51;75;1;land;false;mountain;4
274;1;63;1;land;false;plains;4
275;39;65;1;land;false;plains;4
276;52;103;1;land;false;plains;4
277;35;101;1;land;false;hills;4
278;6;96;1;land;false;mountain;4
279;6;107;1;land;false;plains;4
280;14;107;1;land;false;hills;4
281;62;58;1;land;false;hills;4
282;1;73;1;land;false;hills;4
283;72;40;1;land;false;plains;4
284;44;81;1;land;false;plains;4
285;31;90;1;land;false;hills;4
286;41;73;1;land;false;plains;4
287;42;39;1;land;false;hills;4
288;64;77;1;land;false;plains;4
289;20;104;1;land;false;plains;4
290;69;80;1;land;false;hills;4
291;43;103;1;land;false;plains;4
292;13;42;1;land;false;mountain;4
293;70;102;1;land;false;mountain;4
294;14;100;1;land;false;plains;4
295;21;51;1;land;false;hills;4
296;73;114;1;land;false;hills;4
297;8;101;1;land;false;plains;4
298;55;50;1;land;false;plains;4
299;60;77;1;land;false;hills;4
300;61;66;1;land;false;hills;4
301;28;63;1;land;false;plains;4
302;26;106;1;land;false;plains;4
303;11;64;1;land;false;hills;4
304;6;66;1;land;false;plains;4
305;109;23;1;land;false;mountain;4
306;97;12;1;land;false;mountain;4
307;76;13;1;land;false;hills;4
308;89;57;1;land;false;hills;4
309;113;11;1;land;false;mountain;4
310;77;44;1;land;false;plains;4
311;89;74;1;land;false;plains;4
312;82;7;1;land;false;hills;4
313;75;78;1;land;false;mountain;4
314;112;28;1;land;false;mountain;4
315;120;29;1;land;false;mountain;4
316;135;26;1;land;false;forest;4
317;104;29;1;land;false;mountain;4
318;138;36;1;land;false;mountain;4
319;117;83;1;land;false;hills;4
320;102;72;1;land;false;mountain;4
321;139;46;1;land;false;hills;4
322;120;74;1;land;false;plains;4
323;198;213;1;land;false;forest;4
324;162;220;1;land;false;forest;4
325;236;208;1;land;false;forest;4
326;212;239;1;land;false;plains;4
327;224;238;1;land;false;forest;4
328;202;240;1;land;false;forest;4
329;209;230;1;land;false;forest;4
330;166;239;1;land;false;forest;4
331;181;227;1;land;false;forest;4
332;219;220;1;land;false;forest;4
333;183;245;1;land;false;forest;4
334;176;206;1;land;false;forest;4
335;210;234;1;land;false;forest;4
336;192;213;1;land;false;forest;4
337;209;254;1;land;false;forest;4
338;175;240;1;land;false;forest;4
339;103;115;1;land;false;hills;4
340;120;160;1;land;false;forest;4
341;121;137;1;land;false;forest;4
342;95;116;1;land;false;plains;4
343;155;107;1;land;false;forest;4
344;125;162;1;land;false;forest;4
345;158;149;1;land;false;forest;4
346;144;113;1;land;false;hills;4
347;109;160;1;land;false;forest;4
348;136;118;1;land;false;forest;4
349;156;111;1;land;false;plains;4
350;123;106;1;land;false;forest;4
351;106;97;1;land;false;forest;4
352;87;168;1;land;false;plains;4
353;161;129;1;land;false;plains;4
354;143;142;1;land;false;forest;4
355;86;106;1;land;false;forest;4
356;160;103;1;land;false;forest;4
357;136;138;1;land;false;plains;4
358;124;112;1;land;false;forest;4
359;126;126;1;land;false;forest;4
360;66;221;1;land;false;forest;4
361;79;231;1;land;false;plains;4
362;45;182;1;land;false;forest;4
363;63;236;1;land;false;urban;4
364;104;217;1;land;false;plains;4
365;49;203;1;land;false;plains;4
366;44;231;1;land;false;plains;4
367;31;228;1;land;false;plains;4
368;77;196;1;land;false;plains;4
369;65;207;1;land;false;forest;4
370;95;219;1;land;false;plains;4
371;35;215;1;land;false;plains;4
372;87;182;1;land;false;plains;4
373;103;227;1;land;false;forest;4
374;78;187;1;land;false;plains;4
375;97;180;1;land;false;plains;4
376;49;179;1;land;false;plains;4
377;72;172;1;land;false;plains;4
378;155;254;1;land;false;plains;4
379;173;209;1;land;false;forest;4
380;181;226;1;land;false;plains;4
381;196;227;1;land;false;plains;4
382;214;242;1;land;false;urban;4
383;169;206;1;land;false;plains;4
384;167;252;1;land;false;forest;4
385;191;223;1;land;false;forest;4
386;203;214;1;land;false;forest;4
387;232;243;1;land;false;forest;4
388;173;210;1;land;false;plains;4
389;217;221;1;land;false;plains;4
390;173;218;1;land;false;plains;4
391;196;245;1;land;false;forest;4
392;115;208;1;land;true;forest;4
393;123;189;1;land;true;forest;4
394;100;172;1;land;true;forest;4
395;159;202;1;land;false;forest;4
396;101;204;1;land;false;forest;4
397;149;190;1;land;false;forest;4
398;137;222;1;land;true;plains;4
399;122;184;1;land;false;forest;4
400;205;230;1;land;false;hills;4
401;222;248;1;land;false;hills;4
402;254;220;1;land;false;plains;4
403;245;247;1;land;false;mountain;4
404;203;220;1;land;false;plains;4
405;228;252;1;land;false;hills;4
406;218;217;1;land;false;hills;4
407;223;224;1;land;false;hills;4
408;219;233;1;land;false;plains;4
409;250;246;1;land;false;mountain;4
410;205;237;1;land;false;plains;4
411;241;223;1;land;false;plains;4
412;222;217;1;land;false;hills;4
413;214;235;1;land;false;plains;4
414;251;234;1;land;false;plains;4
415;237;222;1;land;false;hills;4
416;204;218;1;land;false;hills;4
417;218;223;1;land;false;mountain;4
418;229;247;1;land;false;mountain;4
419;224;222;1;land;false;hills;4
420;216;231;1;land;false;plains;4
421;246;233;1;land;false;plains;4
422;250;237;1;land;false;hills;4
423;247;223;1;land;false;plains;4
424;207;249;1;land;false;plains;4
425;238;218;1;land;false;mountain;4
426;239;231;1;land;false;plains;4
427;204;246;1;land;false;hills;4
428;253;224;1;land;false;hills;4
429;228;235;1;land;false;hills;4
430;217;236;1;land;false;plains;4
431;241;246;1;land;false;hills;4
432;209;234;1;land;false;hills;4
433;231;221;1;land;false;mountain;4
434;235;231;1;land;false;hills;4
435;160;196;1;land;false;urban;4
436;159;231;1;land;false;forest;4
437;159;240;1;land;false;plains;4
438;190;222;1;land;false;plains;4
439;173;201;1;land;false;forest;4
440;138;224;1;land;false;plains;4
441;159;254;1;land;false;plains;4
442;197;230;1;land;false;forest;4
443;176;195;1;land;false;forest;4
444;186;238;1;land;false;forest;4
445;177;199;1;land;false;plains;4
446;153;199;1;land;false;plains;4
447;181;250;1;land;false;forest;4
448;138;233;1;land;false;forest;4
449;11;219;1;land;true;forest;4
450;20;233;1;land;false;plains;4
451;161;85;1;land;false;plains;4
452;191;98;1;land;true;plains;4
453;160;36;1;land;false;urban;4
454;196;97;1;land;true;plains;4
455;219;98;1;land;true;plains;4
456;159;49;1;land;false;plains;4
457;171;78;1;land;false;plains;4
458;169;28;1;land;false;plains;4
459;149;36;1;land;false;plains;4
460;162;74;1;land;true;plains;4
461;150;30;1;land;true;plains;4
462;155;66;1;land;false;plains;4
463;207;90;1;land;true;plains;4
464;182;27;1;land;true;plains;4
465;226;81;1;land;true;plains;4
466;209;103;1;land;false;plains;4
467;221;95;1;land;false;plains;4
468;185;52;1;land;false;plains;4
469;27;41;1;land;false;forest;4
470;10;68;1;land;false;forest;4
471;73;90;1;land;false;forest;4
472;68;56;1;land;false;forest;4
473;74;35;1;land;false;forest;4
474;2;55;1;land;false;plains;4
475;14;66;1;land;false;forest;4
476;50;103;1;land;false;forest;4
477;42;54;1;land;false;urban;4
478;18;93;1;land;false;forest;4
479;88;113;1;land;false;plains;4
480;43;121;1;land;false;hills;4
481;58;98;1;land;false;plains;4
482;114;110;1;land;false;mountain;4
483;107;67;1;land;false;hills;4
484;80;117;1;land;false;mountain;4
485;104;44;1;land;false;mountain;4
486;102;44;1;land;false;forest;4
487;75;102;1;land;false;hills;4
488;91;87;1;land;false;hills;4
489;51;76;1;land;false;plains;4
490;103;108;1;land;false;forest;4
491;63;100;1;land;false;plains;4
492;68;106;1;land;false;hills;4
493;47;83;1;land;false;mountain;4
494;69;88;1;land;false;plains;4
495;85;69;1;land;false;mountain;4
496;177;72;1;land;false;forest;4
497;128;33;1;land;false;forest;4
498;151;71;1;land;false;plains;4
499;112;19;1;land;false;plains;4
500;141;91;1;land;false;plains;4
501;138;33;1;land;false;plains;4
502;140;50;1;land;false;plains;4
503;164;26;1;land;false;plains;4
504;142;27;1;land;false;plains;4
505;165;25;1;land;false;plains;4
506;174;18;1;land;false;hills;4
507;141;54;1;land;false;plains;4
508;119;18;1;land;false;plains;4
509;120;91;1;land;false;forest;4
510;190;65;1;land;false;plains;4
511;188;66;1;land;false;plains;4
512;177;60;1;land;false;plains;4
513;161;17;1;land;false;plains;4
514;116;52;1;land;false;forest;4
515;1;26;1;land;false;mountain;4
516;8;73;1;land;true;plains;4
517;5;73;1;land;false;hills;4
518;0;67;1;land;false;mountain;4
519;8;38;1;land;false;mountain;4
520;6;84;1;land;false;plains;4
521;38;57;1;land;false;mountain;4
522;34;60;1;land;false;hills;4
523;34;59;1;land;false;mountain;4
524;31;31;1;land;false;mountain;4
525;11;94;1;land;false;mountain;4
526;2;27;1;land;true;forest;4
527;2;89;1;land;false;mountain;4
528;9;70;1;land;true;plains;4
529;6;91;1;land;false;hills;4
530;23;62;1;land;true;plains;4
531;33;81;1;land;false;mountain;4
532;18;40;1;land;false;mountain;4
533;7;60;1;land;false;plains;4
534;8;45;1;land;false;mountain;4
535;25;62;1;land;false;forest;4
536;40;71;1;land;true;plains;4
537;38;28;1;land;false;hills;4
538;30;25;1;land;false;plains;4
539;37;96;1;land;true;forest;4
540;23;73;1;land;false;mountain;4
541;10;52;1;land;false;plains;4
542;2;92;1;land;false;mountain;4
543;9;52;1;land;false;hills;4
544;12;23;1;land;true;plains;4
545;29;94;1;land;false;mountain;4
546;18;51;1;land;false;mountain;4
547;27;195;1;land;false;plains;4
548;81;218;1;land;false;plains;4
549;46;207;1;land;false;plains;4
550;35;166;1;land;false;plains;4
551;68;201;1;land;false;plains;4
552;76;154;1;land;false;plains;4
553;91;153;1;land;false;plains;4
554;94;186;1;land;false;plains;4
555;79;163;1;land;false;plains;4
556;23;180;1;land;false;forest;4
557;69;220;1;land;false;plains;4
558;70;203;1;land;false;plains;4
559;51;214;1;land;false;plains;4
560;36;226;1;land;false;plains;4
561;37;218;1;land;false;forest;4
562;75;215;1;land;false;plains;4
563;96;191;1;land;false;forest;4
564;43;184;1;land;false;plains;4
565;65;194;1;land;false;mountain;4
566;90;197;1;land;false;plains;4
567;64;190;1;land;false;plains;4
568;31;153;1;land;false;plains;4
569;47;211;1;land;false;plains;4
570;79;162;1;land;false;plains;4
571;72;218;1;land;false;plains;4
572;71;209;1;land;false;plains;4
573;61;178;1;land;false;plains;4
574;26;169;1;land;false;plains;4
575;39;229;1;land;false;plains;4
576;230;130;1;land;false;forest;4
577;215;191;1;land;false;forest;4
578;215;161;1;land;false;forest;4
579;233;160;1;land;false;forest;4
580;225;128;1;land;false;urban;4
581;202;167;1;land;false;forest;4
582;221;143;1;land;false;forest;4
583;248;165;1;land;false;forest;4
584;199;179;1;land;false;forest;4
585;226;180;1;land;false;forest;4
586;201;168;1;land;false;forest;4
587;245;145;1;land;false;forest;4
588;203;177;1;land;false;forest;4
589;92;207;1;land;false;plains;4
590;121;203;1;land;false;plains;4
591;104;200;1;land;false;forest;4
592;94;175;1;land;false;plains;4
593;75;142;1;land;false;plains;4
594;98;150;1;land;false;plains;4
595;102;200;1;land;false;plains;4
596;97;143;1;land;false;plains;4
597;107;169;1;land;false;plains;4
598;180;156;1;land;false;forest;4
599;174;130;1;land;false;forest;4
600;166;102;1;land;false;forest;4
601;149;143;1;land;false;hills;4
602;144;116;1;land;false;forest;4
603;182;163;1;land;false;forest;4
604;147;113;1;land;false;hills;4
605;177;168;1;land;false;hills;4
606;164;106;1;land;false;forest;4
607;124;127;1;land;false;forest;4
608;141;118;1;land;false;forest;4
609;189;167;1;land;false;forest;4
610;177;170;1;land;false;hills;4
611;170;129;1;land;false;forest;4
612;159;172;1;land;false;forest;4
613;180;173;1;land;false;hills;4
614;129;146;1;land;false;forest;4
615;165;108;1;land;false;forest;4
616;119;169;1;land;false;hills;4
617;137;141;1;land;false;forest;4
618;128;17;1;land;false;plains;4
619;139;56;1;land;false;plains;4
620;145;0;1;land;false;plains;4
621;163;43;1;land;false;plains;4
622;179;29;1;land;false;plains;4
623;184;54;1;land;false;plains;4
624;145;15;1;land;false;plains;4
625;235;83;1;land;false;plains;4
626;205;53;1;land;false;plains;4
627;228;23;1;land;false;plains;4
628;249;14;1;land;false;plains;4
629;219;22;1;land;false;plains;4
630;236;44;1;land;false;plains;4
631;220;80;1;land;false;plains;4
632;228;11;1;land;false;plains;4
633;248;66;1;land;false;plains;4
634;231;252;1;land;false;plains;4
635;249;237;1;land;false;plains;4
636;245;221;1;land;false;forest;4
637;216;217;1;land;false;urban;4
638;216;236;1;land;false;plains;4
639;207;213;1;land;false;plains;4
640;240;238;1;land;false;forest;4
641;237;240;1;land;false;plains;4
642;213;239;1;land;false;plains;4
643;237;227;1;land;false;plains;4
644;185;214;1;land;false;plains;4
645;222;211;1;land;false;plains;4
646;58;217;1;land;false;plains;4
647;36;225;1;land;false;plains;4
648;4;224;1;land;false;forest;4
649;47;250;1;land;false;forest;4
650;30;238;1;land;false;plains;4
651;13;222;1;land;false;plains;4
652;57;248;1;land;false;plains;4
653;2;221;1;land;false;forest;4
654;57;203;1;land;false;plains;4
655;21;224;1;land;false;plains;4
656;55;199;1;land;false;plains;4
657;211;45;1;land;true;plains;4
658;250;103;1;land;true;plains;4
659;237;54;1;land;false;plains;4
660;216;45;1;land;true;plains;4
661;234;85;1;land;false;plains;4
662;98;155;1;land;false;jungle;4
663;117;93;1;land;false;jungle;4
664;101;114;1;land;false;forest;4
665;149;90;1;land;false;jungle;4
666;113;123;1;land;false;jungle;4
667;140;94;1;land;false;jungle;4
668;167;140;1;land;false;jungle;4
669;159;121;1;land;false;jungle;4
670;88;104;1;land;false;jungle;4
671;117;143;1;land;false;jungle;4
672;89;158;1;land;false;forest;4
673;153;93;1;land;false;jungle;4
674;98;139;1;land;false;jungle;4
675;106;138;1;land;false;forest;4
676;153;145;1;land;false;jungle;4
677;164;125;1;land;false;jungle;4
678;161;142;1;land;false;jungle;4
679;122;115;1;land;false;hills;4
680;91;121;1;land;false;hills;4
681;100;126;1;land;false;jungle;4
682;91;122;1;land;false;jungle;4
683;144;117;1;land;false;jungle;4
684;125;83;1;land;false;hills;4
685;150;98;1;land;false;jungle;4
686;142;85;1;land;false;jungle;4
687;160;135;1;land;false;hills;4
688;144;122;1;land;false;jungle;4
689;142;119;1;land;false;jungle;4
690;148;151;1;land;false;jungle;4
691;114;94;1;land;false;forest;4
692;119;135;1;land;false;jungle;4
693;121;101;1;land;false;jungle;4
694;106;107;1;land;false;jungle;4
695;141;109;1;land;false;jungle;4
696;132;124;1;land;false;jungle;4
697;132;105;1;land;false;jungle;4
698;144;107;1;land;false;jungle;4
699;140;157;1;land;false;jungle;4
700;112;121;1;land;false;jungle;4
701;159;112;1;land;false;forest;4
702;129;153;1;land;false;jungle;4
703;160;140;1;land;false;hills;4
704;137;158;1;land;false;jungle;4
705;142;123;1;land;false;forest;4
706;113;155;1;land;false;jungle;4
707;112;108;1;land;false;jungle;4
708;98;101;1;land;false;hills;4
709;111;133;1;land;false;jungle;4
710;132;79;1;land;false;jungle;4
711;131;93;1;land;false;forest;4
712;129;133;1;land;false;forest;4
713;153;129;1;land;false;jungle;4
714;121;158;1;land;false;jungle;4
715;211;220;1;land;false;forest;4
716;166;217;1;land;false;plains;4
717;169;244;1;land;false;forest;4
718;200;254;1;land;false;plains;4
719;203;247;1;land;false;hills;4
720;164;246;1;land;false;forest;4
721;155;225;1;land;false;forest;4
722;97;46;1;land;false;plains;4
723;145;57;1;land;false;plains;4
724;145;105;1;land;false;plains;4
725;122;60;1;land;false;plains;4
726;90;113;1;land;false;plains;4
727;116;109;1;land;false;plains;4
728;95;109;1;land;false;plains;4
729;115;80;1;land;true;plains;4
730;128;67;1;land;false;plains;4
731;84;54;1;land;false;plains;4
732;87;70;1;land;false;plains;4
733;89;61;1;land;false;plains;4
734;87;32;1;land;false;mountain;4
735;151;22;1;land;false;hills;4
736;107;53;1;land;false;hills;4
737;147;0;1;land;false;mountain;4
738;147;20;1;land;false;plains;4
739;144;36;1;land;false;mountain;4
740;131;44;1;land;false;plains;4
741;140;8;1;land;false;hills;4
742;117;53;1;land;false;plains;4
743;143;47;1;land;false;hills;4
744;155;59;1;land;false;plains;4
745;101;11;1;land;false;mountain;4
746;161;36;1;land;false;mountain;4
747;83;70;1;land;false;hills;4
748;155;51;1;land;false;hills;4
749;116;66;1;land;false;plains;4
750;114;55;1;land;false;hills;4
751;154;63;1;land;false;hills;4
752;106;57;1;land;false;hills;4
753;85;24;1;land;false;plains;4
754;87;47;1;land;false;hills;4
755;90;3;1;land;false;plains;4
756;90;48;1;land;false;plains;4
757;133;68;1;land;false;forest;4
758;112;63;1;land;false;hills;4
759;124;43;1;land;false;hills;4
760;121;4;1;land;false;mountain;4
761;134;24;1;land;false;hills;4
762;118;47;1;land;false;hills;4
763;39;152;1;land;false;forest;4
764;44;123;1;land;false;forest;4
765;46;94;1;land;false;forest;4
766;36;155;1;land;false;hills;4
767;25;95;1;land;false;hills;4
768;25;98;1;land;true;plains;4
769;72;163;1;land;false;forest;4
770;41;128;1;land;false;hills;4
771;28;163;1;land;false;forest;4
772;80;120;1;land;false;forest;4
773;62;101;1;land;false;forest;4
774;21;119;1;land;false;forest;4
775;36;90;1;land;true;plains;4
776;21;148;1;land;false;forest;4
777;13;130;1;land;false;hills;4
778;229;148;1;land;false;hills;4
779;234;163;1;land;false;forest;4
780;208;182;1;land;false;forest;4
781;239;226;1;land;false;forest;4
782;253;176;1;land;false;forest;4
783;221;159;1;land;false;forest;4
784;236;167;1;land;false;forest;4
785;238;194;1;land;false;forest;4
786;221;151;1;land;false;forest;4
787;230;214;1;land;false;forest;4
788;232;178;1;land;false;forest;4
789;247;170;1;land;false;forest;4
790;214;226;1;land;false;plains;4
791;229;223;1;land;false;forest;4
792;231;162;1;land;false;forest;4
793;231;218;1;land;false;forest;4
794;47;87;1;land;false;forest;4
795;62;109;1;land;false;forest;4
796;86;71;1;land;false;forest;4
797;120;103;1;land;true;forest;4
798;64;161;1;land;false;plains;4
799;109;230;1;land;false;plains;4
800;126;195;1;land;false;plains;4
801;107;228;1;land;true;plains;4
802;129;178;1;land;true;forest;4
803;130;175;1;land;true;forest;4
804;97;190;1;land;true;forest;4
805;102;185;1;land;false;plains;4
806;81;180;1;land;false;plains;4
807;127;155;1;land;false;plains;4
808;72;160;1;land;false;plains;4
809;54;181;1;land;false;plains;4
810;83;165;1;land;true;plains;4
811;62;206;1;land;false;forest;4
812;78;192;1;land;false;plains;4
813;122;175;1;land;false;plains;4
814;69;187;1;land;false;plains;4
815;119;192;1;land;false;plains;4
816;118;218;1;land;false;plains;4
817;118;191;1;land;true;forest;4
818;133;199;1;land;false;plains;4
819;155;172;1;land;false;plains;4
820;126;185;1;land;false;plains;4
821;178;159;1;land;false;plains;4
822;195;198;1;land;false;plains;4
823;123;182;1;land;false;plains;4
824;186;181;1;land;false;plains;4
825;176;141;1;land;false;forest;4
826;191;139;1;land;false;plains;4
827;84;42;1;land;false;plains;4
828;73;4;1;land;false;plains;4
829;108;30;1;land;false;forest;4
830;93;34;1;land;false;forest;4
831;89;31;1;land;false;plains;4
832;45;12;1;land;false;plains;4
833;65;45;1;land;false;forest;4
834;34;44;1;land;false;plains;4
835;79;30;1;land;false;plains;4
836;81;10;1;land;false;plains;4
837;54;27;1;land;false;plains;4
838;36;49;1;land;false;forest;4
839;109;8;1;land;false;plains;4
840;66;53;1;land;false;forest;4
841;71;53;1;land;false;plains;4
842;46;42;1;land;false;plains;4
843;68;20;1;land;false;hills;4
844;76;5;1;land;false;forest;4
845;39;29;1;land;false;plains;4
846;60;38;1;land;false;forest;4
847;30;45;1;land;false;forest;4
848;68;29;1;land;false;mountain;4
849;60;29;1;land;false;plains;4
850;35;52;1;land;false;forest;4
851;92;36;1;land;false;plains;4
852;37;16;1;land;false;forest;4
853;101;16;1;land;false;forest;4
854;34;52;1;land;false;forest;4
855;89;13;1;land;false;forest;4
856;61;6;1;land;false;forest;4
857;82;18;1;land;false;forest;4
858;88;46;1;land;false;plains;4
859;236;63;1;land;false;forest;4
860;233;45;1;land;false;forest;4
861;220;110;1;land;false;forest;4
862;238;84;1;land;false;plains;4
863;247;88;1;land;false;forest;4
864;212;78;1;land;false;forest;4
865;250;61;1;land;false;forest;4
866;246;81;1;land;false;forest;4
867;238;102;1;land;false;forest;4
868;220;39;1;land;false;forest;4
869;252;93;1;land;false;forest;4
870;69;176;1;land;false;mountain;4
871;27;160;1;land;false;mountain;4
872;63;202;1;land;false;hills;4
873;70;146;1;land;false;mountain;4
874;38;205;1;land;false;mountain;4
875;31;205;1;land;false;mountain;4
876;45;160;1;land;false;mountain;4
877;58;196;1;land;false;mountain;4
878;188;175;1;land;false;plains;4
879;182;218;1;land;false;plains;4
880;152;168;1;land;false;plains;4
881;192;161;1;land;false;plains;4
882;166;153;1;land;false;plains;4
883;180;203;1;land;false;plains;4
884;181;164;1;land;false;plains;4
885;151;166;1;land;false;forest;4
886;177;205;1;land;false;plains;4
887;133;167;1;land;false;plains;4
888;181;150;1;land;false;hills;4
889;176;205;1;land;false;plains;4
890;135;154;1;land;false;plains;4
891;182;203;1;land;false;urban;4
892;147;154;1;land;false;plains;4
893;125;187;1;land;false;hills;4
894;171;196;1;land;false;plains;4
895;189;221;1;land;false;plains;4
896;152;158;1;land;false;plains;4
897;186;176;1;land;false;forest;4
898;208;129;1;land;false;forest;4
899;200;158;1;land;false;forest;4
900;251;144;1;land;false;plains;4
901;212;173;1;land;false;forest;4
902;208;124;1;land;false;forest;4
903;252;154;1;land;false;forest;4
904;224;177;1;land;false;forest;4
905;222;142;1;land;false;forest;4
906;211;147;1;land;false;plains;4
907;212;151;1;land;false;forest;4
908;227;165;1;land;false;forest;4
909;232;192;1;land;false;forest;4
910;248;168;1;land;false;forest;4
911;223;193;1;land;false;plains;4
912;224;134;1;land;false;urban;4
913;230;124;1;land;false;forest;4
914;214;138;1;land;false;forest;4
915;207;144;1;land;false;forest;4
916;248;143;1;land;false;forest;4
917;238;124;1;land;false;forest;4
918;243;182;1;land;false;forest;4
919;214;176;1;land;false;forest;4
920;192;145;1;land;false;forest;4
921;226;134;1;land;false;forest;4
922;216;176;1;land;false;forest;4
923;142;243;1;land;false;forest;4
924;210;244;1;land;false;plains;4
925;175;219;1;land;false;plains;4
926;201;243;1;land;false;forest;4
927;189;232;1;land;false;plains;4
928;206;230;1;land;false;plains;4
929;167;216;1;land;false;forest;4
930;202;218;1;land;false;plains;4
931;213;221;1;land;false;plains;4
932;200;220;1;land;false;forest;4
933;172;241;1;land;false;plains;4
934;155;232;1;land;false;plains;4
935;186;225;1;land;false;plains;4
936;193;247;1;land;false;forest;4
937;166;229;1;land;false;plains;4
938;209;232;1;land;false;plains;4
939;74;75;1;land;false;forest;4
940;59;93;1;land;true;plains;4
941;69;95;1;land;false;urban;4
942;114;129;1;land;false;mountain;4
943;50;96;1;land;false;forest;4
944;128;123;1;land;false;plains;4
945;93;78;1;land;false;hills;4
946;120;136;1;land;false;mountain;4
947;86;128;1;land;false;mountain;4
948;110;81;1;land;true;plains;4
949;79;121;1;land;false;plains;4
950;85;104;1;land;true;forest;4
951;122;74;1;land;true;urban;4
952;71;90;1;land;true;plains;4
953;99;116;1;land;false;mountain;4
954;73;110;1;land;false;plains;4
955;88;101;1;land;false;plains;4
956;79;112;1;land;false;plains;4
957;54;102;1;land;false;plains;4
958;69;93;1;land;false;hills;4
959;91;129;1;land;false;mountain;4
960;123;98;1;land;false;forest;4
961;53;122;1;land;false;hills;4
962;123;102;1;land;false;mountain;4
963;86;92;1;land;true;forest;4
964;99;82;1;land;false;plains;4
965;51;124;1;land;false;forest;4
966;52;93;1;land;false;plains;4
967;98;87;1;land;false;urban;4
968;117;116;1;land;true;plains;4
969;101;95;1;land;false;mountain;4
970;124;87;1;land;false;hills;4
971;87;139;1;land;false;plains;4
972;74;108;1;land;false;plains;4
973;85;141;1;land;false;plains;4
974;112;125;1;land;false;forest;4
975;126;104;1;land;true;plains;4
976;68;110;1;land;true;forest;4
977;64;121;1;land;true;plains;4
978;91;83;1;land;false;mountain;4
979;91;109;1;land;true;plains;4
980;72;136;1;land;false;hills;4
981;69;132;1;land;false;forest;4
982;98;97;1;land;false;forest;4
983;96;215;1;land;true;plains;4
984;124;188;1;land;false;plains;4
985;129;228;1;land;true;plains;4
986;124;234;1;land;false;plains;4
987;87;207;1;land;true;plains;4
988;129;253;1;land;true;plains;4
989;77;186;1;land;false;plains;4
990;64;244;1;land;true;plains;4
991;115;237;1;land;true;plains;4
992;123;237;1;land;true;plains;4
993;73;244;1;land;false;plains;4
994;219;224;1;land;false;plains;4
995;214;196;1;land;false;plains;4
996;223;218;1;land;false;plains;4
997;178;228;1;land;false;plains;4
998;181;236;1;land;false;plains;4
999;206;213;1;land;false;plains;4
1000;190;219;1;land;false;plains;4
1001;193;230;1;land;false;plains;4
1002;234;205;1;land;false;plains;4
1003;146;104;1;land;false;plains;4
1004;139;120;1;land;false;plains;4
1005;134;101;1;land;false;plains;4
1006;98;83;1;land;false;plains;4
1007;113;111;1;land;false;plains;4
1008;93;85;1;land;false;plains;4
1009;131;47;1;land;false;plains;4
1010;121;93;1;land;false;plains;4
1011;151;54;1;land;false;hills;4
1012;113;49;1;land;false;plains;4
1013;149;92;1;land;false;plains;4
1014;85;102;1;land;false;plains;4
1015;200;209;1;land;false;forest;4
1016;237;249;1;land;false;mountain;4
1017;237;248;1;land;false;mountain;4
1018;233;229;1;land;false;forest;4
1019;207;218;1;land;false;mountain;4
1020;214;249;1;land;false;mountain;4
1021;183;200;1;land;false;hills;4
1022;208;208;1;land;false;hills;4
1023;240;254;1;land;false;mountain;4
1024;206;219;1;land;false;mountain;4
1025;171;219;1;land;false;hills;4
1026;239;239;1;land;false;hills;4
1027;21;202;1;land;false;mountain;4
1028;65;230;1;land;false;mountain;4
1029;74;229;1;land;false;plains;4
1030;36;239;1;land;false;mountain;4
1031;19;197;1;land;false;plains;4
1032;78;217;1;land;false;mountain;4
1033;79;240;1;land;false;plains;4
1034;35;226;1;land;false;mountain;4
1035;43;225;1;land;false;plains;4
1036;89;246;1;land;false;mountain;4
1037;55;236;1;land;false;hills;4
1038;69;223;1;land;false;plains;4
1039;29;205;1;land;false;plains;4
1040;103;77;1;land;false;forest;4
1041;93;112;1;land;false;mountain;4
1042;107;108;1;land;false;hills;4
1043;100;125;1;land;false;plains;4
1044;96;132;1;land;false;hills;4
1045;49;54;1;land;false;hills;4
1046;97;129;1;land;false;hills;4
1047;48;69;1;land;false;mountain;4
1048;35;120;1;land;false;plains;4
1049;57;112;1;land;false;hills;4
1050;145;228;1;land;false;plains;4
1051;123;238;1;land;false;urban;4
1052;98;234;1;land;false;hills;4
1053;152;170;1;land;false;plains;4
1054;143;231;1;land;false;hills;4
1055;91;175;1;land;false;plains;4
1056;113;237;1;land;false;plains;4
1057;163;163;1;land;false;plains;4
1058;165;202;1;land;false;plains;4
1059;150;197;1;land;false;plains;4
1060;140;184;1;land;false;mountain;4
1061;91;217;1;land;false;plains;4
1062;100;181;1;land;false;plains;4
1063;104;231;1;land;false;hills;4
1064;154;221;1;land;false;plains;4
1065;133;229;1;land;false;hills;4
1066;89;173;1;land;false;plains;4
1067;144;209;1;land;false;plains;4
1068;95;187;1;land;false;hills;4
1069;135;195;1;land;false;plains;4
1070;163;217;1;land;false;plains;4
1071;107;231;1;land;false;plains;4
1072;122;198;1;land;false;plains;4
1073;145;227;1;land;false;plains;4
1074;136;167;1;land;false;plains;4
1075;108;225;1;land;false;plains;4
1076;131;198;1;land;false;plains;4
1077;140;212;1;land;false;plains;4
1078;102;238;1;land;false;plains;4
1079;15;237;1;land;false;plains;4
1080;43;181;1;land;false;plains;4
1081;28;182;1;land;false;plains;4
1082;18;177;1;land;false;plains;4
1083;45;234;1;land;false;plains;4
1084;40;230;1;land;false;plains;4
1085;4;182;1;land;false;plains;4
1086;71;181;1;land;false;hills;4
1087;44;238;1;land;false;plains;4
1088;188;145;1;land;false;plains;4
1089;210;184;1;land;false;plains;4
1090;192;138;1;land;false;plains;4
1091;194;168;1;land;true;plains;4
1092;214;172;1;land;true;forest;4
1093;195;192;1;land;true;forest;4
1094;231;205;1;land;false;forest;4
1095;234;147;1;land;false;plains;4
1096;219;180;1;land;true;plains;4
1097;185;185;1;land;false;plains;4
1098;237;199;1;land;false;plains;4
1099;179;182;1;land;false;plains;4
1100;244;140;1;land;true;forest;4
1101;206;141;1;land;true;plains;4
1102;243;170;1;land;false;plains;4
1103;46;88;1;land;false;forest;4
1104;36;88;1;land;false;forest;4
1105;10;88;1;land;false;forest;4
1106;10;81;1;land;false;plains;4
1107;78;48;1;land;false;plains;4
1108;67;169;1;land;true;forest;4
1109;54;193;1;land;false;forest;4
1110;97;174;1;land;true;forest;4
1111;40;169;1;land;false;forest;4
1112;79;154;1;land;false;plains;4
1113;88;207;1;land;false;forest;4
1114;50;182;1;land;false;forest;4
1115;21;174;1;land;false;forest;4
1116;43;210;1;land;true;forest;4
1117;70;157;1;land;false;forest;4
1118;90;204;1;land;false;urban;4
1119;47;208;1;land;false;urban;4
1120;38;209;1;land;true;forest;4
1121;79;143;1;land;false;plains;4
1122;39;94;1;land;false;forest;4
1123;109;135;1;land;false;forest;4
1124;81;96;1;land;false;plains;4
1125;65;151;1;land;false;forest;4
1126;53;140;1;land;false;plains;4
1127;80;153;1;land;false;forest;4
1128;104;88;1;land;false;forest;4
1129;103;114;1;land;false;plains;4
1130;96;125;1;land;false;forest;4
1131;216;40;1;land;false;forest;4
1132;236;12;1;land;false;forest;4
1133;240;18;1;land;false;forest;4
1134;249;11;1;land;false;plains;4
1135;232;26;1;land;false;forest;4
1136;245;26;1;land;false;plains;4
1137;196;9;1;land;false;forest;4
1138;218;43;1;land;false;forest;4
1139;210;7;1;land;false;forest;4
1140;206;5;1;land;false;plains;4
1141;227;1;1;land;false;forest;4
1142;73;98;1;land;false;forest;4
1143;77;107;1;land;false;forest;4
1144;74;71;1;land;false;forest;4
1145;65;106;1;land;false;plains;4
1146;58;118;1;land;false;plains;4
1147;75;115;1;land;false;hills;4
1148;88;98;1;land;false;plains;4
1149;60;100;1;land;false;forest;4
1150;44;116;1;land;false;plains;4
1151;90;91;1;land;false;plains;4
1152;15;109;1;land;false;forest;4
1153;196;215;1;land;false;hills;4
1154;144;204;1;land;false;forest;4
1155;133;180;1;land;false;forest;4
1156;140;193;1;land;false;forest;4
1157;181;209;1;land;false;mountain;4
1158;172;219;1;land;false;hills;4
1159;192;224;1;land;false;mountain;4
1160;204;180;1;land;false;urban;4
1161;195;206;1;land;false;hills;4
1162;209;250;1;land;false;forest;4
1163;142;192;1;land;false;hills;4
1164;180;220;1;land;false;forest;4
1165;186;217;1;land;false;plains;4
1166;193;251;1;land;false;forest;4
1167;201;195;1;land;false;forest;4
1168;228;245;1;land;true;forest;4
1169;237;211;1;land;true;forest;4
1170;188;182;1;land;false;forest;4
1171;235;213;1;land;true;forest;4
1172;184;249;1;land;false;urban;4
1173;217;222;1;land;true;forest;4
1174;52;156;1;land;false;forest;4
1175;43;219;1;land;false;plains;4
1176;34;204;1;land;false;plains;4
1177;24;156;1;land;false;plains;4
1178;13;155;1;land;false;forest;4
1179;26;173;1;land;false;plains;4
1180;27;183;1;land;false;plains;4
1181;197;54;1;land;false;hills;4
1182;170;51;1;land;false;jungle;4
1183;181;67;1;land;false;jungle;4
1184;148;11;1;land;false;jungle;4
1185;154;10;1;land;true;plains;4
1186;167;55;1;land;false;hills;4
1187;174;19;1;land;true;jungle;4
1188;197;85;1;land;false;jungle;4
1189;164;55;1;land;false;forest;4
1190;214;20;1;land;true;jungle;4
1191;213;46;1;land;true;forest;4
1192;145;55;1;land;false;plains;4
1193;141;83;1;land;false;hills;4
1194;213;84;1;land;false;hills;4
1195;200;38;1;land;true;jungle;4
1196;145;63;1;land;true;plains;4
1197;202;10;1;land;false;hills;4
1198;161;26;1;land;false;hills;4
1199;136;24;1;land;true;plains;4
1200;178;85;1;land;false;forest;4
1201;139;43;1;land;false;jungle;4
1202;167;74;1;land;false;jungle;4
1203;198;60;1;land;true;jungle;4
1204;165;37;1;land;false;jungle;4
1205;151;14;1;land;true;jungle;4
1206;136;18;1;land;true;jungle;4
1207;188;29;1;land;false;hills;4
1208;143;19;1;land;true;jungle;4
1209;152;49;1;land;true;jungle;4
1210;172;85;1;land;false;forest;4
1211;162;28;1;land;false;jungle;4
1212;193;50;1;land;false;jungle;4
1213;136;31;1;land;true;jungle;4
1214;158;15;1;land;false;jungle;4
1215;162;32;1;land;false;jungle;4
1216;190;64;1;land;false;jungle;4
1217;175;27;1;land;false;jungle;4
1218;197;82;1;land;true;jungle;4
1219;157;7;1;land;false;forest;4
1220;146;14;1;land;true;jungle;4
1221;199;7;1;land;false;jungle;4
1222;143;22;1;land;false;jungle;4
1223;209;42;1;land;false;forest;4
1224;153;15;1;land;true;plains;4
1225;136;46;1;land;false;jungle;4
1226;195;65;1;land;true;jungle;4
1227;159;70;1;land;true;jungle;4
1228;162;24;1;land;false;forest;4
1229;184;30;1;land;false;hills;4
1230;190;81;1;land;false;jungle;4
1231;215;73;1;land;true;jungle;4
1232;194;42;1;land;true;jungle;4
1233;188;80;1;land;false;jungle;4
1234;147;50;1;land;true;forest;4
1235;191;71;1;land;false;plains;4
1236;168;26;1;land;false;jungle;4
1237;149;60;1;land;true;jungle;4
1238;165;80;1;land;false;forest;4
1239;215;85;1;land;false;jungle;4
1240;196;64;1;land;false;hills;4
1241;195;16;1;land;false;forest;4
1242;152;58;1;land;true;jungle;4
1243;169;39;1;land;false;jungle;4
1244;12;42;1;land;false;hills;4
1245;46;41;1;land;false;mountain;4
1246;11;48;1;land;false;hills;4
1247;7;97;1;land;false;forest;4
1248;47;65;1;land;false;hills;4
1249;39;50;1;land;false;hills;4
1250;46;77;1;land;false;hills;4
1251;46;91;1;land;false;forest;4
1252;22;35;1;land;false;hills;4
1253;31;112;1;land;false;plains;4
1254;30;81;1;land;false;hills;4
1255;29;53;1;land;false;forest;4
1256;29;113;1;land;false;forest;4
1257;45;79;1;land;false;mountain;4
1258;48;79;1;land;false;plains;4
1259;42;34;1;land;false;hills;4
1260;10;47;1;land;false;forest;4
1261;10;113;1;land;false;urban;4
1262;202;193;1;land;false;hills;4
1263;198;157;1;land;false;forest;4
1264;147;174;1;land;false;forest;4
1265;203;163;1;land;false;forest;4
1266;177;186;1;land;false;hills;4
1267;192;178;1;land;false;hills;4
1268;189;174;1;land;false;hills;4
1269;176;84;1;land;false;plains;4
1270;151;8;1;land;false;plains;4
1271;206;28;1;land;false;plains;4
1272;218;24;1;land;false;plains;4
1273;188;63;1;land;false;plains;4
1274;226;60;1;land;false;plains;4
1275;168;36;1;land;false;plains;4
1276;200;83;1;land;false;plains;4
1277;177;63;1;land;false;plains;4
1278;203;55;1;land;false;plains;4
1279;208;41;1;land;false;plains;4
1280;177;8;1;land;false;plains;4
1281;206;84;1;land;false;plains;4
1282;190;43;1;land;false;plains;4
1283;173;63;1;land;false;plains;4
1284;163;42;1;land;false;plains;4
1285;169;69;1;land;false;plains;4
1286;230;79;1;land;false;plains;4
1287;136;14;1;land;false;forest;4
1288;126;5;1;land;false;forest;4
1289;200;152;1;land;false;plains;4
1290;219;150;1;land;false;forest;4
1291;156;130;1;land;false;forest;4
1292;222;177;1;land;false;plains;4
1293;231;107;1;land;false;plains;4
1294;206;128;1;land;false;forest;4
1295;194;162;1;land;false;plains;4
1296;21;248;1;land;false;plains;4
1297;47;243;1;land;false;plains;4
1298;1;213;1;land;false;plains;4
1299;18;223;1;land;false;plains;4
1300;42;218;1;land;false;plains;4
1301;44;228;1;land;false;forest;4
1302;10;225;1;land;false;plains;4
1303;117;241;1;land;false;forest;4
1304;95;253;1;land;false;plains;4
1305;95;240;1;land;false;plains;4
1306;108;248;1;land;false;plains;4
1307;111;212;1;land;false;plains;4
1308;93;224;1;land;false;plains;4
1309;76;232;1;land;false;plains;4
1310;101;243;1;land;false;plains;4
1311;104;230;1;land;false;forest;4
1312;79;230;1;land;false;plains;4
1313;112;214;1;land;false;forest;4
1314;115;242;1;land;false;forest;4
1315;105;229;1;land;false;forest;4
1316;96;234;1;land;false;plains;4
1317;140;238;1;land;false;forest;4
1318;133;222;1;land;false;forest;4
1319;141;230;1;land;false;plains;4
1320;152;214;1;land;false;plains;4
1321;132;223;1;land;false;plains;4
1322;78;234;1;land;false;plains;4
1323;148;217;1;land;false;forest;4
1324;117;247;1;land;false;plains;4
1325;37;222;1;land;false;plains;4
1326;32;205;1;land;false;plains;4
1327;68;241;1;land;false;forest;4
1328;2;233;1;land;false;plains;4
1329;39;223;1;land;false;plains;4
1330;64;207;1;land;false;forest;4
1331;64;233;1;land;false;plains;4
1332;56;227;1;land;false;plains;4
1333;19;192;1;land;false;forest;4
1334;6;212;1;land;false;forest;4
1335;19;193;1;land;false;plains;4
1336;231;222;1;land;false;plains;4
1337;245;171;1;land;false;hills;4
1338;233;169;1;land;false;hills;4
1339;177;182;1;land;false;forest;4
1340;188;202;1;land;false;forest;4
1341;179;199;1;land;false;hills;4
1342;174;203;1;land;false;plains;4
1343;208;235;1;land;false;forest;4
1344;227;174;1;land;false;forest;4
1345;228;194;1;land;false;forest;4
1346;243;173;1;land;false;hills;4
1347;238;215;1;land;false;forest;4
1348;176;164;1;land;false;forest;4
1349;209;186;1;land;false;forest;4
1350;171;203;1;land;false;hills;4
1351;193;179;1;land;false;mountain;4
1352;222;224;1;land;false;forest;4
1353;177;175;1;land;false;forest;4
1354;205;205;1;land;false;plains;4
1355;198;178;1;land;false;forest;4
1356;242;235;1;land;false;forest;4
1357;202;215;1;land;false;hills;4
1358;201;188;1;land;false;forest;4
1359;241;227;1;land;false;hills;4
1360;230;192;1;land;false;forest;4
1361;214;227;1;land;false;hills;4
1362;228;205;1;land;false;forest;4
1363;183;61;1;land;false;forest;4
1364;177;71;1;land;false;plains;4
1365;237;45;1;land;false;plains;4
1366;224;94;1;land;false;plains;4
1367;249;93;1;land;false;forest;4
1368;176;99;1;land;false;forest;4
1369;252;68;1;land;false;forest;4
1370;206;72;1;land;false;forest;4
1371;199;106;1;land;false;plains;4
1372;218;102;1;land;false;plains;4
1373;231;100;1;land;false;plains;4
1374;241;82;1;land;false;forest;4
1375;112;193;1;land;false;plains;4
1376;182;245;1;land;false;mountain;4
1377;133;254;1;land;false;plains;4
1378;163;201;1;land;false;mountain;4
1379;171;234;1;land;false;hills;4
1380;158;196;1;land;false;mountain;4
1381;173;197;1;land;false;mountain;4
1382;157;254;1;land;false;mountain;4
1383;112;251;1;land;false;hills;4
1384;199;222;1;land;false;plains;4
1385;214;203;1;land;false;plains;4
1386;177;212;1;land;false;urban;4
1387;210;223;1;land;false;plains;4
1388;61;35;1;land;false;forest;4
1389;112;38;1;land;false;forest;4
1390;204;119;1;land;false;hills;4
1391;204;185;1;land;false;hills;4
1392;205;185;1;land;false;hills;4
1393;242;118;1;land;false;mountain;4
1394;210;140;1;land;false;forest;4
1395;239;175;1;land;false;mountain;4
1396;251;160;1;land;false;hills;4
1397;237;178;1;land;false;mountain;4
1398;234;120;1;land;false;hills;4
1399;248;119;1;land;false;mountain;4
1400;229;170;1;land;false;hills;4
1401;219;170;1;land;false;hills;4
1402;223;107;1;land;false;forest;4
1403;208;123;1;land;false;hills;4
1404;70;251;1;land;false;hills;4
1405;65;249;1;land;false;plains;4
1406;70;216;1;land;false;forest;4
1407;52;224;1;land;false;plains;4
1408;27;241;1;land;false;forest;4
1409;74;236;1;land;false;forest;4
1410;79;224;1;land;false;forest;4
1411;85;216;1;land;false;plains;4
1412;85;222;1;land;false;plains;4
1413;76;224;1;land;false;plains;4
1414;76;248;1;land;false;forest;4
1415;55;229;1;land;false;plains;4
1416;44;253;1;land;false;hills;4
1417;63;246;1;land;false;forest;4
1418;71;221;1;land;false;forest;4
1419;61;217;1;land;false;plains;4
1420;19;254;1;land;false;plains;4
1421;86;246;1;land;false;plains;4
1422;77;242;1;land;false;forest;4
1423;50;237;1;land;false;forest;4
1424;232;155;1;land;false;forest;4
1425;251;176;1;land;false;plains;4
1426;238;158;1;land;false;forest;4
1427;204;181;1;land;false;forest;4
1428;205;167;1;land;false;forest;4
1429;252;129;1;land;false;urban;4
1430;93;121;1;land;false;plains;4
1431;75;91;1;land;true;plains;4
1432;83;91;1;land;false;plains;4
1433;152;137;1;land;true;forest;4
1434;147;104;1;land;true;plains;4
1435;98;118;1;land;true;forest;4
1436;109;129;1;land;true;forest;4
1437;89;92;1;land;false;plains;4
1438;135;137;1;land;true;forest;4
1439;117;153;1;land;false;plains;4
1440;103;104;1;land;true;forest;4
1441;77;89;1;land;true;plains;4
1442;32;18;1;land;false;hills;4
1443;28;14;1;land;false;hills;4
1444;43;42;1;land;false;forest;4
1445;5;27;1;land;false;forest;4
1446;15;23;1;land;false;mountain;4
1447;20;27;1;land;false;forest;4
1448;13;43;1;land;false;mountain;4
1449;46;14;1;land;false;mountain;4
1450;13;25;1;land;false;mountain;4
1451;154;249;1;land;false;forest;4
1452;217;213;1;land;false;forest;4
1453;172;194;1;land;false;forest;4
1454;152;246;1;land;false;forest;4
1455;155;219;1;land;false;plains;4
1456;222;244;1;land;false;plains;4
1457;180;190;1;land;false;forest;4
1458;192;215;1;land;false;plains;4
1459;159;244;1;land;false;urban;4
1460;210;204;1;land;false;plains;4
1461;207;237;1;land;false;forest;4
1462;221;208;1;land;false;plains;4
1463;224;230;1;land;false;forest;4
1464;208;186;1;land;false;urban;4
1465;196;248;1;land;false;forest;4
1466;215;253;1;land;false;plains;4
1467;181;246;1;land;false;plains;4
1468;182;234;1;land;false;forest;4
1469;193;184;1;land;false;forest;4
1470;147;227;1;land;false;plains;4
1471;200;181;1;land;false;plains;4
1472;212;193;1;land;false;plains;4
1473;156;242;1;land;false;plains;4
1474;99;85;1;land;false;forest;4
1475;138;97;1;land;false;urban;4
1476;90;114;1;land;false;forest;4
1477;106;84;1;land;false;plains;4
1478;96;74;1;land;false;forest;4
1479;80;130;1;land;false;plains;4
1480;82;83;1;land;false;forest;4
1481;103;95;1;land;false;forest;4
1482;110;134;1;land;false;plains;4
1483;102;71;1;land;true;plains;4
1484;57;192;1;land;false;forest;4
1485;51;236;1;land;false;plains;4
1486;86;221;1;land;false;forest;4
1487;90;177;1;land;false;forest;4
1488;111;192;1;land;false;forest;4
1489;50;216;1;land;false;forest;4
1490;114;179;1;land;false;forest;4
1491;126;229;1;land;false;hills;4
1492;60;189;1;land;false;forest;4
1493;101;235;1;land;false;forest;4
1494;48;180;1;land;false;forest;4
1495;99;235;1;land;false;forest;4
1496;57;235;1;land;false;forest;4
1497;67;228;1;land;false;forest;4
1498;62;200;1;land;false;forest;4
1499;102;215;1;land;false;forest;4
1500;79;205;1;land;false;forest;4
1501;106;223;1;land;false;forest;4
1502;109;178;1;land;false;forest;4
1503;41;103;1;land;false;forest;4
1504;76;74;1;land;false;forest;4
1505;75;100;1;land;false;forest;4
1506;101;77;1;land;false;forest;4
1507;45;90;1;land;false;plains;4
1508;50;62;1;land;false;forest;4
1509;41;107;1;land;false;forest;4
1510;47;67;1;land;false;forest;4
1511;72;105;1;land;false;plains;4
1512;62;51;1;land;false;forest;4
1513;69;97;1;land;false;forest;4
1514;67;95;1;land;false;plains;4
1515;57;107;1;land;false;forest;4
1516;43;106;1;land;false;forest;4
1517;138;74;1;land;true;forest;4
1518;82;55;1;land;false;forest;4
1519;112;73;1;land;true;forest;4
1520;79;63;1;land;false;forest;4
1521;93;8;1;land;false;forest;4
1522;108;67;1;land;true;forest;4
1523;113;56;1;land;true;forest;4
1524;90;36;1;land;false;forest;4
1525;94;10;1;land;true;forest;4
1526;90;227;1;land;false;forest;4
1527;109;225;1;land;false;hills;4
1528;56;182;1;land;false;forest;4
1529;107;224;1;land;true;forest;4
1530;98;214;1;land;false;forest;4
1531;104;190;1;land;false;forest;4
1532;56;173;1;land;false;forest;4
1533;64;201;1;land;true;forest;4
1534;50;189;1;land;false;forest;4
1535;113;182;1;land;false;forest;4
1536;91;174;1;land;false;forest;4
1537;78;70;1;land;false;plains;4
1538;37;115;1;land;false;plains;4
1539;35;74;1;land;false;plains;4
1540;73;67;1;land;false;forest;4
1541;140;31;1;land;false;jungle;4
1542;115;1;1;land;false;jungle;4
1543;125;15;1;land;false;jungle;4
1544;88;52;1;land;true;jungle;4
1545;86;75;1;land;false;jungle;4
1546;87;17;1;land;false;jungle;4
1547;75;28;1;land;false;jungle;4
1548;125;10;1;land;false;jungle;4
1549;145;67;1;land;true;jungle;4
1550;76;22;1;land;false;jungle;4
1551;95;21;1;land;false;forest;4
1552;134;28;1;land;true;jungle;4
1553;114;1;1;land;false;jungle;4
1554;72;68;1;land;false;jungle;4
1555;73;22;1;land;false;jungle;4
1556;99;72;1;land;false;forest;4
1557;132;14;1;land;false;forest;4
1558;84;11;1;land;false;forest;4
1559;133;19;1;land;false;jungle;4
1560;73;58;1;land;false;forest;4
1561;70;40;1;land;false;jungle;4
1562;126;0;1;land;false;jungle;4
1563;143;1;1;land;false;jungle;4
1564;102;52;1;land;true;jungle;4
1565;133;44;1;land;false;forest;4
1566;107;5;1;land;false;jungle;4
1567;122;52;1;land;false;jungle;4
1568;70;41;1;land;false;jungle;4
1569;144;77;1;land;false;jungle;4
1570;115;62;1;land;true;jungle;4
1571;89;54;1;land;false;jungle;4
1572;72;20;1;land;false;jungle;4
1573;121;58;1;land;false;jungle;4
1574;105;74;1;land;false;jungle;4
1575;142;24;1;land;false;jungle;4
1576;145;28;1;land;true;jungle;4
1577;94;52;1;land;false;forest;4
1578;44;6;1;land;false;urban;4
1579;65;40;1;land;false;forest;4
1580;103;52;1;land;false;forest;4
1581;98;12;1;land;false;forest;4
1582;117;11;1;land;false;forest;4
1583;57;40;1;land;false;forest;4
1584;74;31;1;land;false;forest;4
1585;75;44;1;land;false;forest;4
1586;61;53;1;land;false;forest;4
1587;55;33;1;land;false;forest;4
1588;103;26;1;land;false;forest;4
1589;110;16;1;land;false;forest;4
1590;233;218;1;land;true;plains;4
1591;174;254;1;land;true;forest;4
1592;219;228;1;land;true;plains;4
1593;182;205;1;land;true;plains;4
1594;243;233;1;land;false;plains;4
1595;234;203;1;land;true;plains;4
1596;196;246;1;land;false;plains;4
1597;95;110;1;land;false;forest;4
1598;86;149;1;land;false;plains;4
1599;115;153;1;land;false;plains;4
1600;64;94;1;land;false;forest;4
1601;133;142;1;land;true;plains;4
1602;142;115;1;land;false;forest;4
1603;64;152;1;land;false;plains;4
1604;71;89;1;land;true;plains;4
1605;119;109;1;land;false;plains;4
1606;105;110;1;land;false;plains;4
1607;64;102;1;land;false;plains;4
1608;69;105;1;land;false;plains;4
1609;109;108;1;land;false;plains;4
1610;36;194;1;land;false;forest;4
1611;4;230;1;land;false;plains;4
1612;4;218;1;land;false;plains;4
1613;23;248;1;land;false;forest;4
1614;14;198;1;land;false;forest;4
1615;247;71;1;land;false;forest;4
1616;212;66;1;land;false;plains;4
1617;245;75;1;land;false;forest;4
1618;233;80;1;land;false;forest;4
1619;235;56;1;land;false;urban;4
1620;233;82;1;land;false;forest;4
1621;197;76;1;land;false;forest;4
1622;209;84;1;land;false;plains;4
1623;251;80;1;land;false;forest;4
1624;220;46;1;land;false;plains;4
1625;218;48;1;land;false;forest;4
1626;163;133;1;land;false;forest;4
1627;159;136;1;land;false;plains;4
1628;184;169;1;land;true;urban;4
1629;127;167;1;land;false;plains;4
1630;185;160;1;land;false;forest;4
1631;167;134;1;land;true;plains;4
1632;172;170;1;land;false;forest;4
1633;17;229;1;land;true;plains;4
1634;46;221;1;land;true;plains;4
1635;33;253;1;land;false;plains;4
1636;45;195;1;land;false;plains;4
1637;45;221;1;land;false;plains;4
1638;21;232;1;land;false;plains;4
1639;4;250;1;land;false;plains;4
1640;33;221;1;land;true;plains;4
1641;37;248;1;land;true;plains;4
1642;35;221;1;land;false;plains;4
1643;37;205;1;land;false;plains;4
1644;83;72;1;land;true;plains;4
1645;62;115;1;land;true;plains;4
1646;60;91;1;land;false;forest;4
1647;51;101;1;land;false;forest;4
1648;50;51;1;land;false;plains;4
1649;84;48;1;land;false;forest;4
1650;35;99;1;land;true;plains;4
1651;105;93;1;land;false;forest;4
1652;111;67;1;land;false;plains;4
1653;107;59;1;land;false;plains;4
1654;74;88;1;land;false;plains;4
1655;98;104;1;land;true;plains;4
1656;100;49;1;land;false;plains;4
1657;35;78;1;land;false;plains;4
1658;100;108;1;land;false;plains;4
1659;104;79;1;land;false;plains;4
1660;89;55;1;land;false;forest;4
1661;43;96;1;land;false;plains;4
1662;25;104;1;land;false;plains;4
1663;55;15;1;land;false;forest;4
1664;70;3;1;land;false;forest;4
1665;76;2;1;land;false;plains;4
1666;81;42;1;land;false;hills;4
1667;75;53;1;land;false;forest;4
1668;34;48;1;land;false;forest;4
1669;58;37;1;land;false;forest;4
1670;52;30;1;land;false;forest;4
1671;71;24;1;land;false;forest;4
1672;31;32;1;land;false;forest;4
1673;87;55;1;land;false;plains;4
1674;103;15;1;land;false;urban;4
1675;79;29;1;land;false;plains;4
1676;106;56;1;land;false;plains;4
1677;35;37;1;land;false;hills;4
1678;87;145;1;land;true;urban;4
1679;103;137;1;land;true;forest;4
1680;84;143;1;land;false;plains;4
1681;95;139;1;land;false;forest;4
1682;124;73;1;land;false;forest;4
1683;81;145;1;land;true;plains;4
1684;28;139;1;land;false;plains;4
1685;13;176;1;land;false;plains;4
1686;20;151;1;land;false;plains;4
1687;5;111;1;land;true;plains;4
1688;37;111;1;land;false;plains;4
1689;17;170;1;land;true;plains;4
1690;1;184;1;land;true;plains;4
1691;17;168;1;land;false;urban;4
1692;39;187;1;land;true;plains;4
1693;33;139;1;land;true;plains;4
1694;8;116;1;land;false;plains;4
1695;20;183;1;land;true;plains;4
1696;156;249;1;land;false;plains;4
1697;136;191;1;land;false;hills;4
1698;166;218;1;land;false;hills;4
1699;141;247;1;land;false;plains;4
1700;191;224;1;land;false;plains;4
1701;164;195;1;land;false;hills;4
1702;130;248;1;land;false;plains;4
1703;162;252;1;land;false;mountain;4
1704;149;210;1;land;false;forest;4
1705;170;233;1;land;false;hills;4
1706;194;234;1;land;false;plains;4
1707;159;224;1;land;false;mountain;4
1708;140;254;1;land;false;plains;4
1709;173;182;1;land;false;mountain;4
1710;136;232;1;land;false;hills;4
1711;161;182;1;land;false;mountain;4
1712;195;232;1;land;false;plains;4
1713;193;218;1;land;false;mountain;4
1714;190;197;1;land;false;hills;4
1715;164;220;1;land;false;hills;4
1716;165;248;1;land;false;plains;4
1717;126;205;1;land;false;plains;4
1718;186;231;1;land;false;mountain;4
1719;191;218;1;land;false;plains;4
1720;193;212;1;land;false;forest;4
1721;181;216;1;land;false;forest;4
1722;133;248;1;land;false;plains;4
1723;118;211;1;land;false;hills;4
1724;167;219;1;land;false;plains;4
1725;141;197;1;land;false;hills;4
1726;150;235;1;land;false;mountain;4
1727;156;204;1;land;false;plains;4
1728;170;219;1;land;false;plains;4
1729;170;246;1;land;false;mountain;4
1730;168;254;1;land;false;mountain;4
1731;146;218;1;land;false;hills;4
1732;126;180;1;land;false;plains;4
1733;137;245;1;land;false;hills;4
1734;134;224;1;land;false;plains;4
1735;133;210;1;land;false;plains;4
1736;154;239;1;land;false;hills;4
1737;144;230;1;land;false;plains;4
1738;132;232;1;land;false;plains;4
1739;29;101;1;land;false;forest;4
1740;32;76;1;land;false;plains;4
1741;31;134;1;land;false;forest;4
1742;63;108;1;land;false;plains;4
1743;71;97;1;land;false;plains;4
1744;68;88;1;land;false;plains;4
1745;59;66;1;land;false;forest;4
1746;45;101;1;land;false;forest;4
1747;26;92;1;land;false;forest;4
1748;95;54;1;land;false;forest;4
1749;103;22;1;land;true;forest;4
1750;79;33;1;land;true;forest;4
1751;108;46;1;land;false;urban;4
1752;118;21;1;land;true;forest;4
1753;44;32;1;land;false;plains;4
1754;27;45;1;land;false;plains;4
1755;47;21;1;land;false;forest;4
1756;70;24;1;land;false;jungle;4
1757;54;26;1;land;false;forest;4
1758;65;16;1;land;false;forest;4
1759;9;44;1;land;false;forest;4
1760;14;23;1;land;false;plains;4
1761;48;9;1;land;false;forest;4
1762;36;42;1;land;false;plains;4
1763;19;33;1;land;false;hills;4
1764;45;23;1;land;false;jungle;4
1765;20;11;1;land;false;forest;4
1766;32;7;1;land;false;urban;4
1767;46;7;1;land;false;plains;4
1768;25;35;1;land;false;plains;4
1769;8;8;1;land;false;jungle;4
1770;54;43;1;land;false;forest;4
1771;59;45;1;land;false;plains;4
1772;13;40;1;land;false;forest;4
1773;30;12;1;land;false;plains;4
1774;134;91;1;land;false;plains;4
1775;174;104;1;land;false;plains;4
1776;105;108;1;land;false;plains;4
1777;127;101;1;land;false;plains;4
1778;158;131;1;land;false;plains;4
1779;164;137;1;land;false;plains;4
1780;108;114;1;land;false;plains;4
1781;163;102;1;land;false;plains;4
1782;143;98;1;land;false;plains;4
1783;79;207;1;land;false;plains;4
1784;90;216;1;land;false;plains;4
1785;105;181;1;land;false;plains;4
1786;45;179;1;land;false;plains;4
1787;61;186;1;land;false;plains;4
1788;43;215;1;land;false;plains;4
1789;35;198;1;land;false;plains;4
1790;51;217;1;land;false;plains;4
1791;83;189;1;land;false;plains;4
1792;36;184;1;land;false;plains;4
1793;33;190;1;land;false;plains;4
1794;192;139;1;land;false;mountain;4
1795;242;166;1;land;false;plains;4
1796;182;152;1;land;false;plains;4
1797;178;126;1;land;false;mountain;4
1798;233;150;1;land;false;plains;4
1799;206;112;1;land;false;hills;4
1800;187;116;1;land;false;plains;4
1801;210;111;1;land;false;mountain;4
1802;200;145;1;land;false;plains;4
1803;232;126;1;land;false;forest;4
1804;247;180;1;land;false;forest;4
1805;219;122;1;land;false;forest;4
1806;214;158;1;land;false;forest;4
1807;211;108;1;land;false;forest;4
1808;235;153;1;land;false;forest;4
1809;217;144;1;land;false;forest;4
1810;201;169;1;land;false;plains;4
1811;188;137;1;land;false;plains;4
1812;186;106;1;land;false;forest;4
1813;144;133;1;land;false;forest;4
1814;136;129;1;land;false;forest;4
1815;192;95;1;land;false;forest;4
1816;164;134;1;land;false;plains;4
1817;183;174;1;land;false;plains;4
1818;188;132;1;land;false;forest;4
1819;136;96;1;land;false;forest;4
1820;193;137;1;land;false;plains;4
1821;184;150;1;land;false;forest;4
1822;130;115;1;land;false;forest;4
1823;132;142;1;land;false;forest;4
1824;172;128;1;land;false;urban;4
1825;124;105;1;land;false;plains;4
1826;170;118;1;land;false;forest;4
1827;162;139;1;land;false;urban;4
1828;158;115;1;land;false;plains;4
1829;126;110;1;land;false;forest;4
1830;129;109;1;land;false;plains;4
1831;169;230;1;land;false;forest;4
1832;171;231;1;land;false;mountain;4
1833;229;230;1;land;false;mountain;4
1834;234;243;1;land;false;hills;4
1835;238;249;1;land;false;hills;4
1836;232;223;1;land;false;mountain;4
1837;208;252;1;land;false;mountain;4
1838;212;232;1;land;false;mountain;4
1839;207;238;1;land;false;mountain;4
1840;230;213;1;land;false;mountain;4
1841;202;184;1;land;false;plains;4
1842;240;242;1;land;false;hills;4
1843;220;218;1;land;false;plains;4
1844;239;238;1;land;false;hills;4
1845;59;147;1;land;false;plains;4
1846;62;146;1;land;false;plains;4
1847;7;183;1;land;false;plains;4
1848;230;144;1;land;false;forest;4
1849;208;164;1;land;false;forest;4
1850;205;123;1;land;false;forest;4
1851;254;161;1;land;false;forest;4
1852;221;114;1;land;false;forest;4
1853;250;117;1;land;false;plains;4
1854;218;137;1;land;false;forest;4
1855;173;199;1;land;false;plains;4
1856;213;237;1;land;false;plains;4
1857;142;251;1;land;false;plains;4
1858;178;239;1;land;false;forest;4
1859;157;215;1;land;false;forest;4
1860;191;220;1;land;false;plains;4
1861;205;212;1;land;false;plains;4
1862;186;247;1;land;false;plains;4
1863;184;194;1;land;false;forest;4
1864;107;72;1;land;false;plains;4
1865;62;89;1;land;false;plains;4
1866;86;60;1;land;false;plains;4
1867;113;112;1;land;false;plains;4
1868;48;102;1;land;false;plains;4
1869;104;111;1;land;false;plains;4
1870;108;116;1;land;false;plains;4
1871;110;50;1;land;false;plains;4
1872;83;77;1;land;false;plains;4
1873;64;110;1;land;false;plains;4
1874;116;110;1;land;false;plains;4
1875;98;65;1;land;false;plains;4
1876;91;67;1;land;false;plains;4
1877;106;111;1;land;false;plains;4
1878;80;64;1;land;false;plains;4
1879;60;72;1;land;false;plains;4
1880;83;107;1;land;false;mountain;4
1881;54;83;1;land;false;forest;4
1882;71;59;1;land;false;plains;4
1883;8;75;1;land;false;mountain;4
1884;18;99;1;land;false;forest;4
1885;44;46;1;land;false;mountain;4
1886;26;87;1;land;false;forest;4
1887;22;84;1;land;false;plains;4
1888;82;109;1;land;false;forest;4
1889;45;66;1;land;false;forest;4
1890;35;90;1;land;false;mountain;4
1891;42;69;1;land;false;mountain;4
1892;49;34;1;land;true;plains;4
1893;46;55;1;land;false;plains;4
1894;58;74;1;land;true;forest;4
1895;19;84;1;land;false;hills;4
1896;114;54;1;land;false;plains;4
1897;172;51;1;land;true;plains;4
1898;124;0;1;land;false;plains;4
1899;143;3;1;land;false;plains;4
1900;122;30;1;land;true;plains;4
1901;164;27;1;land;true;plains;4
1902;141;31;1;land;false;plains;4
1903;178;22;1;land;false;plains;4
1904;144;23;1;land;false;plains;4
1905;128;26;1;land;false;plains;4
1906;68;140;1;land;false;plains;4
1907;36;121;1;land;false;plains;4
1908;23;76;1;land;false;plains;4
1909;59;135;1;land;false;plains;4
1910;2;123;1;land;false;plains;4
1911;59;123;1;land;false;plains;4
1912;1;74;1;land;false;plains;4
1913;4;117;1;land;true;plains;4
1914;18;86;1;land;true;plains;4
1915;67;118;1;land;true;plains;4
1916;17;106;1;land;false;plains;4
1917;43;125;1;land;false;plains;4
1918;54;114;1;land;true;plains;4
1919;57;148;1;land;true;plains;4
1920;67;125;1;land;false;plains;4
1921;3;86;1;land;false;urban;4
1922;11;101;1;land;true;plains;4
1923;66;130;1;land;true;plains;4
1924;68;125;1;land;false;forest;4
1925;81;102;1;land;false;plains;4
1926;101;93;1;land;false;plains;4
1927;40;143;1;land;true;jungle;4
1928;48;138;1;land;false;forest;4
1929;87;81;1;land;false;forest;4
1930;57;88;1;land;false;forest;4
1931;84;110;1;land;false;forest;4
1932;76;84;1;land;false;plains;4
1933;90;121;1;land;false;forest;4
1934;61;125;1;land;true;jungle;4
1935;99;102;1;land;true;plains;4
1936;81;108;1;land;true;jungle;4
1937;62;103;1;land;false;forest;4
1938;73;102;1;land;false;forest;4
1939;46;74;1;land;true;forest;4
1940;80;101;1;land;false;forest;4
1941;105;89;1;land;true;plains;4
1942;57;87;1;land;false;plains;4
1943;43;117;1;land;false;forest;4
1944;84;119;1;land;false;forest;4
1945;51;104;1;land;false;jungle;4
1946;39;105;1;land;false;forest;4
1947;49;74;1;land;false;plains;4
1948;186;100;1;land;false;plains;4
1949;231;35;1;land;false;forest;4
1950;222;73;1;land;false;plains;4
1951;213;90;1;land;false;forest;4
1952;182;238;1;land;false;plains;4
1953;183;212;1;land;false;plains;4
1954;126;204;1;land;false;plains;4
1955;172;227;1;land;false;plains;4
1956;108;198;1;land;false;plains;4
1957;145;232;1;land;false;plains;4
1958;169;234;1;land;false;plains;4
1959;140;210;1;land;false;plains;4
1960;156;225;1;land;false;plains;4
1961;106;242;1;land;false;plains;4
1962;166;240;1;land;false;plains;4
1963;179;235;1;land;false;plains;4
1964;159;216;1;land;false;plains;4
1965;124;246;1;land;false;plains;4
1966;177;211;1;land;false;plains;4
1967;121;214;1;land;false;plains;4
1968;31;44;1;land;false;forest;4
1969;32;15;1;land;false;forest;4
1970;2;46;1;land;false;forest;4
1971;21;34;1;land;false;urban;4
1972;33;34;1;land;false;plains;4
1973;12;56;1;land;false;forest;4
1974;26;49;1;land;false;plains;4
1975;0;20;1;land;false;forest;4
1976;37;32;1;land;false;forest;4
1977;34;10;1;land;false;forest;4
1978;22;7;1;land;false;forest;4
1979;19;50;1;land;false;forest;4
1980;13;51;1;land;false;forest;4
1981;28;24;1;land;false;forest;4
1982;149;121;1;land;true;forest;4
1983;192;124;1;land;true;plains;4
1984;135;151;1;land;false;plains;4
1985;151;107;1;land;false;plains;4
1986;134;116;1;land;true;plains;4
1987;180;107;1;land;true;plains;4
1988;148;110;1;land;false;forest;4
1989;132;150;1;land;false;plains;4
1990;178;106;1;land;true;forest;4
1991;160;97;1;land;false;forest;4
1992;158;111;1;land;false;forest;4
1993;160;131;1;land;false;mountain;4
1994;195;147;1;land;false;jungle;4
1995;150;127;1;land;false;hills;4
1996;173;75;1;land;false;forest;4
1997;160;77;1;land;false;forest;4
1998;129;79;1;land;false;jungle;4
1999;141;146;1;land;false;jungle;4
2000;165;101;1;land;false;mountain;4
2001;165;148;1;land;false;hills;4
2002;197;70;1;land;false;hills;4
2003;148;108;1;land;false;hills;4
2004;161;108;1;land;false;forest;4
2005;167;118;1;land;false;mountain;4
2006;190;72;1;land;false;plains;4
2007;201;109;1;land;false;hills;4
2008;173;79;1;land;false;mountain;4
2009;156;70;1;land;false;plains;4
2010;146;125;1;land;false;hills;4
2011;160;117;1;land;false;hills;4
2012;205;70;1;land;false;forest;4
2013;199;87;1;land;false;hills;4
2014;173;133;1;land;false;hills;4
2015;49;184;1;land;false;plains;4
2016;46;200;1;land;false;plains;4
2017;13;230;1;land;false;plains;4
2018;29;183;1;land;false;plains;4
2019;72;186;1;land;false;plains;4
2020;10;166;1;land;false;plains;4
2021;52;225;1;land;false;plains;4
2022;18;232;1;land;false;plains;4
2023;77;229;1;land;false;plains;4
2024;87;86;1;land;false;mountain;4
2025;85;107;1;land;false;plains;4
2026;91;120;1;land;false;hills;4
2027;112;115;1;land;false;hills;4
2028;76;127;1;land;false;hills;4
2029;136;108;1;land;false;mountain;4
2030;93;82;1;land;false;hills;4
2031;101;124;1;land;false;hills;4
2032;140;113;1;land;false;hills;4
2033;230;36;1;land;false;plains;4
2034;219;85;1;land;false;plains;4
2035;23;172;1;land;true;forest;4
2036;69;173;1;land;true;plains;4
2037;47;191;1;land;true;forest;4
2038;27;192;1;land;true;plains;4
2039;56;179;1;land;false;plains;4
2040;7;149;1;land;false;forest;4
2041;12;135;1;land;false;plains;4
2042;39;156;1;land;false;plains;4
2043;30;143;1;land;false;forest;4
2044;41;186;1;land;false;forest;4
2045;29;189;1;land;false;forest;4
2046;27;144;1;land;false;plains;4
2047;31;192;1;land;false;plains;4
2048;146;24;1;land;false;plains;4
2049;153;38;1;land;false;forest;4
2050;147;45;1;land;false;forest;4
2051;107;16;1;land;false;hills;4
2052;112;11;1;land;false;plains;4
2053;124;7;1;land;false;forest;4
2054;124;3;1;land;false;forest;4
2055;77;37;1;land;false;forest;4
2056;108;44;1;land;false;mountain;4
2057;167;240;1;land;false;plains;4
2058;165;209;1;land;false;plains;4
2059;136;242;1;land;false;plains;4
2060;181;210;1;land;false;plains;4
2061;134;234;1;land;false;plains;4
2062;25;126;1;land;false;plains;4
2063;4;157;1;land;false;plains;4
2064;13;164;1;land;false;hills;4
2065;27;120;1;land;false;mountain;4
2066;7;151;1;land;false;plains;4
2067;46;114;1;land;false;plains;4
2068;34;136;1;land;false;hills;4
2069;24;137;1;land;false;hills;4
2070;2;139;1;land;false;mountain;4
2071;13;145;1;land;false;mountain;4
2072;1;102;1;land;false;forest;4
2073;31;130;1;land;false;hills;4
2074;1;167;1;land;false;plains;4
2075;27;174;1;land;false;hills;4
2076;8;152;1;land;false;plains;4
2077;13;127;1;land;false;hills;4
2078;0;143;1;land;false;plains;4
2079;23;142;1;land;false;plains;4
2080;21;105;1;land;false;hills;4
2081;41;111;1;land;false;mountain;4
2082;12;173;1;land;false;mountain;4
2083;39;104;1;land;false;hills;4
2084;48;165;1;land;false;hills;4
2085;15;102;1;land;false;mountain;4
2086;26;114;1;land;false;plains;4
2087;91;60;1;land;false;forest;4
2088;62;76;1;land;false;plains;4
2089;50;95;1;land;false;plains;4
2090;88;99;1;land;false;plains;4
2091;47;95;1;land;false;plains;4
2092;156;240;1;land;false;plains;4
2093;234;249;1;land;false;forest;4
2094;163;253;1;land;false;forest;4
2095;217;193;1;land;false;plains;4
2096;168;221;1;land;false;forest;4
2097;173;214;1;land;false;forest;4
2098;217;246;1;land;false;hills;4
2099;80;193;1;land;false;forest;4
2100;81;234;1;land;false;forest;4
2101;119;200;1;land;false;forest;4
2102;75;203;1;land;false;forest;4
2103;78;252;1;land;false;plains;4
2104;96;252;1;land;false;forest;4
2105;148;234;1;land;false;plains;4
2106;94;247;1;land;false;plains;4
2107;140;243;1;land;false;plains;4
2108;88;219;1;land;false;forest;4
2109;113;242;1;land;false;forest;4
2110;140;220;1;land;false;forest;4
2111;117;251;1;land;false;plains;4
2112;114;241;1;land;false;plains;4
2113;110;228;1;land;false;forest;4
2114;131;239;1;land;false;forest;4
2115;71;248;1;land;false;plains;4
2116;55;207;1;land;false;forest;4
2117;24;158;1;land;false;plains;4
2118;12;214;1;land;false;forest;4
2119;47;147;1;land;false;plains;4
2120;57;154;1;land;false;forest;4
2121;27;187;1;land;false;forest;4
2122;15;172;1;land;false;forest;4
2123;5;156;1;land;false;forest;4
2124;66;138;1;land;false;plains;4
2125;22;174;1;land;false;forest;4
2126;58;173;1;land;false;plains;4
2127;49;156;1;land;false;plains;4
2128;162;157;1;land;false;forest;4
2129;147;132;1;land;false;plains;4
2130;148;150;1;land;false;plains;4
2131;170;146;1;land;false;plains;4
2132;147;99;1;land;false;forest;4
2133;133;114;1;land;false;hills;4
2134;163;120;1;land;false;forest;4
2135;139;99;1;land;false;hills;4
2136;161;92;1;land;false;hills;4
2137;173;164;1;land;false;hills;4
2138;169;151;1;land;false;mountain;4
2139;103;153;1;land;false;plains;4
2140;132;91;1;land;false;forest;4
2141;153;115;1;land;false;hills;4
2142;20;180;1;land;true;plains;4
2143;27;125;1;land;false;plains;4
2144;36;171;1;land;false;forest;4
2145;34;142;1;land;false;plains;4
2146;37;137;1;land;false;plains;4
2147;21;128;1;land;false;plains;4
2148;35;144;1;land;false;plains;4
2149;34;162;1;land;true;plains;4
2150;4;203;1;land;false;forest;4
2151;49;132;1;land;false;plains;4
2152;43;199;1;land;true;plains;4
2153;23;176;1;land;false;forest;4
2154;11;139;1;land;true;forest;4
2155;24;140;1;land;false;plains;4
2156;32;132;1;land;false;plains;4
2157;154;47;1;land;false;forest;4
2158;147;88;1;land;false;plains;4
2159;173;53;1;land;false;plains;4
2160;129;38;1;land;false;forest;4
2161;135;55;1;land;false;plains;4
2162;152;70;1;land;false;forest;4
2163;132;46;1;land;false;forest;4
2164;45;9;1;land;false;plains;4
2165;110;6;1;land;true;plains;4
2166;52;9;1;land;true;plains;4
2167;58;33;1;land;false;plains;4
2168;74;29;1;land;false;plains;4
2169;119;2;1;land;true;urban;4
2170;46;22;1;land;false;plains;4
2171;79;0;1;land;true;plains;4
2172;103;49;1;land;false;plains;4
2173;103;42;1;land;true;plains;4
2174;58;54;1;land;false;plains;4
2175;207;124;1;land;false;plains;4
2176;237;121;1;land;false;plains;4
2177;245;132;1;land;false;hills;4
2178;235;116;1;land;false;hills;4
2179;244;123;1;land;false;plains;4
2180;248;127;1;land;false;plains;4
2181;223;151;1;land;false;plains;4
2182;254;97;1;land;false;plains;4
2183;251;106;1;land;false;hills;4
2184;223;169;1;land;false;urban;4
2185;242;124;1;land;false;plains;4
2186;228;123;1;land;false;hills;4
2187;252;149;1;land;false;plains;4
2188;230;167;1;land;false;plains;4
2189;59;109;1;land;false;plains;4
2190;104;106;1;land;false;plains;4
2191;33;90;1;land;true;plains;4
2192;66;94;1;land;false;plains;4
2193;45;77;1;land;false;plains;4
2194;42;75;1;land;false;plains;4
2195;68;98;1;land;false;plains;4
2196;88;69;1;land;false;plains;4
2197;63;42;1;land;false;plains;4
2198;56;69;1;land;true;plains;4
2199;53;93;1;land;false;plains;4
2200;145;155;1;land;false;plains;4
2201;138;171;1;land;false;forest;4
2202;156;187;1;land;false;plains;4
2203;183;152;1;land;false;plains;4
2204;200;162;1;land;false;hills;4
2205;202;111;1;land;false;hills;4
2206;196;135;1;land;false;forest;4
2207;191;167;1;land;false;forest;4
2208;127;157;1;land;false;forest;4
2209;132;138;1;land;false;hills;4
2210;159;171;1;land;false;hills;4
2211;170;141;1;land;false;hills;4
2212;156;179;1;land;false;forest;4
2213;202;150;1;land;false;forest;4
2214;201;167;1;land;false;hills;4
2215;191;179;1;land;false;forest;4
2216;134;127;1;land;false;urban;4
2217;40;65;1;land;false;hills;4
2218;37;87;1;land;false;hills;4
2219;30;93;1;land;false;hills;4
2220;22;91;1;land;false;forest;4
2221;26;64;1;land;false;forest;4
2222;15;92;1;land;false;hills;4
2223;14;72;1;land;false;plains;4
2224;0;128;1;land;false;plains;4
2225;25;91;1;land;false;forest;4
2226;34;119;1;land;false;plains;4
2227;4;134;1;land;false;hills;4
2228;47;73;1;land;false;forest;4
2229;43;114;1;land;false;forest;4
2230;54;101;1;land;false;forest;4
2231;46;96;1;land;false;forest;4
2232;59;110;1;land;false;forest;4
2233;36;109;1;land;false;forest;4
2234;9;63;1;land;false;forest;4
2235;38;73;1;land;false;forest;4
2236;1;46;1;land;false;plains;4
2237;59;101;1;land;false;forest;4
2238;56;50;1;land;false;forest;4
2239;29;65;1;land;false;forest;4
2240;34;63;1;land;false;forest;4
2241;28;79;1;land;false;forest;4
2242;53;115;1;land;false;urban;4
2243;57;39;1;land;false;forest;4
2244;21;64;1;land;false;forest;4
2245;18;84;1;land;false;forest;4
2246;11;114;1;land;false;forest;4
2247;45;64;1;land;false;forest;4
2248;56;53;1;land;false;plains;4
2249;44;190;1;land;false;plains;4
2250;72;202;1;land;false;forest;4
2251;43;168;1;land;false;forest;4
2252;61;230;1;land;false;forest;4
2253;124;81;1;land;false;forest;4
2254;55;116;1;land;false;forest;4
2255;108;115;1;land;false;forest;4
2256;76;117;1;land;false;forest;4
2257;118;103;1;land;false;plains;4
2258;120;113;1;land;true;plains;4
2259;137;129;1;land;true;forest;4
2260;177;115;1;land;true;plains;4
2261;147;144;1;land;false;plains;4
2262;176;171;1;land;false;forest;4
2263;152;155;1;land;false;plains;4
2264;193;146;1;land;false;plains;4
2265;167;139;1;land;true;forest;4
2266;76;4;1;land;false;plains;4
2267;28;16;1;land;false;plains;4
2268;44;41;1;land;false;plains;4
2269;60;15;1;land;false;plains;4
2270;43;24;1;land;false;mountain;4
2271;41;41;1;land;false;plains;4
2272;42;37;1;land;false;plains;4
2273;89;8;1;land;false;plains;4
2274;37;35;1;land;false;plains;4
2275;28;27;1;land;false;hills;4
2276;34;2;1;land;false;plains;4
2277;22;5;1;land;false;plains;4
2278;88;4;1;land;false;plains;4
2279;26;8;1;land;false;hills;4
2280;61;8;1;land;false;hills;4
2281;99;18;1;land;false;plains;4
2282;44;20;1;land;false;plains;4
2283;33;13;1;land;false;hills;4
2284;83;26;1;land;false;plains;4
2285;33;11;1;land;false;plains;4
2286;88;39;1;land;false;plains;4
2287;78;6;1;land;false;plains;4
2288;28;122;1;land;false;plains;5
2289;52;109;1;land;false;plains;5
2290;61;144;1;land;false;plains;5
2291;33;174;1;land;false;plains;5
2292;68;176;1;land;false;forest;5
2293;32;168;1;land;false;plains;5
2294;22;111;1;land;false;plains;5
2295;48;124;1;land;false;plains;5
2296;21;147;1;land;false;forest;5
2297;34;113;1;land;false;forest;5
2298;28;125;1;land;false;plains;5
2299;18;131;1;land;false;plains;5
2300;28;135;1;land;false;forest;5
2301;27;176;1;land;false;plains;5
2302;76;120;1;land;false;plains;5
2303;31;176;1;land;false;plains;5
2304;169;221;1;land;false;plains;5
2305;139;236;1;land;true;plains;5
2306;208;222;1;land;false;plains;5
2307;179;251;1;land;false;forest;5
2308;175;206;1;land;false;plains;5
2309;138;208;1;land;false;forest;5
2310;176;250;1;land;false;forest;5
2311;168;229;1;land;true;plains;5
2312;150;220;1;land;true;plains;5
2313;182;223;1;land;false;forest;5
2314;144;244;1;land;false;forest;5
2315;171;207;1;land;true;forest;5
2316;148;239;1;land;false;forest;5
2317;184;245;1;land;false;forest;5
2318;190;238;1;land;false;forest;5
2319;172;225;1;land;true;plains;5
2320;142;221;1;land;true;plains;5
2321;151;252;1;land;true;forest;5
2322;150;218;1;land;false;plains;5
2323;168;231;1;land;false;forest;5
2324;158;204;1;land;false;forest;5
2325;148;254;1;land;false;urban;5
2326;203;225;1;land;true;plains;5
2327;143;217;1;land;false;forest;5
2328;204;243;1;land;true;plains;5
2329;193;208;1;land;true;forest;5
2330;170;254;1;land;true;plains;5
2331;137;229;1;land;true;plains;5
2332;210;246;1;land;false;plains;5
2333;153;216;1;land;true;plains;5
2334;176;217;1;land;true;plains;5
2335;184;207;1;land;false;plains;5
2336;144;232;1;land;false;forest;5
2337;154;212;1;land;false;plains;5
2338;165;232;1;land;false;forest;5
2339;144;239;1;land;false;plains;5
2340;165;231;1;land;false;forest;5
2341;151;245;1;land;false;plains;5
2342;178;237;1;land;true;forest;5
2343;179;223;1;land;false;forest;5
2344;201;244;1;land;true;forest;5
2345;135;219;1;land;false;forest;5
2346;209;216;1;land;false;plains;5
2347;169;217;1;land;false;forest;5
2348;173;2;1;land;true;forest;5
2349;206;21;1;land;false;forest;5
2350;230;32;1;land;true;forest;5
2351;213;8;1;land;false;forest;5
2352;224;16;1;land;false;forest;5
2353;246;34;1;land;true;plains;5
2354;178;16;1;land;false;plains;5
2355;205;0;1;land;false;forest;5
2356;179;27;1;land;false;forest;5
2357;174;20;1;land;true;forest;5
2358;189;21;1;land;false;forest;5
2359;195;6;1;land;false;forest;5
2360;228;21;1;land;false;plains;5
2361;222;5;1;land;false;forest;5
2362;227;24;1;land;false;mountain;5
2363;223;9;1;land;false;hills;5
2364;204;30;1;land;false;mountain;5
2365;162;51;1;land;false;mountain;5
2366;210;3;1;land;false;mountain;5
2367;230;41;1;land;false;hills;5
2368;172;37;1;land;false;mountain;5
2369;202;13;1;land;false;hills;5
2370;173;17;1;land;false;mountain;5
2371;216;52;1;land;false;plains;5
2372;201;49;1;land;false;hills;5
2373;215;26;1;land;false;mountain;5
2374;153;29;1;land;false;mountain;5
2375;204;25;1;land;false;hills;5
2376;228;27;1;land;false;hills;5
2377;160;54;1;land;false;hills;5
2378;226;0;1;land;false;forest;5
2379;159;27;1;land;false;hills;5
2380;180;25;1;land;false;mountain;5
2381;213;41;1;land;false;hills;5
2382;211;19;1;land;false;hills;5
2383;191;9;1;land;false;plains;5
2384;205;54;1;land;false;mountain;5
2385;219;9;1;land;true;hills;5
2386;227;8;1;land;false;mountain;5
2387;158;24;1;land;false;plains;5
2388;210;5;1;land;false;mountain;5
2389;163;7;1;land;false;mountain;5
2390;193;42;1;land;false;hills;5
2391;215;13;1;land;true;hills;5
2392;202;39;1;land;false;mountain;5
2393;219;29;1;land;false;mountain;5
2394;164;53;1;land;true;forest;5
2395;188;24;1;land;false;mountain;5
2396;154;30;1;land;false;hills;5
2397;228;7;1;land;false;hills;5
2398;216;49;1;land;false;hills;5
2399;155;49;1;land;false;hills;5
2400;168;43;1;land;false;mountain;5
2401;164;17;1;land;false;mountain;5
2402;223;3;1;land;false;hills;5
2403;158;50;1;land;false;hills;5
2404;163;6;1;land;false;mountain;5
2405;190;51;1;land;false;mountain;5
2406;203;21;1;land;false;mountain;5
2407;179;35;1;land;false;hills;5
2408;188;55;1;land;false;hills;5
2409;163;17;1;land;false;plains;5
2410;225;5;1;land;false;plains;5
2411;184;10;1;land;false;forest;5
2412;197;16;1;land;false;plains;5
2413;219;8;1;land;true;plains;5
2414;153;49;1;land;false;hills;5
2415;180;42;1;land;false;plains;5
2416;211;31;1;land;false;mountain;5
2417;153;28;1;land;false;mountain;5
2418;186;25;1;land;false;hills;5
2419;220;24;1;land;false;mountain;5
2420;226;211;1;land;true;forest;5
2421;196;155;1;land;false;forest;5
2422;192;191;1;land;false;forest;5
2423;212;161;1;land;false;plains;5
2424;217;188;1;land;false;forest;5
2425;234;149;1;land;false;plains;5
2426;248;179;1;land;false;forest;5
2427;201;187;1;land;true;plains;5
2428;210;212;1;land;true;forest;5
2429;222;137;1;land;true;plains;5
2430;215;152;1;land;true;plains;5
2431;195;172;1;land;false;forest;5
2432;219;136;1;land;false;plains;5
2433;186;154;1;land;false;plains;5
2434;213;159;1;land;false;forest;5
2435;204;164;1;land;true;plains;5
2436;197;206;1;land;false;urban;5
2437;202;146;1;land;true;hills;5
2438;198;98;1;land;false;mountain;5
2439;79;126;1;land;false;hills;5
2440;127;116;1;land;false;hills;5
2441;89;81;1;land;false;mountain;5
2442;67;81;1;land;false;mountain;5
2443;101;100;1;land;false;hills;5
2444;129;104;1;land;false;forest;5
2445;60;92;1;land;false;mountain;5
2446;131;73;1;land;false;forest;5
2447;74;136;1;land;false;forest;5
2448;9;128;1;land;true;plains;5
2449;50;92;1;land;true;plains;5
2450;20;94;1;land;true;plains;5
2451;30;119;1;land;true;forest;5
2452;54;90;1;land;true;forest;5
2453;38;87;1;land;true;forest;5
2454;49;71;1;land;true;forest;5
2455;12;131;1;land;true;plains;5
2456;15;137;1;land;true;forest;5
2457;169;117;1;land;false;mountain;5
2458;180;120;1;land;false;plains;5
2459;105;104;1;land;false;mountain;5
2460;153;92;1;land;false;plains;5
2461;152;90;1;land;false;mountain;5
2462;164;80;1;land;false;plains;5
2463;145;100;1;land;false;hills;5
2464;121;128;1;land;false;plains;5
2465;144;91;1;land;false;hills;5
2466;133;123;1;land;false;mountain;5
2467;126;85;1;land;false;forest;5
2468;108;82;1;land;false;mountain;5
2469;128;103;1;land;false;plains;5
2470;133;87;1;land;false;plains;5
2471;158;138;1;land;false;plains;5
2472;160;110;1;land;false;mountain;5
2473;152;77;1;land;false;plains;5
2474;152;98;1;land;false;plains;5
2475;142;113;1;land;false;plains;5
2476;141;148;1;land;false;hills;5
2477;135;82;1;land;false;plains;5
2478;105;114;1;land;false;mountain;5
2479;172;121;1;land;false;mountain;5
2480;131;80;1;land;false;forest;5
2481;113;124;1;land;false;plains;5
2482;136;89;1;land;false;hills;5
2483;121;113;1;land;false;mountain;5
2484;120;111;1;land;false;hills;5
2485;180;110;1;land;false;plains;5
2486;170;148;1;land;false;plains;5
2487;109;75;1;land;false;plains;5
2488;102;104;1;land;false;plains;5
2489;178;146;1;land;false;plains;5
2490;101;105;1;land;false;hills;5
2491;180;90;1;land;false;hills;5
2492;114;89;1;land;false;plains;5
2493;151;92;1;land;false;plains;5
2494;141;108;1;land;false;mountain;5
2495;125;98;1;land;false;mountain;5
2496;168;138;1;land;false;hills;5
2497;105;85;1;land;false;mountain;5
2498;108;123;1;land;false;forest;5
2499;168;147;1;land;false;mountain;5
2500;173;86;1;land;false;hills;5
2501;154;148;1;land;false;mountain;5
2502;146;76;1;land;false;mountain;5
2503;148;129;1;land;false;plains;5
2504;170;73;1;land;false;hills;5
2505;166;95;1;land;false;plains;5
2506;153;142;1;land;false;hills;5
2507;138;110;1;land;false;mountain;5
2508;153;147;1;land;false;mountain;5
2509;157;115;1;land;false;plains;5
2510;141;85;1;land;false;plains;5
2511;129;113;1;land;false;hills;5
2512;127;85;1;land;false;mountain;5
2513;131;129;1;land;false;plains;5
2514;213;101;1;land;true;plains;5
2515;216;94;1;land;true;plains;5
2516;157;52;1;land;false;plains;5
2517;136;60;1;land;false;hills;5
2518;143;58;1;land;false;hills;5
2519;141;45;1;land;false;forest;5
2520;124;56;1;land;false;forest;5
2521;145;42;1;land;false;mountain;5
2522;176;35;1;land;false;forest;5
2523;137;41;1;land;false;forest;5
2524;177;95;1;land;false;forest;5
2525;185;58;1;land;false;forest;5
2526;149;40;1;land;false;mountain;5
2527;138;22;1;land;true;plains;5
2528;158;99;1;land;false;forest;5
2529;148;95;1;land;false;plains;5
2530;173;89;1;land;false;forest;5
2531;143;55;1;land;false;forest;5
2532;163;63;1;land;true;forest;5
2533;187;92;1;land;false;mountain;5
2534;155;71;1;land;false;forest;5
2535;177;77;1;land;false;forest;5
2536;119;98;1;land;false;forest;5
2537;134;97;1;land;true;plains;5
2538;145;23;1;land;false;forest;5
2539;132;44;1;land;true;plains;5
2540;179;68;1;land;false;plains;5
2541;123;65;1;land;false;mountain;5
2542;137;65;1;land;false;forest;5
2543;182;89;1;land;false;hills;5
2544;177;51;1;land;false;mountain;5
2545;129;65;1;land;false;forest;5
2546;141;38;1;land;false;forest;5
2547;153;66;1;land;false;plains;5
2548;159;13;1;land;false;hills;5
2549;161;19;1;land;false;plains;5
2550;148;30;1;land;false;plains;5
2551;185;1;1;land;false;plains;5
2552;147;25;1;land;false;hills;5
2553;218;21;1;land;true;plains;5
2554;210;2;1;land;false;plains;5
2555;155;44;1;land;false;hills;5
2556;201;1;1;land;false;forest;5
2557;153;24;1;land;false;plains;5
2558;170;18;1;land;false;hills;5
2559;197;29;1;land;false;plains;5
2560;218;37;1;land;false;plains;5
2561;160;52;1;land;true;plains;5
2562;205;3;1;land;false;plains;5
2563;180;1;1;land;true;plains;5
2564;156;33;1;land;false;plains;5
2565;201;16;1;land;false;forest;5
2566;198;12;1;land;true;plains;5
2567;206;37;1;land;false;plains;5
2568;177;54;1;land;false;plains;5
2569;33;169;1;land;false;plains;5
2570;44;159;1;land;false;hills;5
2571;41;149;1;land;false;plains;5
2572;25;123;1;land;false;hills;5
2573;43;132;1;land;false;plains;5
2574;37;155;1;land;false;plains;5
2575;19;150;1;land;false;plains;5
2576;54;162;1;land;false;hills;5
2577;55;170;1;land;false;forest;5
2578;28;179;1;land;false;hills;5
2579;70;166;1;land;false;plains;5
2580;137;2;1;land;true;plains;5
2581;129;45;1;land;false;plains;5
2582;109;32;1;land;true;plains;5
2583;91;31;1;land;false;plains;5
2584;118;17;1;land;false;plains;5
2585;68;25;1;land;false;plains;5
2586;58;12;1;land;false;plains;5
2587;94;47;1;land;false;plains;5
2588;93;36;1;land;true;forest;5
2589;61;19;1;land;false;plains;5
2590;93;29;1;land;true;plains;5
2591;87;30;1;land;false;plains;5
2592;78;26;1;land;false;urban;5
2593;105;17;1;land;true;forest;5
2594;13;239;1;land;false;hills;5
2595;52;222;1;land;false;mountain;5
2596;28;235;1;land;false;mountain;5
2597;20;211;1;land;false;forest;5
2598;29;227;1;land;false;forest;5
2599;46;230;1;land;false;mountain;5
2600;20;222;1;land;false;forest;5
2601;25;237;1;land;false;mountain;5
2602;26;202;1;land;false;mountain;5
2603;47;219;1;land;true;forest;5
2604;35;199;1;land;false;mountain;5
2605;16;220;1;land;true;forest;5
2606;14;250;1;land;false;mountain;5
2607;12;205;1;land;true;forest;5
2608;49;240;1;land;false;hills;5
2609;37;214;1;land;true;forest;5
2610;182;122;1;land;false;plains;5
2611;30;61;1;land;true;plains;5
2612;88;121;1;land;false;plains;5
2613;45;76;1;land;false;plains;5
2614;55;119;1;land;false;plains;5
2615;98;48;1;land;true;plains;5
2616;32;45;1;land;false;plains;5
2617;58;114;1;land;false;plains;5
2618;103;56;1;land;true;plains;5
2619;25;101;1;land;true;plains;5
2620;95;76;1;land;false;plains;5
2621;69;59;1;land;true;plains;5
2622;37;89;1;land;false;urban;5
2623;81;66;1;land;false;plains;5
2624;34;55;1;land;false;plains;5
2625;41;96;1;land;true;plains;5
2626;59;51;1;land;false;plains;5
2627;143;223;1;land;false;plains;5
2628;179;237;1;land;false;plains;5
2629;183;236;1;land;false;plains;5
2630;182;170;1;land;true;forest;5
2631;161;230;1;land;true;plains;5
2632;203;231;1;land;false;plains;5
2633;146;181;1;land;false;plains;5
2634;207;194;1;land;false;plains;5
2635;159;178;1;land;false;forest;5
2636;208;191;1;land;false;plains;5
2637;141;165;1;land;true;plains;5
2638;172;173;1;land;true;plains;5
2639;187;180;1;land;false;plains;5
2640;202;197;1;land;false;forest;5
2641;197;237;1;land;false;plains;5
2642;163;162;1;land;false;plains;5
2643;144;186;1;land;false;plains;5
2644;151;174;1;land;false;urban;5
2645;203;169;1;land;false;plains;5
2646;170;217;1;land;false;plains;5
2647;165;215;1;land;true;plains;5
2648;167;167;1;land;true;plains;5
2649;166;173;1;land;false;plains;5
2650;156;234;1;land;false;plains;5
2651;149;176;1;land;false;plains;5
2652;92;200;1;land;false;plains;5
2653;58;176;1;land;false;hills;5
2654;50;202;1;land;false;plains;5
2655;102;168;1;land;false;plains;5
2656;89;137;1;land;false;plains;5
2657;56;210;1;land;false;plains;5
2658;73;178;1;land;false;plains;5
2659;119;170;1;land;false;plains;5
2660;61;175;1;land;false;plains;5
2661;97;170;1;land;false;forest;5
2662;124;190;1;land;false;hills;5
2663;75;152;1;land;false;forest;5
2664;54;144;1;land;false;plains;5
2665;127;194;1;land;false;forest;5
2666;116;170;1;land;false;plains;5
2667;103;206;1;land;false;hills;5
2668;122;199;1;land;false;plains;5
2669;72;184;1;land;false;plains;5
2670;52;179;1;land;false;hills;5
2671;49;187;1;land;false;plains;5
2672;65;213;1;land;false;plains;5
2673;98;200;1;land;false;plains;5
2674;193;186;1;land;false;hills;5
2675;248;229;1;land;false;plains;5
2676;230;254;1;land;false;forest;5
2677;182;210;1;land;false;plains;5
2678;205;221;1;land;false;plains;5
2679;229;179;1;land;true;plains;5
2680;200;211;1;land;false;mountain;5
2681;233;240;1;land;false;forest;5
2682;230;227;1;land;false;plains;5
2683;215;231;1;land;true;forest;5
2684;201;191;1;land;false;forest;5
2685;182;226;1;land;false;plains;5
2686;249;185;1;land;true;forest;5
2687;213;187;1;land;false;hills;5
2688;198;237;1;land;false;plains;5
2689;226;240;1;land;true;forest;5
2690;220;252;1;land;false;plains;5
2691;207;231;1;land;false;plains;5
2692;250;225;1;land;false;plains;5
2693;182;187;1;land;false;mountain;5
2694;247;220;1;land;false;mountain;5
2695;180;254;1;land;false;plains;5
2696;189;215;1;land;false;forest;5
2697;182;198;1;land;false;plains;5
2698;192;245;1;land;false;hills;5
2699;197;132;1;land;false;forest;5
2700;221;127;1;land;false;plains;5
2701;174;126;1;land;true;forest;5
2702;196;192;1;land;false;plains;5
2703;226;150;1;land;false;forest;5
2704;184;134;1;land;false;plains;5
2705;174;142;1;land;true;forest;5
2706;228;171;1;land;false;plains;5
2707;191;157;1;land;false;forest;5
2708;202;136;1;land;false;plains;5
2709;212;124;1;land;false;forest;5
2710;181;189;1;land;true;forest;5
2711;223;200;1;land;false;plains;5
2712;212;142;1;land;false;plains;5
2713;177;178;1;land;false;plains;5
2714;189;163;1;land;false;forest;5
2715;213;25;1;land;false;forest;5
2716;153;46;1;land;false;forest;5
2717;206;43;1;land;false;plains;5
2718;167;35;1;land;true;plains;5
2719;191;1;1;land;true;plains;5
2720;150;51;1;land;false;plains;5
2721;214;9;1;land;false;plains;5
2722;28;105;1;land;false;plains;5
2723;22;66;1;land;false;forest;5
2724;22;109;1;land;false;forest;5
2725;6;100;1;land;false;plains;5
2726;36;55;1;land;true;forest;5
2727;32;83;1;land;false;plains;5
2728;41;84;1;land;false;forest;5
2729;41;86;1;land;true;forest;5
2730;6;85;1;land;true;forest;5
2731;7;118;1;land;false;plains;5
2732;45;68;1;land;false;forest;5
2733;155;211;1;land;false;forest;5
2734;184;202;1;land;true;forest;5
2735;205;210;1;land;false;forest;5
2736;203;206;1;land;false;forest;5
2737;180;224;1;land;true;forest;5
2738;172;208;1;land;true;plains;5
2739;41;54;1;land;false;hills;5
2740;42;25;1;land;false;plains;5
2741;66;104;1;land;false;forest;5
2742;44;74;1;land;false;forest;5
2743;22;36;1;land;true;plains;5
2744;57;75;1;land;false;plains;5
2745;14;74;1;land;false;hills;5
2746;61;96;1;land;true;plains;5
2747;14;48;1;land;false;hills;5
2748;57;77;1;land;false;hills;5
2749;1;59;1;land;false;plains;5
2750;11;77;1;land;false;plains;5
2751;0;40;1;land;false;hills;5
2752;219;47;1;land;false;forest;5
2753;200;68;1;land;true;hills;5
2754;228;57;1;land;false;hills;5
2755;216;31;1;land;false;mountain;5
2756;186;6;1;land;true;hills;5
2757;202;54;1;land;true;forest;5
2758;173;5;1;land;false;hills;5
2759;197;53;1;land;true;hills;5
2760;240;27;1;land;false;hills;5
2761;184;111;1;land;false;mountain;5
2762;138;94;1;land;false;plains;5
2763;118;96;1;land;false;mountain;5
2764;117;81;1;land;false;forest;5
2765;120;110;1;land;false;mountain;5
2766;147;78;1;land;false;mountain;5
2767;167;141;1;land;false;plains;5
2768;178;82;1;land;false;forest;5
2769;168;102;1;land;false;plains;5
2770;124;79;1;land;false;mountain;5
2771;109;71;1;land;false;mountain;5
2772;160;88;1;land;false;mountain;5
2773;154;108;1;land;false;forest;5
2774;156;137;1;land;false;hills;5
2775;134;139;1;land;false;hills;5
2776;117;128;1;land;false;forest;5
2777;108;69;1;land;false;plains;5
2778;166;69;1;land;false;mountain;5
2779;120;129;1;land;false;mountain;5
2780;163;71;1;land;false;hills;5
2781;122;125;1;land;false;plains;5
2782;113;103;1;land;false;hills;5
2783;201;126;1;land;true;forest;5
2784;148;127;1;land;false;forest;5
2785;208;126;1;land;true;forest;5
2786;151;146;1;land;false;forest;5
2787;50;122;1;land;true;forest;5
2788;66;101;1;land;false;forest;5
2789;110;126;1;land;false;forest;5
2790;54;120;1;land;true;forest;5
2791;53;91;1;land;true;forest;5
2792;111;136;1;land;true;forest;5
2793;92;97;1;land;false;forest;5
2794;103;126;1;land;false;forest;5
2795;50;113;1;land;false;forest;5
2796;67;148;1;land;true;forest;5
2797;78;91;1;land;false;forest;5
2798;128;144;1;land;false;forest;5
2799;87;113;1;land;false;forest;5
2800;57;79;1;land;false;forest;5
2801;57;78;1;land;false;forest;5
2802;68;130;1;land;true;forest;5
2803;107;104;1;land;true;forest;5
2804;86;88;1;land;false;forest;5
2805;103;110;1;land;false;forest;5
2806;110;127;1;land;true;forest;5
2807;64;138;1;land;false;plains;5
2808;123;121;1;land;true;forest;5
2809;121;78;1;land;false;forest;5
2810;128;132;1;land;true;forest;5
2811;54;112;1;land;false;forest;5
2812;58;119;1;land;false;urban;5
2813;102;107;1;land;false;forest;5
2814;41;82;1;land;true;plains;5
2815;6;72;1;land;true;plains;5
2816;9;86;1;land;false;plains;5
2817;24;78;1;land;true;plains;5
2818;11;67;1;land;false;plains;5
2819;7;69;1;land;false;plains;5
2820;46;51;1;land;false;plains;5
2821;24;102;1;land;false;plains;5
2822;0;125;1;land;false;plains;5
2823;44;118;1;land;false;plains;5
2824;9;68;1;land;false;plains;5
2825;18;77;1;land;false;plains;5
2826;21;60;1;land;true;plains;5
2827;235;248;1;land;true;plains;5
2828;245;246;1;land;false;plains;5
2829;207;209;1;land;true;plains;5
2830;251;200;1;land;true;plains;5
2831;229;212;1;land;false;forest;5
2832;197;248;1;land;false;plains;5
2833;235;184;1;land;true;plains;5
2834;43;108;1;land;false;forest;5
2835;6;89;1;land;false;forest;5
2836;2;110;1;land;false;forest;5
2837;73;61;1;land;false;plains;5
2838;53;106;1;land;false;forest;5
2839;35;59;1;land;false;forest;5
2840;67;74;1;land;false;forest;5
2841;43;69;1;land;false;forest;5
2842;28;76;1;land;false;hills;5
2843;63;130;1;land;false;forest;5
2844;61;120;1;land;false;hills;5
2845;1;124;1;land;false;mountain;5
2846;20;122;1;land;false;forest;5
2847;40;88;1;land;false;mountain;5
2848;61;95;1;land;false;plains;5
2849;40;112;1;land;false;plains;5
2850;19;117;1;land;false;plains;5
2851;3;73;1;land;false;plains;5
2852;21;125;1;land;false;forest;5
2853;19;131;1;land;false;hills;5
2854;50;108;1;land;false;hills;5
2855;47;129;1;land;false;plains;5
2856;67;98;1;land;false;hills;5
2857;20;76;1;land;false;plains;5
2858;12;95;1;land;false;hills;5
2859;17;92;1;land;false;forest;5
2860;18;121;1;land;false;forest;5
2861;26;117;1;land;false;forest;5
2862;66;120;1;land;false;mountain;5
2863;48;109;1;land;false;mountain;5
2864;9;114;1;land;false;hills;5
2865;68;64;1;land;false;hills;5
2866;62;64;1;land;false;hills;5
2867;49;60;1;land;false;forest;5
2868;2;59;1;land;false;hills;5
2869;25;81;1;land;false;forest;5
2870;10;97;1;land;false;hills;5
2871;65;133;1;land;false;forest;5
2872;20;80;1;land;false;forest;5
2873;40;87;1;land;false;forest;5
2874;75;76;1;land;false;forest;5
2875;20;75;1;land;false;forest;5
2876;74;78;1;land;false;forest;5
2877;57;134;1;land;false;hills;5
2878;69;116;1;land;false;hills;5
2879;33;127;1;land;false;hills;5
2880;31;132;1;land;false;hills;5
2881;61;122;1;land;false;plains;5
2882;34;127;1;land;false;plains;5
2883;66;124;1;land;false;forest;5
2884;69;76;1;land;false;forest;5
2885;32;88;1;land;false;hills;5
2886;16;106;1;land;false;hills;5
2887;58;64;1;land;false;mountain;5
2888;12;81;1;land;false;forest;5
2889;50;72;1;land;false;forest;5
2890;19;108;1;land;false;plains;5
2891;58;132;1;land;false;hills;5
2892;60;122;1;land;false;forest;5
2893;61;98;1;land;false;forest;5
2894;43;64;1;land;false;forest;5
2895;41;102;1;land;false;forest;5
2896;57;72;1;land;false;forest;5
2897;41;60;1;land;false;plains;5
2898;26;76;1;land;false;forest;5
2899;65;138;1;land;false;mountain;5
2900;44;75;1;land;false;forest;5
2901;176;246;1;land;false;forest;5
2902;170;240;1;land;false;forest;5
2903;127;225;1;land;false;forest;5
2904;118;222;1;land;false;forest;5
2905;143;216;1;land;false;forest;5
2906;134;228;1;land;false;forest;5
2907;104;180;1;land;false;plains;5
2908;113;213;1;land;false;forest;5
2909;131;250;1;land;false;forest;5
2910;172;211;1;land;false;plains;5
2911;166;221;1;land;false;forest;5
2912;127;237;1;land;false;forest;5
2913;121;253;1;land;false;plains;5
2914;122;191;1;land;false;forest;5
2915;158;190;1;land;false;forest;5
2916;111;181;1;land;false;forest;5
2917;109;181;1;land;false;forest;5
2918;168;180;1;land;false;plains;5
2919;114;193;1;land;false;forest;5
2920;140;192;1;land;false;forest;5
2921;112;242;1;land;false;plains;5
2922;145;190;1;land;false;forest;5
2923;110;245;1;land;false;forest;5
2924;106;201;1;land;false;plains;5
2925;182;180;1;land;false;forest;5
2926;112;195;1;land;false;forest;5
2927;146;198;1;land;false;forest;5
2928;115;217;1;land;false;forest;5
2929;140;102;1;land;false;forest;5
2930;103;65;1;land;true;forest;5
2931;163;108;1;land;false;forest;5
2932;168;126;1;land;false;plains;5
2933;165;103;1;land;false;forest;5
2934;157;87;1;land;true;plains;5
2935;105;94;1;land;false;plains;5
2936;118;116;1;land;false;forest;5
2937;122;81;1;land;false;plains;5
2938;147;101;1;land;true;plains;5
2939;138;104;1;land;false;forest;5
2940;142;92;1;land;false;plains;5
2941;142;73;1;land;false;forest;5
2942;145;138;1;land;false;forest;5
2943;147;140;1;land;false;plains;5
2944;112;75;1;land;false;forest;5
2945;139;92;1;land;false;plains;5
2946;126;120;1;land;false;plains;5
2947;47;100;1;land;true;plains;5
2948;86;111;1;land;false;forest;5
2949;76;57;1;land;false;mountain;5
2950;46;75;1;land;false;plains;5
2951;78;51;1;land;false;hills;5
2952;80;95;1;land;false;mountain;5
2953;52;39;1;land;false;hills;5
2954;57;56;1;land;true;forest;5
2955;94;54;1;land;false;hills;5
2956;73;41;1;land;false;hills;5
2957;50;86;1;land;false;hills;5
2958;28;39;1;land;true;plains;5
2959;74;103;1;land;false;mountain;5
2960;72;54;1;land;false;plains;5
2961;221;12;1;land;true;plains;5
2962;199;75;1;land;true;plains;5
2963;238;74;1;land;false;plains;5
2964;218;8;1;land;true;plains;5
2965;236;13;1;land;false;plains;5
2966;80;80;1;land;false;plains;5
2967;92;38;1;land;false;plains;5
2968;62;86;1;land;false;forest;5
2969;31;97;1;land;false;plains;5
2970;116;84;1;land;false;hills;5
2971;101;69;1;land;false;hills;5
2972;94;24;1;land;false;plains;5
2973;148;60;1;land;false;plains;5
2974;95;8;1;land;false;plains;5
2975;117;6;1;land;false;mountain;5
2976;116;79;1;land;false;forest;5
2977;106;17;1;land;false;mountain;5
2978;118;24;1;land;false;hills;5
2979;115;68;1;land;false;plains;5
2980;137;80;1;land;true;forest;5
2981;142;23;1;land;false;hills;5
2982;170;31;1;land;false;plains;5
2983;130;69;1;land;false;mountain;5
2984;165;24;1;land;false;hills;5
2985;140;22;1;land;true;forest;5
2986;170;62;1;land;false;hills;5
2987;106;80;1;land;true;plains;5
2988;99;70;1;land;false;plains;5
2989;167;21;1;land;false;hills;5
2990;164;18;1;land;false;plains;5
2991;116;6;1;land;false;plains;5
2992;94;67;1;land;false;forest;5
2993;103;63;1;land;false;hills;5
2994;119;19;1;land;false;hills;5
2995;117;62;1;land;false;plains;5
2996;164;75;1;land;false;hills;5
2997;117;74;1;land;false;hills;5
2998;166;79;1;land;false;mountain;5
2999;148;58;1;land;false;hills;5
3000;158;41;1;land;false;hills;5
3001;141;70;1;land;false;hills;5
3002;130;22;1;land;false;plains;5
3003;95;52;1;land;false;hills;5
3004;132;49;1;land;false;plains;5
3005;168;17;1;land;false;mountain;5
3006;108;71;1;land;false;plains;5
3007;142;64;1;land;false;plains;5
3008;101;60;1;land;false;hills;5
3009;136;65;1;land;false;plains;5
3010;144;59;1;land;true;forest;5
3011;118;7;1;land;false;forest;5
3012;122;22;1;land;false;forest;5
3013;146;42;1;land;false;hills;5
3014;159;26;1;land;false;hills;5
3015;137;26;1;land;false;plains;5
3016;97;51;1;land;false;hills;5
3017;117;18;1;land;false;hills;5
3018;100;79;1;land;false;plains;5
3019;152;18;1;land;false;hills;5
3020;98;71;1;land;false;plains;5
3021;79;87;1;land;true;forest;5
3022;61;135;1;land;false;plains;5
3023;77;143;1;land;false;forest;5
3024;30;107;1;land;true;forest;5
3025;68;100;1;land;false;plains;5
3026;98;112;1;land;true;plains;5
3027;207;77;1;land;false;hills;5
3028;181;84;1;land;false;hills;5
3029;137;97;1;land;false;hills;5
3030;184;81;1;land;false;hills;5
3031;203;78;1;land;false;plains;5
3032;210;124;1;land;false;plains;5
3033;151;94;1;land;false;hills;5
3034;205;15;1;land;false;forest;5
3035;165;2;1;land;true;plains;5
3036;172;62;1;land;false;forest;5
3037;149;6;1;land;false;forest;5
3038;159;69;1;land;true;forest;5
3039;195;35;1;land;false;plains;5
3040;146;10;1;land;true;forest;5
3041;48;143;1;land;false;hills;5
3042;42;128;1;land;false;plains;5
3043;0;131;1;land;false;hills;5
3044;17;127;1;land;false;plains;5
3045;32;156;1;land;false;plains;5
3046;17;129;1;land;false;forest;5
3047;31;123;1;land;false;plains;5
3048;20;150;1;land;false;plains;5
3049;26;105;1;land;false;plains;5
3050;44;140;1;land;false;forest;5
3051;28;133;1;land;false;plains;5
3052;51;178;1;land;false;plains;5
3053;46;133;1;land;false;plains;5
3054;2;101;1;land;false;plains;5
3055;51;105;1;land;false;plains;5
3056;4;137;1;land;false;hills;5
3057;26;165;1;land;false;plains;5
3058;47;152;1;land;false;hills;5
3059;48;132;1;land;false;hills;5
3060;19;139;1;land;false;hills;5
3061;31;157;1;land;false;forest;5
3062;22;100;1;land;false;forest;5
3063;41;150;1;land;false;plains;5
3064;13;147;1;land;false;hills;5
3065;47;153;1;land;false;plains;5
3066;35;167;1;land;false;forest;5
3067;53;104;1;land;false;forest;5
3068;12;175;1;land;false;hills;5
3069;15;114;1;land;false;forest;5
3070;6;166;1;land;false;forest;5
3071;16;157;1;land;true;plains;5
3072;0;169;1;land;false;hills;5
3073;7;174;1;land;false;plains;5
3074;54;167;1;land;false;plains;5
3075;43;177;1;land;false;plains;5
3076;23;133;1;land;false;plains;5
3077;38;152;1;land;false;plains;5
3078;34;154;1;land;false;hills;5
3079;35;126;1;land;false;hills;5
3080;37;165;1;land;false;hills;5
3081;49;136;1;land;false;plains;5
3082;50;142;1;land;false;forest;5
3083;41;168;1;land;false;plains;5
3084;117;219;1;land;false;forest;5
3085;83;244;1;land;false;plains;5
3086;62;197;1;land;false;forest;5
3087;86;198;1;land;false;forest;5
3088;98;235;1;land;false;forest;5
3089;62;199;1;land;false;plains;5
3090;85;248;1;land;false;plains;5
3091;104;188;1;land;false;plains;5
3092;102;243;1;land;false;forest;5
3093;103;224;1;land;false;urban;5
3094;105;209;1;land;false;forest;5
3095;119;190;1;land;false;forest;5
3096;62;198;1;land;false;forest;5
3097;90;189;1;land;false;forest;5
3098;120;187;1;land;false;plains;5
3099;103;211;1;land;false;plains;5
3100;65;254;1;land;false;plains;5
3101;94;193;1;land;false;forest;5
3102;60;191;1;land;false;plains;5
3103;145;223;1;land;true;forest;5
3104;124;177;1;land;true;plains;5
3105;148;185;1;land;false;plains;5
3106;126;228;1;land;false;plains;5
3107;130;205;1;land;false;plains;5
3108;86;188;1;land;false;plains;5
3109;155;229;1;land;false;plains;5
3110;93;182;1;land;false;plains;5
3111;96;207;1;land;false;plains;5
3112;96;171;1;land;false;plains;5
3113;122;210;1;land;false;plains;5
3114;90;193;1;land;false;plains;5
3115;119;212;1;land;false;plains;5
3116;80;225;1;land;true;plains;5
3117;237;27;1;land;false;forest;5
3118;176;51;1;land;false;plains;5
3119;168;66;1;land;false;forest;5
3120;229;98;1;land;true;forest;5
3121;199;97;1;land;false;plains;5
3122;172;73;1;land;false;plains;5
3123;182;84;1;land;false;plains;5
3124;165;31;1;land;false;plains;5
3125;175;96;1;land;false;plains;5
3126;200;100;1;land;false;forest;5
3127;184;26;1;land;false;plains;5
3128;209;46;1;land;true;forest;5
3129;208;66;1;land;false;plains;5
3130;204;86;1;land;false;forest;5
3131;191;89;1;land;true;forest;5
3132;165;95;1;land;false;forest;5
3133;221;64;1;land;false;forest;5
3134;240;69;1;land;false;plains;5
3135;34;83;1;land;false;hills;5
3136;65;36;1;land;false;hills;5
3137;43;39;1;land;false;hills;5
3138;16;93;1;land;true;plains;5
3139;43;86;1;land;false;forest;5
3140;39;96;1;land;true;plains;5
3141;88;59;1;land;false;mountain;5
3142;68;73;1;land;false;plains;5
3143;49;94;1;land;false;hills;5
3144;54;30;1;land;true;plains;5
3145;84;68;1;land;true;plains;5
3146;41;30;1;land;false;mountain;5
3147;82;37;1;land;false;plains;5
3148;55;52;1;land;false;mountain;5
3149;67;75;1;land;false;plains;5
3150;31;63;1;land;false;hills;5
3151;27;31;1;land;false;plains;5
3152;20;1;1;land;true;plains;5
3153;17;4;1;land;false;plains;5
3154;47;26;1;land;true;plains;5
3155;71;1;1;land;false;forest;5
3156;29;28;1;land;true;plains;5
3157;57;35;1;land;true;forest;5
3158;45;28;1;land;true;plains;5
3159;38;127;1;land;false;forest;5
3160;21;102;1;land;false;hills;5
3161;49;91;1;land;false;plains;5
3162;4;129;1;land;false;plains;5
3163;66;76;1;land;false;forest;5
3164;204;97;1;land;false;mountain;5
3165;151;123;1;land;true;plains;5
3166;164;90;1;land;true;plains;5
3167;203;76;1;land;false;hills;5
3168;138;87;1;land;false;forest;5
3169;144;64;1;land;false;plains;5
3170;135;73;1;land;true;plains;5
3171;203;68;1;land;false;plains;5
3172;182;86;1;land;true;plains;5
3173;179;134;1;land;true;plains;5
3174;204;80;1;land;true;plains;5
3175;142;105;1;land;false;hills;5
3176;186;111;1;land;false;hills;5
3177;204;91;1;land;false;plains;5
3178;69;5;1;land;false;forest;5
3179;61;74;1;land;false;hills;5
3180;84;29;1;land;false;plains;5
3181;28;26;1;land;false;plains;5
3182;22;64;1;land;false;hills;5
3183;95;33;1;land;false;hills;5
3184;86;8;1;land;false;hills;5
3185;55;61;1;land;false;plains;5
3186;62;23;1;land;false;hills;5
3187;38;69;1;land;false;hills;5
3188;92;54;1;land;false;hills;5
3189;55;39;1;land;false;hills;5
3190;91;18;1;land;false;plains;5
3191;57;76;1;land;false;plains;5
3192;48;21;1;land;false;hills;5
3193;89;4;1;land;false;plains;5
3194;53;78;1;land;false;plains;5
3195;59;41;1;land;false;hills;5
3196;33;65;1;land;false;plains;5
3197;90;31;1;land;false;hills;5
3198;38;52;1;land;false;plains;5
3199;237;43;1;land;false;mountain;5
3200;252;26;1;land;true;forest;5
3201;227;21;1;land;false;hills;5
3202;245;5;1;land;false;plains;5
3203;244;54;1;land;false;hills;5
3204;205;1;1;land;false;hills;5
3205;235;11;1;land;false;hills;5
3206;220;20;1;land;false;mountain;5
3207;235;48;1;land;true;plains;5
3208;227;16;1;land;false;mountain;5
3209;237;3;1;land;false;mountain;5
3210;213;19;1;land;false;mountain;5
3211;233;53;1;land;false;mountain;5
3212;243;20;1;land;true;forest;5
3213;214;17;1;land;false;mountain;5
3214;238;54;1;land;false;hills;5
3215;53;165;1;land;false;forest;5
3216;34;196;1;land;false;plains;5
3217;51;132;1;land;false;hills;5
3218;58;155;1;land;false;forest;5
3219;82;140;1;land;false;plains;5
3220;111;138;1;land;false;hills;5
3221;88;138;1;land;false;forest;5
3222;64;196;1;land;false;mountain;5
3223;34;138;1;land;false;hills;5
3224;38;171;1;land;false;forest;5
3225;51;191;1;land;false;mountain;5
3226;110;166;1;land;false;forest;5
3227;48;156;1;land;false;hills;5
3228;52;130;1;land;false;mountain;5
3229;65;186;1;land;false;mountain;5
3230;112;176;1;land;false;forest;5
3231;36;186;1;land;false;forest;5
3232;63;191;1;land;false;hills;5
3233;89;120;1;land;false;hills;5
3234;41;162;1;land;false;forest;5
3235;103;131;1;land;false;plains;5
3236;111;139;1;land;false;hills;5
3237;53;168;1;land;false;mountain;5
3238;54;182;1;land;false;mountain;5
3239;43;191;1;land;false;plains;5
3240;86;155;1;land;false;mountain;5
3241;89;118;1;land;false;forest;5
3242;194;142;1;land;false;plains;5
3243;220;128;1;land;false;forest;5
3244;226;129;1;land;false;forest;5
3245;172;110;1;land;false;plains;5
3246;166;138;1;land;false;plains;5
3247;156;141;1;land;false;plains;5
3248;223;135;1;land;false;forest;5
3249;222;116;1;land;false;plains;5
3250;190;89;1;land;false;forest;5
3251;228;128;1;land;false;plains;5
3252;155;127;1;land;false;forest;5
3253;204;94;1;land;false;forest;5
3254;168;91;1;land;false;plains;5
3255;182;129;1;land;false;plains;5
3256;191;136;1;land;false;forest;5
3257;233;83;1;land;false;forest;5
3258;78;144;1;land;false;plains;5
3259;55;147;1;land;true;plains;5
3260;17;171;1;land;false;forest;5
3261;31;178;1;land;false;forest;5
3262;72;156;1;land;false;forest;5
3263;45;137;1;land;true;plains;5
3264;11;158;1;land;true;plains;5
3265;31;206;1;land;false;plains;5
3266;49;180;1;land;false;plains;5
3267;32;164;1;land;true;plains;5
3268;38;161;1;land;false;forest;5
3269;83;226;1;land;true;plains;5
3270;86;227;1;land;false;plains;5
3271;53;217;1;land;false;plains;5
3272;55;219;1;land;true;forest;5
3273;62;237;1;land;false;plains;5
3274;126;249;1;land;true;plains;5
3275;75;238;1;land;false;plains;5
3276;89;215;1;land;true;plains;5
3277;109;246;1;land;false;plains;5
3278;81;226;1;land;false;plains;5
3279;118;253;1;land;true;forest;5
3280;118;227;1;land;true;plains;5
3281;117;240;1;land;true;plains;5
3282;103;216;1;land;true;plains;5
3283;118;229;1;land;false;plains;5
3284;115;212;1;land;true;plains;5
3285;57;225;1;land;false;plains;5
3286;60;240;1;land;false;plains;5
3287;122;229;1;land;false;forest;5
3288;129;212;1;land;false;urban;5
3289;129;237;1;land;false;plains;5
3290;54;242;1;land;true;plains;5
3291;78;212;1;land;false;plains;5
3292;69;209;1;land;true;plains;5
3293;113;220;1;land;false;plains;5
3294;78;210;1;land;false;plains;5
3295;84;241;1;land;false;plains;5
3296;73;232;1;land;true;plains;5
3297;126;243;1;land;true;plains;5
3298;99;211;1;land;false;plains;5
3299;20;199;1;land;true;plains;5
3300;0;232;1;land;true;plains;5
3301;102;66;1;land;false;hills;5
3302;125;58;1;land;false;mountain;5
3303;63;43;1;land;false;mountain;5
3304;68;16;1;land;false;mountain;5
3305;55;23;1;land;false;hills;5
3306;109;65;1;land;false;plains;5
3307;73;39;1;land;false;mountain;5
3308;84;13;1;land;false;mountain;5
3309;93;86;1;land;false;hills;5
3310;53;85;1;land;true;hills;5
3311;54;82;1;land;true;plains;5
3312;88;17;1;land;false;plains;5
3313;73;21;1;land;true;plains;5
3314;65;78;1;land;false;hills;5
3315;114;19;1;land;false;plains;5
3316;121;19;1;land;false;hills;5
3317;121;31;1;land;false;mountain;5
3318;71;55;1;land;false;mountain;5
3319;78;56;1;land;false;hills;5
3320;51;55;1;land;false;hills;5
3321;125;86;1;land;true;plains;5
3322;63;81;1;land;false;mountain;5
3323;95;13;1;land;false;plains;5
3324;98;74;1;land;true;plains;5
3325;83;59;1;land;false;mountain;5
3326;102;77;1;land;false;mountain;5
3327;51;43;1;land;false;hills;5
3328;117;33;1;land;false;mountain;5
3329;111;49;1;land;false;plains;5
3330;93;61;1;land;false;hills;5
3331;140;168;1;land;false;hills;5
3332;98;135;1;land;false;plains;5
3333;109;188;1;land;true;hills;5
3334;65;134;1;land;false;mountain;5
3335;103;156;1;land;false;plains;5
3336;137;175;1;land;false;plains;5
3337;89;172;1;land;false;plains;5
3338;84;172;1;land;false;mountain;5
3339;89;151;1;land;false;plains;5
3340;69;127;1;land;false;hills;5
3341;64;186;1;land;false;plains;5
3342;138;151;1;land;true;mountain;5
3343;95;207;1;land;false;plains;5
3344;66;194;1;land;false;hills;5
3345;195;180;1;land;false;forest;5
3346;218;212;1;land;false;forest;5
3347;236;199;1;land;false;forest;5
3348;236;227;1;land;true;plains;5
3349;235;169;1;land;false;forest;5
3350;237;220;1;land;false;forest;5
3351;232;203;1;land;false;plains;5
3352;225;200;1;land;true;plains;5
3353;210;210;1;land;false;forest;5
3354;225;243;1;land;false;forest;5
3355;219;193;1;land;false;plains;5
3356;225;242;1;land;true;plains;5
3357;234;196;1;land;false;forest;5
3358;197;193;1;land;false;forest;5
3359;220;193;1;land;false;forest;5
3360;238;181;1;land;false;forest;5
3361;211;199;1;land;true;plains;5
3362;241;178;1;land;false;forest;5
3363;225;201;1;land;false;plains;5
3364;248;230;1;land;false;forest;5
3365;55;146;1;land;false;hills;5
3366;52;107;1;land;false;mountain;5
3367;65;149;1;land;false;mountain;5
3368;21;149;1;land;false;mountain;5
3369;32;128;1;land;false;mountain;5
3370;15;154;1;land;false;mountain;5
3371;48;145;1;land;false;mountain;5
3372;16;121;1;land;false;hills;5
3373;56;148;1;land;false;mountain;5
3374;47;104;1;land;false;mountain;5
3375;1;150;1;land;false;mountain;5
3376;32;158;1;land;false;hills;5
3377;39;138;1;land;false;mountain;5
3378;40;181;1;land;false;mountain;5
3379;24;146;1;land;false;mountain;5
3380;76;41;1;land;false;plains;5
3381;40;36;1;land;false;plains;5
3382;60;37;1;land;false;plains;5
3383;85;22;1;land;false;plains;5
3384;67;34;1;land;false;plains;5
3385;52;7;1;land;false;plains;5
3386;74;22;1;land;false;plains;5
3387;16;2;1;land;false;plains;5
3388;87;24;1;land;false;plains;5
3389;64;83;1;land;false;forest;5
3390;45;122;1;land;false;forest;5
3391;38;105;1;land;false;forest;5
3392;60;103;1;land;true;plains;5
3393;38;61;1;land;false;forest;5
3394;54;86;1;land;false;forest;5
3395;46;92;1;land;true;forest;5
3396;36;65;1;land;true;forest;5
3397;6;58;1;land;true;forest;5
3398;20;90;1;land;false;forest;5
3399;55;111;1;land;true;forest;5
3400;38;97;1;land;false;forest;5
3401;14;105;1;land;false;forest;5
3402;35;105;1;land;true;forest;5
3403;38;54;1;land;true;forest;5
3404;65;122;1;land;false;forest;5
3405;58;99;1;land;false;forest;5
3406;122;171;1;land;false;plains;5
3407;149;203;1;land;false;forest;5
3408;128;226;1;land;false;plains;5
3409;154;177;1;land;false;plains;5
3410;157;227;1;land;false;forest;5
3411;145;183;1;land;false;plains;5
3412;141;192;1;land;false;forest;5
3413;134;212;1;land;false;plains;5
3414;114;197;1;land;true;forest;5
3415;123;214;1;land;false;forest;5
3416;155;209;1;land;true;plains;5
3417;126;163;1;land;true;forest;5
3418;137;214;1;land;true;forest;5
3419;181;194;1;land;false;forest;5
3420;154;204;1;land;false;plains;5
3421;120;224;1;land;false;forest;5
3422;161;227;1;land;true;forest;5
3423;171;216;1;land;false;forest;5
3424;176;152;1;land;false;hills;5
3425;187;165;1;land;false;mountain;5
3426;165;89;1;land;false;plains;5
3427;200;135;1;land;false;mountain;5
3428;195;98;1;land;false;mountain;5
3429;167;159;1;land;false;plains;5
3430;197;159;1;land;false;plains;5
3431;178;139;1;land;false;hills;5
3432;158;89;1;land;false;plains;5
3433;185;135;1;land;false;plains;5
3434;190;117;1;land;false;mountain;5
3435;204;134;1;land;false;mountain;5
3436;164;154;1;land;false;hills;5
3437;191;159;1;land;false;forest;5
3438;195;89;1;land;false;plains;5
3439;192;159;1;land;false;hills;5
3440;151;115;1;land;false;mountain;5
3441;188;133;1;land;false;hills;5
3442;148;148;1;land;false;plains;5
3443;166;157;1;land;false;forest;5
3444;145;166;1;land;false;mountain;5
3445;220;103;1;land;false;plains;5
3446;180;152;1;land;false;plains;5
3447;206;165;1;land;false;forest;5
3448;171;141;1;land;false;plains;5
3449;198;123;1;land;false;plains;5
3450;209;109;1;land;false;plains;5
3451;195;109;1;land;false;plains;5
3452;183;144;1;land;false;plains;5
3453;189;112;1;land;false;forest;5
3454;199;124;1;land;false;plains;5
3455;172;152;1;land;false;plains;5
3456;182;114;1;land;false;forest;5
3457;173;103;1;land;false;mountain;5
3458;164;140;1;land;false;hills;5
3459;141;126;1;land;false;mountain;5
3460;147;157;1;land;false;hills;5
3461;147;147;1;land;false;hills;5
3462;181;140;1;land;false;plains;5
3463;193;110;1;land;false;plains;5
3464;188;97;1;land;false;plains;5
3465;186;141;1;land;false;hills;5
3466;206;121;1;land;false;plains;5
3467;207;115;1;land;false;hills;5
3468;163;99;1;land;false;plains;5
3469;205;157;1;land;false;hills;5
3470;196;127;1;land;false;mountain;5
3471;206;143;1;land;false;plains;5
3472;146;115;1;land;false;mountain;5
3473;171;116;1;land;false;plains;5
3474;144;166;1;land;false;mountain;5
3475;187;155;1;land;false;plains;5
3476;157;98;1;land;false;plains;5
3477;197;142;1;land;false;hills;5
3478;190;124;1;land;false;plains;5
3479;166;120;1;land;false;plains;5
3480;146;121;1;land;false;plains;5
3481;196;150;1;land;false;plains;5
3482;174;151;1;land;false;plains;5
3483;188;92;1;land;false;hills;5
3484;189;92;1;land;false;plains;5
3485;187;105;1;land;false;forest;5
3486;194;106;1;land;false;mountain;5
3487;184;90;1;land;false;mountain;5
3488;198;92;1;land;false;plains;5
3489;219;148;1;land;false;mountain;5
3490;184;119;1;land;false;hills;5
3491;167;109;1;land;false;mountain;5
3492;193;93;1;land;false;plains;5
3493;80;62;1;land;false;hills;5
3494;128;113;1;land;false;plains;5
3495;93;129;1;land;false;plains;5
3496;115;122;1;land;false;plains;5
3497;121;107;1;land;false;forest;5
3498;92;104;1;land;false;plains;5
3499;115;76;1;land;false;forest;5
3500;61;124;1;land;false;plains;5
3501;117;108;1;land;false;plains;5
3502;125;121;1;land;false;forest;5
3503;61;62;1;land;false;forest;5
3504;101;68;1;land;false;forest;5
3505;99;75;1;land;false;hills;5
3506;83;75;1;land;false;hills;5
3507;92;62;1;land;false;plains;5
3508;138;67;1;land;false;hills;5
3509;109;136;1;land;false;plains;5
3510;110;96;1;land;false;plains;5
3511;66;141;1;land;false;hills;5
3512;134;140;1;land;false;urban;5
3513;67;134;1;land;false;plains;5
3514;96;66;1;land;false;plains;5
3515;138;139;1;land;false;forest;5
3516;122;88;1;land;false;forest;5
3517;60;137;1;land;false;hills;5
3518;85;96;1;land;false;forest;5
3519;93;65;1;land;false;plains;5
3520;125;64;1;land;false;plains;5
3521;79;104;1;land;false;forest;5
3522;119;128;1;land;false;plains;5
3523;78;86;1;land;false;mountain;5
3524;133;85;1;land;false;plains;5
3525;107;123;1;land;false;plains;5
3526;132;87;1;land;false;plains;5
3527;120;134;1;land;false;plains;5
3528;80;111;1;land;false;plains;5
3529;110;109;1;land;false;hills;5
3530;166;96;1;land;false;hills;5
3531;217;162;1;land;false;plains;5
3532;205;144;1;land;true;plains;5
3533;242;152;1;land;false;plains;5
3534;222;159;1;land;true;plains;5
3535;253;87;1;land;false;plains;5
3536;217;97;1;land;false;plains;5
3537;227;89;1;land;false;plains;5
3538;239;147;1;land;true;plains;5
3539;227;85;1;land;false;plains;5
3540;233;112;1;land;true;plains;5
3541;240;93;1;land;false;plains;5
3542;237;116;1;land;true;plains;5
3543;246;92;1;land;false;plains;5
3544;224;116;1;land;true;plains;5
3545;233;219;1;land;false;forest;5
3546;239;249;1;land;false;hills;5
3547;247;242;1;land;false;plains;5
3548;252;213;1;land;false;forest;5
3549;248;216;1;land;false;hills;5
3550;234;224;1;land;true;hills;5
3551;238;206;1;land;false;hills;5
3552;233;206;1;land;true;forest;5
3553;240;218;1;land;true;forest;5
3554;241;213;1;land;true;plains;5
3555;232;253;1;land;true;hills;5
3556;228;202;1;land;true;hills;5
3557;243;225;1;land;false;hills;5
3558;214;218;1;land;false;hills;5
3559;242;224;1;land;true;plains;5
3560;253;237;1;land;false;forest;5
3561;218;244;1;land;false;hills;5
3562;246;253;1;land;true;plains;5
3563;227;242;1;land;true;hills;5
3564;250;241;1;land;true;forest;5
3565;252;254;1;land;true;plains;5
3566;222;234;1;land;true;forest;5
3567;229;242;1;land;false;hills;5
3568;240;203;1;land;true;forest;5
3569;220;202;1;land;false;forest;5
3570;215;239;1;land;true;forest;5
3571;219;235;1;land;true;hills;5
3572;246;211;1;land;true;plains;5
3573;243;205;1;land;false;hills;5
3574;170;65;1;land;false;plains;5
3575;87;223;1;land;true;forest;5
3576;131;186;1;land;false;forest;5
3577;114;246;1;land;true;forest;5
3578;71;190;1;land;true;forest;5
3579;18;80;1;land;false;plains;5
3580;15;71;1;land;true;plains;5
3581;5;96;1;land;true;plains;5
3582;15;108;1;land;true;plains;5
3583;41;71;1;land;false;plains;5
3584;3;80;1;land;false;plains;5
3585;8;72;1;land;true;plains;5
3586;0;57;1;land;false;urban;5
3587;4;112;1;land;false;plains;5
3588;122;144;1;land;true;forest;5
3589;132;57;1;land;false;hills;5
3590;138;86;1;land;false;forest;5
3591;154;43;1;land;true;forest;5
3592;143;86;1;land;false;forest;5
3593;133;96;1;land;true;forest;5
3594;171;99;1;land;false;forest;5
3595;139;44;1;land;true;forest;5
3596;76;30;1;land;true;plains;5
3597;74;8;1;land;true;plains;5
3598;80;25;1;land;true;plains;5
3599;63;0;1;land;false;plains;5
3600;185;84;1;land;false;plains;5
3601;195;110;1;land;false;mountain;5
3602;192;108;1;land;false;forest;5
3603;237;129;1;land;false;hills;5
3604;214;98;1;land;false;hills;5
3605;199;96;1;land;false;mountain;5
3606;198;144;1;land;false;plains;5
3607;222;114;1;land;false;forest;5
3608;184;98;1;land;false;plains;5
3609;186;98;1;land;false;forest;5
3610;187;137;1;land;false;hills;5
3611;155;73;1;land;false;forest;5
3612;132;64;1;land;false;forest;5
3613;109;115;1;land;false;plains;5
3614;102;79;1;land;false;forest;5
3615;163;78;1;land;false;forest;5
3616;165;52;1;land;false;forest;5
3617;171;117;1;land;false;forest;5
3618;167;125;1;land;false;plains;5
3619;159;110;1;land;false;plains;5
3620;126;58;1;land;false;forest;5
3621;137;84;1;land;false;forest;5
3622;107;85;1;land;false;forest;5
3623;171;74;1;land;false;forest;5
3624;162;117;1;land;false;forest;5
3625;155;109;1;land;false;forest;5
3626;167;77;1;land;false;forest;5
3627;216;133;1;land;false;plains;5
3628;207;201;1;land;true;forest;5
3629;198;172;1;land;false;forest;5
3630;219;198;1;land;false;forest;5
3631;201;148;1;land;false;forest;5
3632;201;139;1;land;false;forest;5
3633;253;154;1;land;true;plains;5
3634;230;159;1;land;false;plains;5
3635;186;148;1;land;false;forest;5
3636;225;143;1;land;true;forest;5
3637;195;205;1;land;true;plains;5
3638;145;192;1;land;true;forest;5
3639;112;136;1;land;true;forest;5
3640;117;52;1;land;false;hills;5
3641;163;67;1;land;false;hills;5
3642;143;32;1;land;false;plains;5
3643;154;64;1;land;false;plains;5
3644;161;20;1;land;false;plains;5
3645;170;55;1;land;false;hills;5
3646;119;45;1;land;false;hills;5
3647;135;36;1;land;true;forest;5
3648;105;23;1;land;true;forest;5
3649;107;29;1;land;true;plains;5
3650;109;25;1;land;true;forest;5
3651;87;0;1;land;false;plains;5
3652;107;6;1;land;false;plains;5
3653;77;45;1;land;false;plains;5
3654;127;13;1;land;false;forest;5
3655;108;10;1;land;false;plains;5
3656;120;7;1;land;false;forest;5
3657;100;47;1;land;false;plains;5
3658;91;49;1;land;false;plains;5
3659;98;15;1;land;false;plains;5
3660;145;3;1;land;false;forest;5
3661;136;33;1;land;false;plains;5
3662;96;58;1;land;false;plains;5
3663;140;36;1;land;false;forest;5
3664;142;18;1;land;false;plains;5
3665;101;9;1;land;false;forest;5
3666;102;49;1;land;false;forest;5
3667;112;20;1;land;false;plains;5
3668;78;0;1;land;false;forest;5
3669;114;38;1;land;false;plains;5
3670;112;31;1;land;false;forest;5
3671;95;44;1;land;false;plains;5
3672;26;198;1;land;false;mountain;5
3673;2;220;1;land;false;mountain;5
3674;21;218;1;land;false;hills;5
3675;30;180;1;land;false;forest;5
3676;21;177;1;land;false;hills;5
3677;7;150;1;land;false;mountain;5
3678;28;213;1;land;false;plains;5
3679;19;157;1;land;false;mountain;5
3680;20;162;1;land;false;forest;5
3681;68;200;1;land;false;hills;5
3682;54;200;1;land;false;forest;5
3683;8;157;1;land;false;hills;5
3684;63;197;1;land;false;forest;5
3685;52;186;1;land;false;hills;5
3686;8;194;1;land;false;forest;5
3687;49;195;1;land;false;forest;5
3688;52;199;1;land;false;hills;5
3689;54;152;1;land;false;mountain;5
3690;63;217;1;land;false;hills;5
3691;24;194;1;land;false;hills;5
3692;66;197;1;land;false;mountain;5
3693;5;189;1;land;false;forest;5
3694;237;48;1;land;false;plains;5
3695;194;73;1;land;true;plains;5
3696;190;75;1;land;true;forest;5
3697;183;66;1;land;false;plains;5
3698;148;202;1;land;false;forest;5
3699;126;225;1;land;false;forest;5
3700;135;186;1;land;false;plains;5
3701;172;202;1;land;false;forest;5
3702;140;199;1;land;false;forest;5
3703;141;162;1;land;false;plains;5
3704;172;223;1;land;false;forest;5
3705;108;170;1;land;false;plains;5
3706;166;220;1;land;false;plains;5
3707;178;161;1;land;false;forest;5
3708;177;185;1;land;false;plains;5
3709;139;172;1;land;false;forest;5
3710;146;178;1;land;false;forest;5
3711;163;240;1;land;false;forest;5
3712;115;187;1;land;false;forest;5
3713;149;182;1;land;false;hills;5
3714;135;231;1;land;false;plains;5
3715;159;196;1;land;false;plains;5
3716;184;228;1;land;false;forest;5
3717;126;179;1;land;false;plains;5
3718;161;224;1;land;false;forest;5
3719;174;186;1;land;false;forest;5
3720;128;176;1;land;false;forest;5
3721;169;171;1;land;false;plains;5
3722;167;185;1;land;false;hills;5
3723;168;216;1;land;false;plains;5
3724;78;207;1;land;true;plains;5
3725;117;233;1;land;false;plains;5
3726;126;232;1;land;false;hills;5
3727;136;173;1;land;false;forest;5
3728;94;204;1;land;false;mountain;5
3729;73;207;1;land;true;forest;5
3730;64;198;1;land;false;hills;5
3731;86;174;1;land;false;forest;5
3732;64;241;1;land;false;forest;5
3733;60;194;1;land;false;forest;5
3734;95;189;1;land;false;mountain;5
3735;102;189;1;land;false;forest;5
3736;129;173;1;land;false;hills;5
3737;136;217;1;land;false;forest;5
3738;73;224;1;land;false;hills;5
3739;77;226;1;land;false;forest;5
3740;65;236;1;land;true;forest;5
3741;0;247;1;land;false;forest;5
3742;6;234;1;land;false;forest;5
3743;11;228;1;land;false;hills;5
3744;24;229;1;land;false;plains;5
3745;30;226;1;land;false;hills;5
3746;38;233;1;land;true;forest;5
3747;37;226;1;land;false;hills;5
3748;21;246;1;land;false;forest;5
3749;35;240;1;land;true;forest;5
3750;25;250;1;land;true;forest;5
3751;37;203;1;land;true;forest;5
3752;15;229;1;land;false;forest;5
3753;28;252;1;land;false;forest;5
3754;9;203;1;land;false;plains;5
3755;19;223;1;land;false;hills;5
3756;36;216;1;land;true;forest;5
3757;28;204;1;land;false;forest;5
3758;10;227;1;land;false;forest;5
3759;27;213;1;land;false;hills;5
3760;13;253;1;land;false;forest;5
3761;21;234;1;land;false;forest;5
3762;33;201;1;land;false;forest;5
3763;8;237;1;land;false;plains;5
3764;106;24;1;land;false;forest;5
3765;133;79;1;land;false;forest;5
3766;133;28;1;land;false;hills;5
3767;140;62;1;land;false;forest;5
3768;106;8;1;land;false;forest;5
3769;129;16;1;land;true;plains;5
3770;79;54;1;land;true;plains;5
3771;152;23;1;land;false;plains;5
3772;118;8;1;land;false;hills;5
3773;86;12;1;land;false;forest;5
3774;74;69;1;land;false;plains;5
3775;108;20;1;land;false;forest;5
3776;105;11;1;land;false;forest;5
3777;83;0;1;land;false;plains;5
3778;114;26;1;land;false;forest;5
3779;94;61;1;land;false;forest;5
3780;107;51;1;land;false;forest;5
3781;139;33;1;land;false;plains;5
3782;120;16;1;land;false;plains;5
3783;99;19;1;land;false;plains;5
3784;85;20;1;land;true;plains;5
3785;113;21;1;land;true;forest;5
3786;79;22;1;land;false;plains;5
3787;129;3;1;land;false;forest;5
3788;117;44;1;land;false;plains;5
3789;145;56;1;land;false;plains;5
3790;79;65;1;land;false;forest;5
3791;88;67;1;land;false;plains;5
3792;121;45;1;land;false;plains;5
3793;141;4;1;land;false;plains;5
3794;133;59;1;land;false;plains;5
3795;76;15;1;land;true;forest;5
3796;125;2;1;land;false;forest;5
3797;95;58;1;land;false;plains;5
3798;134;31;1;land;false;plains;5
3799;124;48;1;land;false;forest;5
3800;93;14;1;land;true;plains;5
3801;122;1;1;land;false;forest;5
3802;141;59;1;land;false;forest;5
3803;122;29;1;land;false;hills;5
3804;123;42;1;land;false;forest;5
3805;84;46;1;land;false;plains;5
3806;124;27;1;land;false;forest;5
3807;110;26;1;land;false;hills;5
3808;143;4;1;land;false;forest;5
3809;120;34;1;land;false;plains;5
3810;78;64;1;land;false;hills;5
3811;87;51;1;land;false;plains;5
3812;144;3;1;land;false;forest;5
3813;82;71;1;land;false;hills;5
3814;118;50;1;land;false;plains;5
3815;96;2;1;land;false;plains;5
3816;79;75;1;land;false;plains;5
3817;115;44;1;land;false;hills;5
3818;121;8;1;land;false;plains;5
3819;118;20;1;land;false;urban;5
3820;84;26;1;land;true;plains;5
3821;103;45;1;land;false;hills;5
3822;83;49;1;land;false;forest;5
3823;248;239;1;land;false;hills;5
3824;240;240;1;land;false;hills;5
3825;217;223;1;land;false;plains;5
3826;253;241;1;land;false;mountain;5
3827;218;227;1;land;false;plains;5
3828;254;228;1;land;false;plains;5
3829;222;253;1;land;false;mountain;5
3830;236;243;1;land;false;hills;5
3831;231;242;1;land;false;plains;5
3832;238;222;1;land;false;mountain;5
3833;244;224;1;land;false;hills;5
3834;248;217;1;land;false;forest;5
3835;247;232;1;land;false;hills;5
3836;251;235;1;land;false;hills;5
3837;245;231;1;land;false;mountain;5
3838;232;229;1;land;false;mountain;5
3839;244;216;1;land;false;mountain;5
3840;236;251;1;land;false;mountain;5
3841;235;219;1;land;false;mountain;5
3842;215;240;1;land;false;mountain;5
3843;231;254;1;land;false;forest;5
3844;208;231;1;land;false;hills;5
3845;225;224;1;land;false;plains;5
3846;226;234;1;land;false;hills;5
3847;215;246;1;land;false;hills;5
3848;247;221;1;land;false;mountain;5
3849;216;239;1;land;false;hills;5
3850;206;222;1;land;false;mountain;5
3851;233;235;1;land;false;mountain;5
3852;217;226;1;land;false;plains;5
3853;234;237;1;land;false;plains;5
3854;218;233;1;land;false;mountain;5
3855;250;217;1;land;false;mountain;5
3856;215;234;1;land;false;mountain;5
3857;239;216;1;land;false;plains;5
3858;209;241;1;land;false;mountain;5
3859;206;252;1;land;false;mountain;5
3860;229;241;1;land;false;mountain;5
3861;232;251;1;land;false;mountain;5
3862;70;244;1;land;false;mountain;5
3863;92;184;1;land;false;plains;5
3864;90;210;1;land;false;plains;5
3865;77;213;1;land;false;hills;5
3866;96;217;1;land;false;forest;5
3867;116;220;1;land;false;mountain;5
3868;92;187;1;land;false;plains;5
3869;103;231;1;land;false;forest;5
3870;82;195;1;land;false;hills;5
3871;132;190;1;land;false;hills;5
3872;80;239;1;land;false;hills;5
3873;103;193;1;land;false;hills;5
3874;190;83;1;land;false;forest;5
3875;197;51;1;land;false;mountain;5
3876;205;74;1;land;false;hills;5
3877;207;27;1;land;false;plains;5
3878;215;89;1;land;false;hills;5
3879;206;59;1;land;false;forest;5
3880;199;40;1;land;false;plains;5
3881;210;82;1;land;false;hills;5
3882;193;61;1;land;false;hills;5
3883;168;54;1;land;false;plains;5
3884;211;42;1;land;false;plains;5
3885;232;65;1;land;true;urban;5
3886;213;32;1;land;false;hills;5
3887;176;67;1;land;false;plains;5
3888;243;89;1;land;false;forest;5
3889;172;71;1;land;true;plains;5
3890;182;51;1;land;false;forest;5
3891;234;30;1;land;false;plains;5
3892;169;30;1;land;false;mountain;5
3893;241;83;1;land;false;plains;5
3894;195;27;1;land;false;plains;5
3895;172;83;1;land;true;plains;5
3896;235;16;1;land;false;forest;5
3897;240;28;1;land;false;forest;5
3898;197;60;1;land;false;forest;5
3899;196;54;1;land;false;hills;5
3900;166;70;1;land;false;plains;5
3901;195;28;1;land;false;hills;5
3902;186;28;1;land;false;plains;5
3903;244;44;1;land;false;plains;5
3904;222;88;1;land;false;forest;5
3905;213;52;1;land;true;plains;5
3906;227;18;1;land;false;forest;5
3907;190;27;1;land;false;plains;5
3908;166;26;1;land;false;forest;5
3909;214;83;1;land;false;forest;5
3910;233;43;1;land;true;plains;5
3911;176;22;1;land;false;plains;5
3912;224;60;1;land;false;plains;5
3913;195;34;1;land;true;plains;5
3914;203;81;1;land;false;forest;5
3915;227;58;1;land;false;forest;5
3916;210;86;1;land;false;hills;5
3917;209;83;1;land;false;plains;5
3918;197;20;1;land;false;plains;5
3919;185;62;1;land;false;plains;5
3920;205;28;1;land;false;plains;5
3921;226;17;1;land;false;plains;5
3922;215;58;1;land;false;plains;5
3923;172;26;1;land;false;forest;5
3924;211;89;1;land;true;plains;5
3925;220;144;1;land;true;plains;5
3926;207;130;1;land;false;forest;5
3927;162;189;1;land;false;forest;5
3928;185;115;1;land;true;forest;5
3929;168;121;1;land;true;forest;5
3930;200;169;1;land;true;forest;5
3931;149;129;1;land;true;plains;5
3932;145;120;1;land;true;forest;5
3933;217;167;1;land;false;forest;5
3934;207;118;1;land;true;plains;5
3935;219;153;1;land;false;forest;5
3936;199;137;1;land;false;forest;5
3937;161;115;1;land;true;forest;5
3938;68;214;1;land;false;forest;5
3939;56;219;1;land;false;plains;5
3940;50;240;1;land;false;forest;5
3941;16;212;1;land;false;forest;5
3942;27;242;1;land;false;forest;5
3943;25;213;1;land;false;forest;5
3944;24;227;1;land;false;forest;5
3945;21;253;1;land;false;forest;5
3946;182;115;1;land;true;forest;5
3947;234;246;1;land;false;plains;5
3948;239;202;1;land;false;plains;5
3949;216;198;1;land;true;plains;5
3950;239;225;1;land;false;plains;5
3951;234;241;1;land;false;plains;5
3952;245;211;1;land;false;plains;5
3953;246;198;1;land;false;plains;5
3954;208;210;1;land;false;plains;5
3955;221;253;1;land;true;plains;5
3956;241;226;1;land;false;plains;5
3957;249;234;1;land;true;plains;5
3958;239;217;1;land;false;forest;5
3959;239;227;1;land;false;hills;5
3960;208;197;1;land;false;plains;5
3961;224;216;1;land;false;plains;5
3962;224;197;1;land;false;plains;5
3963;243;199;1;land;true;plains;5
3964;239;200;1;land;false;forest;5
3965;221;249;1;land;false;plains;5
3966;206;239;1;land;false;plains;5
3967;215;220;1;land;false;plains;5
3968;211;222;1;land;false;plains;5
3969;238;248;1;land;true;plains;5
3970;235;237;1;land;false;plains;5
3971;8;104;1;land;true;forest;5
3972;83;8;1;land;false;plains;5
3973;68;62;1;land;false;plains;5
3974;92;2;1;land;false;plains;5
3975;57;12;1;land;false;plains;5
3976;89;40;1;land;false;plains;5
3977;102;22;1;land;false;plains;5
3978;81;22;1;land;false;plains;5
3979;61;27;1;land;false;plains;5
3980;98;45;1;land;false;plains;5
3981;73;20;1;land;false;plains;5
3982;84;20;1;land;false;plains;5
3983;67;9;1;land;false;plains;5
3984;104;2;1;land;false;plains;5
3985;65;50;1;land;false;plains;5
3986;33;12;1;land;false;plains;5
3987;76;37;1;land;false;plains;5
3988;95;43;1;land;false;plains;5
3989;33;38;1;land;false;plains;5
3990;59;127;1;land;false;mountain;5
3991;41;171;1;land;false;plains;5
3992;76;165;1;land;false;mountain;5
3993;52;138;1;land;false;hills;5
3994;19;181;1;land;false;hills;5
3995;34;152;1;land;false;forest;5
3996;62;135;1;land;false;mountain;5
3997;51;163;1;land;false;mountain;5
3998;96;134;1;land;false;hills;5
3999;216;92;1;land;false;forest;5
4000;200;87;1;land;false;plains;5
4001;161;125;1;land;false;hills;5
4002;200;111;1;land;false;hills;5
4003;192;149;1;land;false;plains;5
4004;217;131;1;land;false;forest;5
4005;226;94;1;land;false;forest;5
4006;211;164;1;land;false;hills;5
4007;202;130;1;land;false;hills;5
4008;217;140;1;land;false;forest;5
4009;179;124;1;land;false;forest;5
4010;221;122;1;land;false;mountain;5
4011;187;156;1;land;false;forest;5
4012;181;90;1;land;false;plains;5
4013;158;155;1;land;false;mountain;5
4014;203;113;1;land;false;hills;5
4015;200;159;1;land;false;hills;5
4016;171;124;1;land;false;hills;5
4017;180;133;1;land;false;plains;5
4018;229;85;1;land;false;plains;5
4019;208;104;1;land;false;plains;5
4020;202;148;1;land;false;plains;5
4021;195;87;1;land;false;hills;5
4022;171;125;1;land;false;hills;5
4023;205;130;1;land;false;hills;5
4024;185;102;1;land;false;forest;5
4025;214;107;1;land;false;hills;5
4026;210;151;1;land;false;hills;5
4027;173;97;1;land;false;forest;5
4028;170;98;1;land;false;plains;5
4029;204;159;1;land;false;hills;5
4030;172;136;1;land;true;plains;5
4031;145;149;1;land;false;forest;5
4032;159;105;1;land;false;forest;5
4033;173;123;1;land;false;plains;5
4034;147;90;1;land;false;forest;5
4035;168;140;1;land;false;plains;5
4036;151;125;1;land;false;plains;5
4037;171;122;1;land;false;plains;5
4038;124;106;1;land;false;forest;5
4039;144;72;1;land;false;forest;5
4040;168;99;1;land;true;forest;5
4041;188;138;1;land;false;plains;5
4042;160;109;1;land;false;plains;5
4043;170;86;1;land;true;forest;5
4044;153;75;1;land;true;plains;5
4045;136;101;1;land;true;plains;5
4046;183;150;1;land;false;forest;5
4047;137;145;1;land;false;forest;5
4048;140;114;1;land;true;forest;5
4049;144;112;1;land;false;plains;5
4050;136;117;1;land;true;plains;5
4051;118;87;1;land;false;forest;5
4052;59;222;1;land;false;forest;5
4053;72;143;1;land;false;forest;5
4054;30;185;1;land;false;forest;5
4055;73;192;1;land;false;forest;5
4056;79;212;1;land;false;forest;5
4057;24;154;1;land;false;forest;5
4058;13;177;1;land;false;forest;5
4059;18;151;1;land;false;mountain;5
4060;68;205;1;land;false;forest;5
4061;68;208;1;land;false;hills;5
4062;12;182;1;land;false;forest;5
4063;7;165;1;land;false;forest;5
4064;9;160;1;land;false;plains;5
4065;86;154;1;land;false;forest;5
4066;11;167;1;land;false;forest;5
4067;12;171;1;land;false;plains;5
4068;9;196;1;land;false;forest;5
4069;66;219;1;land;false;forest;5
4070;31;221;1;land;false;hills;5
4071;86;208;1;land;false;forest;5
4072;44;185;1;land;false;plains;5
4073;37;190;1;land;false;plains;5
4074;10;203;1;land;false;forest;5
4075;66;155;1;land;false;forest;5
4076;57;161;1;land;false;forest;5
4077;60;221;1;land;false;hills;5
4078;7;203;1;land;false;plains;5
4079;66;202;1;land;false;forest;5
4080;7;166;1;land;false;mountain;5
4081;64;167;1;land;false;plains;5
4082;42;153;1;land;false;plains;5
4083;21;217;1;land;false;plains;5
4084;65;216;1;land;false;hills;5
4085;48;172;1;land;false;forest;5
4086;45;210;1;land;false;forest;5
4087;26;190;1;land;false;forest;5
4088;39;222;1;land;false;forest;5
4089;20;220;1;land;false;hills;5
4090;23;150;1;land;false;plains;5
4091;16;160;1;land;false;plains;5
4092;69;190;1;land;false;hills;5
4093;136;30;1;land;false;hills;5
4094;158;12;1;land;false;forest;5
4095;150;2;1;land;false;hills;5
4096;123;40;1;land;false;hills;5
4097;126;6;1;land;false;plains;5
4098;158;13;1;land;false;hills;5
4099;101;18;1;land;false;hills;5
4100;82;39;1;land;false;hills;5
4101;109;15;1;land;false;hills;5
4102;127;10;1;land;false;mountain;5
4103;83;56;1;land;false;plains;5
4104;132;2;1;land;false;mountain;5
4105;116;18;1;land;false;hills;5
4106;141;15;1;land;false;hills;5
4107;152;60;1;land;false;hills;5
4108;115;49;1;land;false;forest;5
4109;154;39;1;land;false;mountain;5
4110;144;44;1;land;false;hills;5
4111;147;30;1;land;false;mountain;5
4112;101;29;1;land;false;forest;5
4113;94;9;1;land;false;hills;5
4114;125;48;1;land;false;hills;5
4115;146;54;1;land;false;forest;5
4116;83;76;1;land;false;plains;5
4117;80;30;1;land;false;hills;5
4118;97;66;1;land;false;mountain;5
4119;104;67;1;land;false;mountain;5
4120;131;57;1;land;false;mountain;5
4121;104;41;1;land;false;hills;5
4122;105;8;1;land;false;hills;5
4123;114;2;1;land;false;hills;5
4124;130;207;1;land;true;plains;5
4125;81;148;1;land;false;forest;5
4126;65;172;1;land;false;forest;5
4127;59;207;1;land;false;forest;5
4128;120;184;1;land;false;forest;5
4129;59;175;1;land;false;plains;5
4130;89;210;1;land;false;forest;5
4131;106;150;1;land;true;forest;5
4132;86;209;1;land;true;plains;5
4133;85;195;1;land;false;forest;5
4134;74;196;1;land;true;forest;5
4135;129;218;1;land;false;forest;5
4136;110;155;1;land;false;forest;5
4137;62;160;1;land;false;forest;5
4138;83;152;1;land;false;hills;5
4139;223;37;1;land;false;forest;5
4140;223;33;1;land;true;forest;5
4141;248;88;1;land;false;forest;5
4142;210;47;1;land;false;forest;5
4143;240;67;1;land;false;forest;5
4144;231;93;1;land;true;forest;5
4145;239;41;1;land;false;forest;5
4146;219;57;1;land;false;forest;5
4147;221;76;1;land;false;forest;5
4148;202;20;1;land;false;forest;5
4149;211;82;1;land;false;forest;5
4150;238;40;1;land;false;forest;5
4151;247;93;1;land;true;forest;5
4152;233;30;1;land;false;forest;5
4153;154;144;1;land;true;plains;5
4154;33;203;1;land;false;forest;5
4155;41;225;1;land;false;forest;5
4156;15;200;1;land;false;plains;5
4157;44;215;1;land;false;hills;5
4158;40;238;1;land;false;hills;5
4159;14;237;1;land;false;hills;5
4160;39;245;1;land;false;hills;5
4161;26;248;1;land;false;hills;5
4162;63;237;1;land;false;hills;5
4163;26;211;1;land;false;hills;5
4164;46;242;1;land;false;hills;5
4165;25;238;1;land;false;plains;5
4166;49;204;1;land;false;mountain;5
4167;31;239;1;land;false;hills;5
4168;30;231;1;land;false;hills;5
4169;18;216;1;land;false;plains;5
4170;33;244;1;land;false;hills;5
4171;10;213;1;land;false;plains;5
4172;191;25;1;land;false;mountain;5
4173;158;35;1;land;false;mountain;5
4174;141;48;1;land;false;mountain;5
4175;197;44;1;land;false;mountain;5
4176;174;25;1;land;false;mountain;5
4177;205;57;1;land;false;hills;5
4178;139;27;1;land;false;mountain;5
4179;188;46;1;land;false;mountain;5
4180;197;26;1;land;false;mountain;5
4181;250;53;1;land;false;plains;5
4182;191;43;1;land;false;mountain;5
4183;197;74;1;land;false;forest;5
4184;228;82;1;land;false;forest;5
4185;232;21;1;land;false;forest;5
4186;227;46;1;land;false;hills;5
4187;240;14;1;land;false;hills;5
4188;233;76;1;land;false;mountain;5
4189;225;19;1;land;false;forest;5
4190;205;36;1;land;false;hills;5
4191;206;71;1;land;false;hills;5
4192;227;19;1;land;false;forest;5
4193;252;9;1;land;false;hills;5
4194;239;46;1;land;false;hills;5
4195;221;79;1;land;false;hills;5
4196;245;46;1;land;false;forest;5
4197;185;79;1;land;false;forest;5
4198;220;88;1;land;false;plains;5
4199;194;54;1;land;false;plains;5
4200;190;29;1;land;false;forest;5
4201;193;60;1;land;false;hills;5
4202;208;47;1;land;false;hills;5
4203;193;83;1;land;false;forest;5
4204;196;51;1;land;false;hills;5
4205;188;23;1;land;false;hills;5
4206;191;39;1;land;false;hills;5
4207;203;19;1;land;false;hills;5
4208;220;57;1;land;false;plains;5
4209;197;22;1;land;false;hills;5
4210;220;17;1;land;false;plains;5
4211;239;23;1;land;false;plains;5
4212;243;81;1;land;false;hills;5
4213;198;10;1;land;false;forest;5
4214;212;21;1;land;false;forest;5
4215;191;32;1;land;false;forest;5
4216;230;15;1;land;false;hills;5
4217;206;50;1;land;false;forest;5
4218;212;72;1;land;false;forest;5
4219;196;32;1;land;false;hills;5
4220;243;34;1;land;false;hills;5
4221;193;10;1;land;false;mountain;5
4222;206;36;1;land;false;forest;5
4223;240;83;1;land;false;hills;5
4224;186;87;1;land;false;mountain;5
4225;238;56;1;land;false;hills;5
4226;246;61;1;land;false;forest;5
4227;190;20;1;land;false;forest;5
4228;250;55;1;land;false;forest;5
4229;234;25;1;land;false;forest;5
4230;188;20;1;land;false;plains;5
4231;254;30;1;land;false;hills;5
4232;211;20;1;land;false;hills;5
4233;232;43;1;land;false;hills;5
4234;215;25;1;land;false;hills;5
4235;249;45;1;land;false;forest;5
4236;223;44;1;land;false;plains;5
4237;184;16;1;land;false;hills;5
4238;219;62;1;land;false;forest;5
4239;248;79;1;land;false;hills;5
4240;199;69;1;land;false;mountain;5
4241;250;31;1;land;false;hills;5
4242;190;41;1;land;false;hills;5
4243;185;21;1;land;false;mountain;5
4244;227;55;1;land;false;forest;5
4245;248;23;1;land;false;hills;5
4246;211;18;1;land;false;forest;5
4247;232;53;1;land;false;hills;5
4248;98;75;1;land;false;hills;5
4249;95;96;1;land;false;plains;5
4250;107;92;1;land;false;plains;5
4251;98;69;1;land;true;forest;5
4252;94;65;1;land;false;mountain;5
4253;124;80;1;land;false;hills;5
4254;118;62;1;land;false;hills;5
4255;129;53;1;land;false;hills;5
4256;131;79;1;land;true;plains;5
4257;67;107;1;land;false;plains;5
4258;62;59;1;land;true;forest;5
4259;99;90;1;land;true;plains;5
4260;93;119;1;land;true;plains;5
4261;91;130;1;land;true;plains;5
4262;114;59;1;land;false;hills;5
4263;128;96;1;land;false;plains;5
4264;207;20;1;land;false;mountain;5
4265;238;79;1;land;false;hills;5
4266;219;63;1;land;false;forest;5
4267;228;34;1;land;false;hills;5
4268;240;53;1;land;false;mountain;5
4269;221;90;1;land;false;plains;5
4270;215;71;1;land;false;plains;5
4271;199;80;1;land;false;plains;5
4272;222;68;1;land;false;plains;5
4273;202;11;1;land;false;plains;5
4274;221;15;1;land;false;mountain;5
4275;245;36;1;land;false;plains;5
4276;206;66;1;land;false;hills;5
4277;229;57;1;land;false;hills;5
4278;242;85;1;land;false;hills;5
4279;254;15;1;land;false;mountain;5
4280;230;16;1;land;false;hills;5
4281;198;18;1;land;false;mountain;5
4282;216;64;1;land;false;hills;5
4283;205;43;1;land;false;hills;5
4284;214;62;1;land;false;plains;5
4285;250;46;1;land;false;hills;5
4286;253;13;1;land;false;mountain;5
4287;221;23;1;land;false;plains;5
4288;223;17;1;land;false;hills;5
4289;208;78;1;land;false;hills;5
4290;193;67;1;land;false;plains;5
4291;252;59;1;land;false;plains;5
4292;212;23;1;land;false;plains;5
4293;246;29;1;land;false;hills;5
4294;236;70;1;land;false;mountain;5
4295;245;90;1;land;false;hills;5
4296;246;65;1;land;false;plains;5
4297;222;22;1;land;false;plains;5
4298;213;74;1;land;false;hills;5
4299;209;66;1;land;false;hills;5
4300;237;32;1;land;false;forest;5
4301;208;34;1;land;false;plains;5
4302;246;66;1;land;false;plains;5
4303;253;42;1;land;false;mountain;5
4304;253;58;1;land;false;mountain;5
4305;248;29;1;land;false;plains;5
4306;241;33;1;land;false;forest;5
4307;190;59;1;land;false;plains;5
4308;204;58;1;land;false;mountain;5
4309;111;46;1;land;false;forest;5
4310;155;62;1;land;false;forest;5
4311;170;75;1;land;true;plains;5
4312;164;28;1;land;false;hills;5
4313;129;18;1;land;false;plains;5
4314;161;72;1;land;false;plains;5
4315;164;7;1;land;true;forest;5
4316;128;31;1;land;true;plains;5
4317;177;58;1;land;false;plains;5
4318;131;24;1;land;true;forest;5
4319;139;6;1;land;false;forest;5
4320;175;51;1;land;false;hills;5
4321;115;59;1;land;false;hills;5
4322;134;4;1;land;false;forest;5
4323;104;9;1;land;false;hills;5
4324;143;59;1;land;false;forest;5
4325;147;29;1;land;true;plains;5
4326;170;42;1;land;false;plains;5
4327;164;70;1;land;false;hills;5
4328;248;242;1;land;false;forest;5
4329;211;215;1;land;false;mountain;5
4330;194;213;1;land;false;hills;5
4331;207;208;1;land;false;mountain;5
4332;187;211;1;land;false;hills;5
4333;203;250;1;land;false;mountain;5
4334;210;209;1;land;false;hills;5
4335;216;243;1;land;false;mountain;5
4336;223;219;1;land;false;hills;5
4337;190;205;1;land;false;plains;5
4338;225;221;1;land;false;hills;5
4339;198;248;1;land;false;mountain;5
4340;227;234;1;land;false;hills;5
4341;190;234;1;land;false;forest;5
4342;217;207;1;land;false;mountain;5
4343;198;201;1;land;false;mountain;5
4344;249;230;1;land;false;forest;5
4345;205;217;1;land;false;hills;5
4346;8;130;1;land;false;hills;5
4347;71;125;1;land;false;hills;5
4348;123;18;1;land;false;plains;5
4349;133;172;1;land;false;plains;5
4350;105;193;1;land;true;plains;5
4351;90;180;1;land;true;plains;5
4352;118;205;1;land;true;hills;5
4353;119;145;1;land;false;plains;5
4354;107;174;1;land;false;hills;5
4355;127;204;1;land;false;plains;5
4356;73;212;1;land;true;plains;5
4357;138;199;1;land;true;plains;5
4358;137;161;1;land;true;plains;5
4359;82;203;1;land;false;plains;5
4360;108;176;1;land;false;plains;5
4361;122;152;1;land;false;plains;5
4362;70;190;1;land;true;hills;5
4363;66;164;1;land;false;plains;5
4364;134;163;1;land;false;hills;5
4365;5;102;1;land;false;plains;5
4366;243;155;1;land;false;hills;5
4367;218;151;1;land;false;hills;5
4368;212;168;1;land;false;forest;5
4369;244;141;1;land;false;hills;5
4370;214;131;1;land;false;hills;5
4371;231;159;1;land;false;mountain;5
4372;223;180;1;land;false;forest;5
4373;212;122;1;land;false;forest;5
4374;231;193;1;land;false;hills;5
4375;205;187;1;land;false;mountain;5
4376;243;174;1;land;false;hills;5
4377;228;155;1;land;false;hills;5
4378;206;161;1;land;false;hills;5
4379;240;174;1;land;false;hills;5
4380;237;196;1;land;false;mountain;5
4381;234;189;1;land;false;hills;5
4382;227;147;1;land;false;forest;5
4383;241;126;1;land;true;forest;5
4384;215;181;1;land;false;mountain;5
4385;211;171;1;land;false;forest;5
4386;239;148;1;land;false;hills;5
4387;203;127;1;land;false;hills;5
4388;252;188;1;land;false;hills;5
4389;246;196;1;land;false;forest;5
4390;209;200;1;land;false;hills;5
4391;220;165;1;land;false;hills;5
4392;215;142;1;land;false;hills;5
4393;204;146;1;land;false;forest;5
4394;213;180;1;land;true;forest;5
4395;248;181;1;land;false;forest;5
4396;229;198;1;land;false;mountain;5
4397;252;162;1;land;false;plains;5
4398;238;145;1;land;false;mountain;5
4399;225;132;1;land;false;forest;5
4400;214;164;1;land;false;hills;5
4401;220;151;1;land;false;hills;5
4402;216;123;1;land;false;mountain;5
4403;232;146;1;land;false;forest;5
4404;247;136;1;land;false;hills;5
4405;250;148;1;land;false;hills;5
4406;253;138;1;land;false;forest;5
4407;248;180;1;land;false;mountain;5
4408;214;157;1;land;false;forest;5
4409;211;187;1;land;false;forest;5
4410;224;161;1;land;false;mountain;5
4411;240;150;1;land;false;forest;5
4412;223;140;1;land;false;hills;5
4413;238;176;1;land;false;hills;5
4414;240;180;1;land;false;hills;5
4415;233;126;1;land;false;forest;5
4416;156;97;1;land;false;forest;5
4417;147;41;1;land;false;plains;5
4418;123;69;1;land;false;plains;5
4419;138;54;1;land;false;plains;5
4420;85;77;1;land;false;plains;5
4421;106;87;1;land;false;plains;5
4422;163;88;1;land;false;forest;5
4423;87;97;1;land;false;plains;5
4424;112;42;1;land;false;forest;5
4425;156;51;1;land;false;plains;5
4426;98;28;1;land;false;plains;5
4427;127;55;1;land;false;forest;5
4428;126;63;1;land;false;plains;5
4429;120;22;1;land;false;plains;5
4430;152;97;1;land;false;plains;5
4431;159;92;1;land;false;forest;5
4432;142;55;1;land;false;forest;5
4433;145;21;1;land;false;plains;5
4434;90;63;1;land;false;plains;5
4435;112;82;1;land;false;forest;5
4436;123;96;1;land;false;plains;5
4437;100;91;1;land;false;forest;5
4438;127;69;1;land;false;plains;5
4439;106;40;1;land;false;forest;5
4440;137;75;1;land;false;plains;5
4441;116;35;1;land;false;forest;5
4442;86;89;1;land;true;plains;5
4443;74;38;1;land;false;plains;5
4444;86;105;1;land;true;plains;5
4445;20;97;1;land;false;plains;5
4446;32;54;1;land;false;plains;5
4447;37;110;1;land;false;plains;5
4448;28;87;1;land;true;plains;5
4449;75;234;1;land;false;forest;5
4450;84;234;1;land;false;plains;5
4451;81;173;1;land;false;hills;5
4452;122;160;1;land;false;hills;5
4453;83;185;1;land;false;mountain;5
4454;113;204;1;land;false;plains;5
4455;126;235;1;land;false;hills;5
4456;99;238;1;land;false;hills;5
4457;118;176;1;land;false;plains;5
4458;113;229;1;land;false;hills;5
4459;102;163;1;land;true;plains;5
4460;130;218;1;land;false;mountain;5
4461;118;237;1;land;false;hills;5
4462;131;181;1;land;true;plains;5
4463;100;239;1;land;true;forest;5
4464;102;227;1;land;true;forest;5
4465;131;219;1;land;false;hills;5
4466;67;171;1;land;false;plains;5
4467;101;162;1;land;false;hills;5
4468;119;160;1;land;false;plains;5
4469;75;223;1;land;true;plains;5
4470;78;223;1;land;false;hills;5
4471;91;173;1;land;false;hills;5
4472;68;232;1;land;false;hills;5
4473;114;165;1;land;true;plains;5
4474;93;215;1;land;false;forest;5
4475;121;216;1;land;false;mountain;5
4476;67;212;1;land;false;mountain;5
4477;123;201;1;land;false;plains;5
4478;38;37;1;land;false;mountain;5
4479;16;44;1;land;false;mountain;5
4480;38;2;1;land;false;mountain;5
4481;68;15;1;land;false;mountain;5
4482;72;16;1;land;false;mountain;5
4483;12;13;1;land;false;hills;5
4484;81;31;1;land;false;mountain;5
4485;69;11;1;land;false;mountain;5
4486;26;43;1;land;false;hills;5
4487;15;6;1;land;false;mountain;5
4488;99;2;1;land;true;plains;5
4489;123;28;1;land;true;plains;5
4490;73;24;1;land;false;plains;5
4491;132;30;1;land;false;plains;5
4492;102;0;1;land;true;plains;5
4493;72;0;1;land;false;plains;5
4494;222;100;1;land;true;forest;5
4495;196;91;1;land;true;forest;5
4496;208;114;1;land;true;hills;5
4497;237;78;1;land;true;plains;5
4498;227;99;1;land;false;forest;5
4499;240;111;1;land;true;forest;5
4500;215;75;1;land;false;forest;5
4501;202;81;1;land;false;forest;5
4502;252;104;1;land;true;forest;5
4503;78;184;1;land;false;hills;5
4504;144;158;1;land;false;hills;5
4505;143;145;1;land;false;hills;5
4506;115;159;1;land;false;hills;5
4507;203;45;1;land;false;hills;5
4508;178;26;1;land;false;plains;5
4509;29;42;1;land;true;plains;5
4510;59;13;1;land;true;plains;5
4511;21;45;1;land;true;forest;5
4512;43;30;1;land;false;forest;5
4513;245;107;1;land;false;hills;5
4514;192;162;1;land;true;plains;5
4515;202;117;1;land;true;forest;5
4516;227;115;1;land;false;plains;5
4517;239;169;1;land;true;plains;5
4518;219;214;1;land;true;plains;5
4519;253;161;1;land;false;plains;5
4520;254;214;1;land;true;forest;5
4521;235;177;1;land;true;plains;5
4522;244;152;1;land;true;forest;5
4523;187;52;1;land;false;forest;5
4524;198;34;1;land;false;mountain;5
4525;168;25;1;land;false;forest;5
4526;195;43;1;land;false;forest;5
4527;123;41;1;land;false;hills;5
4528;188;82;1;land;false;mountain;5
4529;199;35;1;land;true;plains;5
4530;141;42;1;land;true;forest;5
4531;170;29;1;land;false;hills;5
4532;165;68;1;land;true;plains;5
4533;129;62;1;land;false;mountain;5
4534;130;24;1;land;false;hills;5
4535;141;62;1;land;false;forest;5
4536;145;72;1;land;false;plains;5
4537;158;75;1;land;true;forest;5
4538;185;46;1;land;false;mountain;5
4539;150;69;1;land;false;plains;5
4540;114;212;1;land;true;forest;5
4541;134;229;1;land;false;forest;5
4542;160;203;1;land;false;forest;5
4543;144;212;1;land;false;forest;5
4544;150;209;1;land;false;plains;5
4545;101;180;1;land;false;forest;5
4546;154;236;1;land;false;forest;5
4547;138;168;1;land;false;forest;5
4548;164;226;1;land;false;forest;5
4549;142;205;1;land;false;forest;5
4550;122;243;1;land;false;forest;5
4551;176;202;1;land;false;forest;5
4552;113;222;1;land;true;plains;5
4553;169;247;1;land;false;forest;5
4554;146;209;1;land;false;forest;5
4555;170;197;1;land;false;plains;5
4556;136;211;1;land;true;forest;5
4557;112;234;1;land;false;forest;5
4558;140;188;1;land;false;forest;5
4559;170;201;1;land;false;forest;5
4560;169;180;1;land;true;forest;5
4561;142;168;1;land;false;forest;5
4562;165;208;1;land;false;forest;5
4563;115;230;1;land;true;plains;5
4564;111;175;1;land;false;forest;5
4565;153;200;1;land;false;forest;5
4566;155;204;1;land;false;forest;5
4567;143;201;1;land;false;forest;5
4568;116;236;1;land;false;forest;5
4569;178;190;1;land;false;forest;5
4570;151;213;1;land;false;forest;5
4571;152;212;1;land;false;forest;5
4572;170;190;1;land;false;forest;5
4573;120;227;1;land;false;forest;5
4574;120;218;1;land;false;forest;5
4575;153;11;1;land;false;forest;5
4576;140;39;1;land;false;plains;5
4577;124;54;1;land;true;plains;5
4578;164;64;1;land;true;plains;5
4579;130;38;1;land;false;forest;5
4580;125;20;1;land;true;plains;5
4581;130;64;1;land;false;forest;5
4582;201;154;1;land;false;mountain;5
4583;243;113;1;land;false;plains;5
4584;219;185;1;land;false;plains;5
4585;239;168;1;land;false;mountain;5
4586;251;143;1;land;false;plains;5
4587;198;168;1;land;false;hills;5
4588;246;131;1;land;false;plains;5
4589;240;183;1;land;false;forest;5
4590;204;189;1;land;false;mountain;5
4591;230;247;1;land;false;plains;5
4592;214;240;1;land;false;plains;5
4593;218;229;1;land;false;forest;5
4594;246;254;1;land;false;forest;5
4595;226;225;1;land;false;plains;5
4596;229;250;1;land;false;plains;5
4597;244;209;1;land;false;forest;5
4598;250;238;1;land;false;plains;5
4599;218;235;1;land;false;hills;5
4600;238;236;1;land;false;plains;5
4601;247;217;1;land;false;plains;5
4602;169;99;1;land;true;forest;5
4603;207;145;1;land;false;plains;5
4604;201;123;1;land;false;forest;5
4605;218;152;1;land;true;plains;5
4606;159;156;1;land;false;forest;5
4607;173;149;1;land;true;forest;5
4608;162;116;1;land;false;plains;5
4609;208;120;1;land;true;forest;5
4610;191;123;1;land;false;forest;5
4611;196;128;1;land;true;plains;5
4612;169;232;1;land;false;mountain;5
4613;177;184;1;land;false;mountain;5
4614;189;206;1;land;false;mountain;5
4615;131;237;1;land;false;mountain;5
4616;125;232;1;land;false;forest;5
4617;180;189;1;land;false;mountain;5
4618;162;231;1;land;false;plains;5
4619;153;186;1;land;false;mountain;5
4620;157;241;1;land;false;mountain;5
4621;178;176;1;land;false;plains;5
4622;191;214;1;land;false;plains;5
4623;145;206;1;land;false;hills;5
4624;155;196;1;land;false;mountain;5
4625;118;209;1;land;false;mountain;5
4626;154;243;1;land;false;hills;5
4627;133;205;1;land;false;hills;5
4628;125;203;1;land;false;mountain;5
4629;193;227;1;land;false;forest;5
4630;128;228;1;land;false;hills;5
4631;124;212;1;land;false;plains;5
4632;140;200;1;land;false;forest;5
4633;152;234;1;land;false;hills;5
4634;194;230;1;land;false;mountain;5
4635;156;201;1;land;false;mountain;5
4636;194;189;1;land;false;plains;5
4637;124;248;1;land;false;plains;5
4638;161;229;1;land;false;hills;5
4639;146;234;1;land;false;hills;5
4640;192;221;1;land;false;mountain;5
4641;170;232;1;land;false;mountain;5
4642;150;254;1;land;false;hills;5
4643;152;93;1;land;false;forest;5
4644;147;85;1;land;true;forest;5
4645;149;65;1;land;false;forest;5
4646;182;53;1;land;true;forest;5
4647;189;110;1;land;true;forest;5
4648;144;56;1;land;true;forest;5
4649;174;105;1;land;false;plains;5
4650;220;61;1;land;false;forest;5
4651;187;61;1;land;false;forest;5
4652;94;179;1;land;false;forest;5
4653;110;158;1;land;false;hills;5
4654;56;180;1;land;false;forest;5
4655;97;183;1;land;false;hills;5
4656;67;211;1;land;false;plains;5
4657;239;124;1;land;false;plains;5
4658;200;149;1;land;true;plains;5
4659;188;141;1;land;true;plains;5
4660;241;169;1;land;true;plains;5
4661;192;170;1;land;true;plains;5
4662;199;140;1;land;false;hills;5
4663;194;133;1;land;true;plains;5
4664;238;133;1;land;false;plains;5
4665;243;151;1;land;false;plains;5
4666;153;191;1;land;false;urban;5
4667;133;143;1;land;false;plains;5
4668;104;170;1;land;false;plains;5
4669;138;200;1;land;false;forest;5
4670;168;186;1;land;false;plains;5
4671;158;176;1;land;false;plains;5
4672;139;176;1;land;false;plains;5
4673;118;173;1;land;false;forest;5
4674;106;215;1;land;false;plains;5
4675;145;196;1;land;false;plains;5
4676;135;205;1;land;false;plains;5
4677;99;154;1;land;false;forest;5
4678;160;199;1;land;false;plains;5
4679;129;205;1;land;false;plains;5
4680;139;119;1;land;false;hills;5
4681;179;148;1;land;false;hills;5
4682;180;154;1;land;false;hills;5
4683;136;103;1;land;false;hills;5
4684;111;142;1;land;true;hills;5
4685;107;148;1;land;false;plains;5
4686;109;147;1;land;false;hills;5
4687;156;92;1;land;false;mountain;5
4688;169;135;1;land;false;mountain;5
4689;180;159;1;land;false;mountain;5
4690;148;155;1;land;false;hills;5
4691;228;89;1;land;true;forest;5
4692;151;60;1;land;true;forest;5
4693;137;101;1;land;false;plains;5
4694;75;143;1;land;false;hills;5
4695;100;84;1;land;false;hills;5
4696;127;127;1;land;false;hills;5
4697;196;134;1;land;false;forest;5
4698;237;148;1;land;false;plains;5
4699;196;126;1;land;false;plains;5
4700;216;150;1;land;false;hills;5
4701;180;113;1;land;false;hills;5
4702;224;124;1;land;false;urban;5
4703;216;130;1;land;false;forest;5
4704;176;133;1;land;true;plains;5
4705;194;107;1;land;false;hills;5
4706;213;111;1;land;false;hills;5
4707;168;131;1;land;false;hills;5
4708;205;126;1;land;false;plains;5
4709;203;129;1;land;false;plains;5
4710;199;107;1;land;false;forest;5
4711;175;131;1;land;true;plains;5
4712;229;129;1;land;false;hills;5
4713;178;144;1;land;true;plains;5
4714;213;162;1;land;false;plains;5
4715;206;69;1;land;false;plains;5
4716;166;1;1;land;true;plains;5
4717;182;61;1;land;true;plains;5
4718;166;34;1;land;false;plains;5
4719;56;38;1;land;true;hills;5
4720;44;51;1;land;true;hills;5
4721;12;58;1;land;false;mountain;5
4722;49;9;1;land;false;mountain;5
4723;53;15;1;land;false;mountain;5
4724;59;30;1;land;true;hills;5
4725;51;1;1;land;true;plains;5
4726;18;56;1;land;false;hills;5
4727;29;136;1;land;false;plains;5
4728;37;139;1;land;false;forest;5
4729;32;195;1;land;false;forest;5
4730;50;194;1;land;false;plains;5
4731;40;211;1;land;false;plains;5
4732;46;141;1;land;false;plains;5
4733;49;151;1;land;false;forest;5
4734;54;135;1;land;false;forest;5
4735;71;185;1;land;false;plains;5
4736;24;174;1;land;false;plains;5
4737;22;181;1;land;false;forest;5
4738;23;205;1;land;true;plains;5
4739;73;137;1;land;false;plains;5
4740;45;188;1;land;false;plains;5
4741;81;171;1;land;false;forest;5
4742;23;145;1;land;false;plains;5
4743;27;149;1;land;false;plains;5
4744;37;173;1;land;true;forest;5
4745;41;152;1;land;false;forest;5
4746;42;193;1;land;true;forest;5
4747;39;212;1;land;false;plains;5
4748;61;207;1;land;false;forest;5
4749;43;190;1;land;false;plains;5
4750;64;165;1;land;false;forest;5
4751;30;138;1;land;true;forest;5
4752;43;164;1;land;false;plains;5
4753;57;208;1;land;false;plains;5
4754;66;143;1;land;false;plains;5
4755;22;201;1;land;false;forest;5
4756;85;188;1;land;false;forest;5
4757;72;199;1;land;false;plains;5
4758;228;84;1;land;true;plains;5
4759;228;52;1;land;false;plains;5
4760;162;39;1;land;true;plains;5
4761;218;59;1;land;true;plains;5
4762;215;40;1;land;true;plains;5
4763;215;74;1;land;true;plains;5
4764;189;54;1;land;false;plains;5
4765;159;73;1;land;true;plains;5
4766;165;19;1;land;false;plains;5
4767;175;44;1;land;true;plains;5
4768;151;89;1;land;false;plains;5
4769;120;24;1;land;false;plains;5
4770;129;44;1;land;false;hills;5
4771;131;82;1;land;true;forest;5
4772;135;80;1;land;false;forest;5
4773;107;76;1;land;false;mountain;5
4774;129;73;1;land;false;hills;5
4775;170;72;1;land;false;hills;5
4776;171;18;1;land;false;hills;5
4777;161;16;1;land;false;mountain;5
4778;166;93;1;land;false;mountain;5
4779;118;30;1;land;false;hills;5
4780;159;84;1;land;false;plains;5
4781;169;61;1;land;false;plains;5
4782;132;23;1;land;false;hills;5
4783;164;84;1;land;false;forest;5
4784;109;79;1;land;false;plains;5
4785;161;34;1;land;false;hills;5
4786;104;22;1;land;false;hills;5
4787;175;29;1;land;false;mountain;5
4788;163;47;1;land;false;mountain;5
4789;133;88;1;land;false;mountain;5
4790;139;58;1;land;false;hills;5
4791;115;84;1;land;false;hills;5
4792;151;35;1;land;false;forest;5
4793;145;80;1;land;false;hills;5
4794;126;26;1;land;false;mountain;5
4795;155;72;1;land;false;mountain;5
4796;132;76;1;land;true;plains;5
4797;238;66;1;land;false;forest;2
4798;236;29;1;land;false;plains;2
4799;211;60;1;land;false;plains;2
4800;207;56;1;land;false;plains;2
4801;242;60;1;land;false;plains;2
4802;244;55;1;land;false;forest;2
4803;248;10;1;land;false;urban;2
4804;213;18;1;land;false;plains;2
4805;195;5;1;land;false;plains;2
4806;212;39;1;land;false;plains;2
4807;192;34;1;land;true;forest;2
4808;187;4;1;land;false;plains;2
4809;195;29;1;land;false;plains;2
4810;228;16;1;land;false;plains;2
4811;235;12;1;land;false;plains;2
4812;207;29;1;land;true;forest;2
4813;250;29;1;land;true;forest;2
4814;202;34;1;land;false;plains;2
4815;235;154;1;land;false;jungle;2
4816;229;175;1;land;false;jungle;2
4817;226;108;1;land;false;forest;2
4818;236;113;1;land;false;forest;2
4819;223;130;1;land;false;jungle;2
4820;210;166;1;land;false;jungle;2
4821;187;126;1;land;false;jungle;2
4822;237;152;1;land;true;jungle;2
4823;205;171;1;land;false;urban;2
4824;183;122;1;land;false;jungle;2
4825;225;172;1;land;false;forest;2
4826;230;105;1;land;true;jungle;2
4827;194;116;1;land;false;jungle;2
4828;237;97;1;land;false;forest;2
4829;216;146;1;land;false;hills;2
4830;224;126;1;land;false;jungle;2
4831;254;129;1;land;true;forest;2
4832;243;130;1;land;true;jungle;2
4833;219;156;1;land;false;jungle;2
4834;221;109;1;land;false;jungle;2
4835;204;115;1;land;false;jungle;2
4836;190;163;1;land;false;jungle;2
4837;210;144;1;land;false;forest;2
4838;233;173;1;land;false;forest;2
4839;192;140;1;land;false;jungle;2
4840;188;121;1;land;true;forest;2
4841;196;165;1;land;false;forest;2
4842;236;162;1;land;false;jungle;2
4843;242;134;1;land;true;jungle;2
4844;250;145;1;land;false;forest;2
4845;229;200;1;land;false;hills;2
4846;228;225;1;land;false;plains;2
4847;230;194;1;land;false;plains;2
4848;254;225;1;land;false;plains;2
4849;248;227;1;land;false;plains;2
4850;235;200;1;land;false;plains;2
4851;233;251;1;land;false;hills;2
4852;232;244;1;land;false;hills;2
4853;214;219;1;land;false;hills;2
4854;226;199;1;land;false;hills;2
4855;237;253;1;land;false;hills;2
4856;226;194;1;land;false;plains;2
4857;221;224;1;land;false;hills;2
4858;241;238;1;land;false;plains;2
4859;218;206;1;land;false;plains;2
4860;208;249;1;land;false;plains;2
4861;228;195;1;land;false;plains;2
4862;240;224;1;land;false;plains;2
4863;242;207;1;land;false;plains;2
4864;183;126;1;land;false;plains;2
4865;182;125;1;land;false;hills;2
4866;219;90;1;land;false;hills;2
4867;229;90;1;land;true;plains;2
4868;187;150;1;land;false;plains;2
4869;171;98;1;land;false;plains;2
4870;203;141;1;land;false;hills;2
4871;189;115;1;land;false;plains;2
4872;165;116;1;land;false;hills;2
4873;176;160;1;land;true;plains;2
4874;207;138;1;land;true;hills;2
4875;232;135;1;land;false;forest;2
4876;222;151;1;land;false;plains;2
4877;222;108;1;land;false;plains;2
4878;181;128;1;land;false;plains;2
4879;201;232;1;land;false;plains;2
4880;204;244;1;land;false;plains;2
4881;163;230;1;land;false;plains;2
4882;176;204;1;land;false;plains;2
4883;153;212;1;land;false;plains;2
4884;132;236;1;land;false;plains;2
4885;155;228;1;land;false;plains;2
4886;167;235;1;land;true;plains;2
4887;185;221;1;land;false;forest;2
4888;193;204;1;land;false;plains;2
4889;184;198;1;land;true;plains;2
4890;153;251;1;land;true;plains;2
4891;170;206;1;land;false;plains;2
4892;128;240;1;land;false;plains;2
4893;155;238;1;land;false;plains;2
4894;202;50;1;land;false;hills;2
4895;170;61;1;land;false;forest;2
4896;189;109;1;land;false;hills;2
4897;172;103;1;land;true;plains;2
4898;214;31;1;land;false;forest;2
4899;199;109;1;land;false;hills;2
4900;218;83;1;land;false;mountain;2
4901;195;99;1;land;false;hills;2
4902;216;93;1;land;false;forest;2
4903;149;106;1;land;true;plains;2
4904;152;51;1;land;false;forest;2
4905;165;90;1;land;false;hills;2
4906;195;97;1;land;false;hills;2
4907;216;103;1;land;false;hills;2
4908;192;98;1;land;false;hills;2
4909;184;64;1;land;false;hills;2
4910;151;98;1;land;false;hills;2
4911;200;102;1;land;false;plains;2
4912;197;102;1;land;false;hills;2
4913;221;100;1;land;true;plains;2
4914;226;164;1;land;false;forest;2
4915;198;125;1;land;false;forest;2
4916;199;165;1;land;false;plains;2
4917;197;125;1;land;false;forest;2
4918;246;150;1;land;false;forest;2
4919;197;124;1;land;false;plains;2
4920;65;220;1;land;false;plains;2
4921;80;212;1;land;true;plains;2
4922;75;229;1;land;true;forest;2
4923;72;252;1;land;true;plains;2
4924;23;218;1;land;true;plains;2
4925;77;216;1;land;true;forest;2
4926;52;219;1;land;false;plains;2
4927;49;216;1;land;false;hills;2
4928;77;230;1;land;true;forest;2
4929;31;210;1;land;true;forest;2
4930;231;143;1;land;true;plains;2
4931;216;117;1;land;true;plains;2
4932;230;215;1;land;false;plains;2
4933;216;244;1;land;false;plains;2
4934;254;224;1;land;true;plains;2
4935;218;213;1;land;false;plains;2
4936;226;254;1;land;true;plains;2
4937;247;214;1;land;false;plains;2
4938;219;199;1;land;false;plains;2
4939;225;210;1;land;false;plains;2
4940;221;219;1;land;false;plains;2
4941;239;194;1;land;false;plains;2
4942;213;243;1;land;false;plains;2
4943;225;239;1;land;false;plains;2
4944;244;234;1;land;false;plains;2
4945;95;49;1;land;false;mountain;2
4946;111;65;1;land;false;plains;2
4947;145;50;1;land;false;mountain;2
4948;102;75;1;land;false;plains;2
4949;96;22;1;land;false;mountain;2
4950;167;18;1;land;false;plains;2
4951;171;79;1;land;false;hills;2
4952;142;65;1;land;false;forest;2
4953;122;50;1;land;false;forest;2
4954;159;32;1;land;false;plains;2
4955;129;15;1;land;false;mountain;2
4956;118;39;1;land;false;mountain;2
4957;133;74;1;land;false;plains;2
4958;169;50;1;land;false;mountain;2
4959;157;26;1;land;false;hills;2
4960;164;38;1;land;false;forest;2
4961;167;39;1;land;false;plains;2
4962;119;12;1;land;false;hills;2
4963;146;77;1;land;false;mountain;2
4964;140;64;1;land;false;plains;2
4965;149;79;1;land;false;hills;2
4966;109;90;1;land;false;forest;2
4967;150;71;1;land;false;plains;2
4968;142;11;1;land;false;forest;2
4969;143;40;1;land;false;hills;2
4970;112;145;1;land;true;forest;2
4971;127;164;1;land;true;forest;2
4972;199;201;1;land;false;forest;2
4973;190;207;1;land;false;plains;2
4974;171;227;1;land;false;forest;2
4975;179;175;1;land;false;forest;2
4976;159;205;1;land;false;plains;2
4977;195;187;1;land;false;plains;2
4978;205;211;1;land;false;hills;2
4979;186;223;1;land;false;plains;2
4980;153;214;1;land;false;forest;2
4981;161;194;1;land;false;forest;2
4982;191;230;1;land;false;mountain;2
4983;226;188;1;land;false;plains;2
4984;165;205;1;land;false;plains;2
4985;224;200;1;land;false;forest;2
4986;204;188;1;land;false;forest;2
4987;228;217;1;land;false;forest;2
4988;183;207;1;land;false;forest;2
4989;220;166;1;land;false;plains;2
4990;207;100;1;land;true;plains;2
4991;147;63;1;land;false;forest;2
4992;148;62;1;land;true;plains;2
4993;183;38;1;land;true;plains;2
4994;180;44;1;land;false;forest;2
4995;164;94;1;land;true;plains;2
4996;157;47;1;land;true;plains;2
4997;148;32;1;land;false;plains;2
4998;217;70;1;land;false;forest;2
4999;159;97;1;land;false;forest;2
5000;195;26;1;land;false;forest;2
5001;171;55;1;land;false;forest;2
5002;178;43;1;land;false;plains;2
5003;202;62;1;land;false;forest;2
5004;177;36;1;land;false;forest;2
5005;161;97;1;land;false;plains;2
5006;45;181;1;land;false;plains;2
5007;69;185;1;land;false;plains;2
5008;64;170;1;land;false;plains;2
5009;65;176;1;land;false;plains;2
5010;10;163;1;land;false;plains;2
5011;65;192;1;land;false;plains;2
5012;31;164;1;land;false;hills;2
5013;200;253;1;land;true;forest;2
5014;186;229;1;land;true;plains;2
5015;220;227;1;land;true;plains;2
5016;152;223;1;land;false;plains;2
5017;32;213;1;land;false;forest;2
5018;25;214;1;land;false;forest;2
5019;35;208;1;land;false;forest;2
5020;3;252;1;land;false;forest;2
5021;44;213;1;land;false;forest;2
5022;1;238;1;land;false;plains;2
5023;43;206;1;land;false;forest;2
5024;70;242;1;land;false;forest;2
5025;61;231;1;land;false;plains;2
5026;2;235;1;land;false;hills;2
5027;22;200;1;land;false;forest;2
5028;42;228;1;land;false;hills;2
5029;18;245;1;land;false;hills;2
5030;28;232;1;land;false;forest;2
5031;20;219;1;land;false;hills;2
5032;60;248;1;land;false;hills;2
5033;20;203;1;land;false;hills;2
5034;30;217;1;land;false;forest;2
5035;34;250;1;land;false;forest;2
5036;12;232;1;land;false;plains;2
5037;46;223;1;land;false;forest;2
5038;54;234;1;land;false;plains;2
5039;3;213;1;land;false;hills;2
5040;27;219;1;land;false;forest;2
5041;63;244;1;land;false;forest;2
5042;15;209;1;land;false;hills;2
5043;14;248;1;land;false;forest;2
5044;15;249;1;land;false;forest;2
5045;71;200;1;land;false;forest;2
5046;34;203;1;land;false;forest;2
5047;40;222;1;land;false;forest;2
5048;48;234;1;land;false;forest;2
5049;63;206;1;land;false;forest;2
5050;242;73;1;land;false;forest;2
5051;209;75;1;land;true;forest;2
5052;194;74;1;land;false;forest;2
5053;204;55;1;land;true;jungle;2
5054;220;62;1;land;false;forest;2
5055;215;33;1;land;false;jungle;2
5056;172;81;1;land;true;forest;2
5057;192;77;1;land;false;jungle;2
5058;221;92;1;land;false;jungle;2
5059;191;70;1;land;false;hills;2
5060;193;98;1;land;false;jungle;2
5061;226;103;1;land;true;jungle;2
5062;183;52;1;land;false;forest;2
5063;235;69;1;land;false;forest;2
5064;190;77;1;land;false;forest;2
5065;180;82;1;land;true;jungle;2
5066;196;62;1;land;false;forest;2
5067;248;89;1;land;false;jungle;2
5068;217;65;1;land;false;forest;2
5069;191;63;1;land;false;forest;2
5070;218;79;1;land;true;forest;2
5071;239;31;1;land;false;forest;2
5072;221;34;1;land;true;jungle;2
5073;192;75;1;land;true;forest;2
5074;179;89;1;land;false;forest;2
5075;183;84;1;land;false;forest;2
5076;247;86;1;land;true;jungle;2
5077;203;33;1;land;false;forest;2
5078;186;81;1;land;false;forest;2
5079;239;68;1;land;false;forest;2
5080;202;52;1;land;true;jungle;2
5081;249;67;1;land;false;forest;2
5082;235;89;1;land;false;forest;2
5083;217;99;1;land;false;jungle;2
5084;210;57;1;land;false;jungle;2
5085;173;68;1;land;false;jungle;2
5086;208;55;1;land;false;forest;2
5087;8;143;1;land;false;mountain;2
5088;7;143;1;land;false;mountain;2
5089;42;161;1;land;false;hills;2
5090;24;182;1;land;false;hills;2
5091;38;159;1;land;false;mountain;2
5092;65;158;1;land;false;mountain;2
5093;31;171;1;land;false;hills;2
5094;31;166;1;land;false;hills;2
5095;21;53;1;land;true;forest;2
5096;88;18;1;land;false;plains;2
5097;91;6;1;land;true;plains;2
5098;24;15;1;land;true;forest;2
5099;29;54;1;land;false;plains;2
5100;82;19;1;land;false;forest;2
5101;65;15;1;land;true;plains;2
5102;238;31;1;land;true;plains;2
5103;231;31;1;land;false;plains;2
5104;243;17;1;land;false;plains;2
5105;216;34;1;land;false;plains;2
5106;242;17;1;land;false;plains;2
5107;248;37;1;land;true;plains;2
5108;236;15;1;land;false;plains;2
5109;231;11;1;land;false;plains;2
5110;216;21;1;land;false;forest;2
5111;222;14;1;land;false;plains;2
5112;243;39;1;land;true;plains;2
5113;246;16;1;land;false;plains;2
5114;214;13;1;land;false;plains;2
5115;227;17;1;land;false;forest;2
5116;232;20;1;land;false;plains;2
5117;237;36;1;land;false;plains;2
5118;211;78;1;land;false;mountain;2
5119;208;74;1;land;false;forest;2
5120;213;59;1;land;false;plains;2
5121;234;114;1;land;false;mountain;2
5122;237;73;1;land;false;hills;2
5123;204;65;1;land;false;mountain;2
5124;232;63;1;land;false;hills;2
5125;253;57;1;land;false;hills;2
5126;236;74;1;land;false;mountain;2
5127;208;115;1;land;false;hills;2
5128;224;40;1;land;false;plains;2
5129;200;106;1;land;false;hills;2
5130;222;107;1;land;false;hills;2
5131;212;49;1;land;false;mountain;2
5132;202;46;1;land;false;hills;2
5133;209;86;1;land;false;plains;2
5134;253;47;1;land;false;hills;2
5135;220;82;1;land;false;hills;2
5136;220;109;1;land;false;mountain;2
5137;207;49;1;land;false;mountain;2
5138;254;85;1;land;false;hills;2
5139;203;115;1;land;false;hills;2
5140;220;108;1;land;false;mountain;2
5141;204;71;1;land;false;hills;2
5142;207;61;1;land;false;forest;2
5143;211;47;1;land;false;hills;2
5144;241;81;1;land;false;mountain;2
5145;246;90;1;land;false;mountain;2
5146;251;108;1;land;false;hills;2
5147;239;86;1;land;false;hills;2
5148;242;47;1;land;false;forest;2
5149;208;79;1;land;false;mountain;2
5150;224;49;1;land;false;hills;2
5151;179;58;1;land;false;forest;2
5152;190;33;1;land;false;plains;2
5153;162;8;1;land;false;forest;2
5154;181;61;1;land;false;plains;2
5155;187;46;1;land;false;plains;2
5156;183;42;1;land;false;plains;2
5157;170;64;1;land;false;hills;2
5158;207;43;1;land;false;forest;2
5159;193;19;1;land;false;plains;2
5160;189;65;1;land;false;hills;2
5161;168;3;1;land;false;plains;2
5162;173;36;1;land;false;plains;2
5163;219;39;1;land;false;forest;2
5164;209;15;1;land;false;forest;2
5165;165;67;1;land;false;forest;2
5166;208;18;1;land;false;hills;2
5167;222;29;1;land;false;forest;2
5168;213;2;1;land;false;plains;2
5169;186;26;1;land;false;forest;2
5170;224;42;1;land;false;forest;2
5171;162;26;1;land;false;hills;2
5172;207;47;1;land;false;plains;2
5173;211;37;1;land;false;forest;2
5174;188;69;1;land;false;forest;2
5175;228;50;1;land;false;forest;2
5176;192;45;1;land;false;forest;2
5177;189;60;1;land;false;forest;2
5178;194;68;1;land;false;forest;2
5179;171;41;1;land;false;plains;2
5180;208;56;1;land;false;plains;2
5181;185;65;1;land;false;forest;2
5182;159;4;1;land;false;plains;2
5183;226;68;1;land;false;forest;2
5184;229;55;1;land;false;hills;2
5185;196;59;1;land;false;plains;2
5186;211;63;1;land;false;forest;2
5187;181;23;1;land;false;plains;2
5188;229;25;1;land;false;forest;2
5189;219;70;1;land;false;forest;2
5190;175;19;1;land;false;plains;2
5191;220;23;1;land;false;forest;2
5192;168;37;1;land;false;hills;2
5193;195;63;1;land;false;plains;2
5194;174;16;1;land;false;forest;2
5195;232;45;1;land;false;plains;2
5196;162;20;1;land;false;plains;2
5197;172;30;1;land;false;plains;2
5198;184;32;1;land;false;forest;2
5199;175;59;1;land;false;forest;2
5200;212;5;1;land;false;forest;2
5201;236;54;1;land;false;plains;2
5202;222;54;1;land;false;forest;2
5203;187;10;1;land;false;plains;2
5204;179;59;1;land;false;plains;2
5205;188;27;1;land;false;forest;2
5206;225;38;1;land;false;plains;2
5207;232;70;1;land;false;forest;2
5208;176;12;1;land;false;plains;2
5209;237;33;1;land;false;hills;2
5210;190;68;1;land;false;forest;2
5211;202;44;1;land;false;plains;2
5212;179;23;1;land;false;plains;2
5213;186;59;1;land;false;forest;2
5214;231;23;1;land;false;forest;2
5215;212;60;1;land;false;plains;2
5216;177;57;1;land;false;forest;2
5217;236;28;1;land;false;plains;2
5218;196;24;1;land;false;forest;2
5219;160;4;1;land;false;plains;2
5220;162;14;1;land;false;forest;2
5221;172;70;1;land;false;forest;2
5222;159;18;1;land;false;plains;2
5223;197;24;1;land;false;plains;2
5224;205;47;1;land;false;forest;2
5225;224;26;1;land;false;hills;2
5226;172;46;1;land;false;hills;2
5227;230;5;1;land;false;plains;2
5228;169;35;1;land;false;forest;2
5229;162;53;1;land;false;forest;2
5230;200;9;1;land;false;forest;2
5231;223;41;1;land;false;plains;2
5232;223;11;1;land;false;forest;2
5233;219;56;1;land;false;plains;2
5234;236;51;1;land;false;plains;2
5235;175;65;1;land;false;forest;2
5236;222;8;1;land;false;forest;2
5237;186;58;1;land;false;hills;2
5238;189;15;1;land;false;forest;2
5239;215;28;1;land;false;forest;2
5240;185;31;1;land;false;hills;2
5241;216;24;1;land;false;forest;2
5242;181;47;1;land;false;forest;2
5243;193;6;1;land;false;forest;2
5244;197;32;1;land;false;forest;2
5245;12;79;1;land;false;plains;2
5246;37;105;1;land;true;forest;2
5247;37;127;1;land;true;forest;2
5248;57;81;1;land;false;forest;2
5249;4;77;1;land;false;plains;2
5250;57;155;1;land;false;forest;2
5251;2;127;1;land;true;forest;2
5252;239;70;1;land;true;plains;2
5253;181;102;1;land;false;mountain;2
5254;223;78;1;land;false;hills;2
5255;231;90;1;land;false;forest;2
5256;209;35;1;land;false;hills;2
5257;232;49;1;land;true;plains;2
5258;181;43;1;land;false;hills;2
5259;192;28;1;land;true;plains;2
5260;232;80;1;land;false;mountain;2
5261;215;92;1;land;false;plains;2
5262;220;76;1;land;false;hills;2
5263;14;197;1;land;true;plains;2
5264;25;202;1;land;true;jungle;2
5265;37;172;1;land;false;plains;2
5266;23;203;1;land;false;jungle;2
5267;46;194;1;land;false;forest;2
5268;0;210;1;land;false;forest;2
5269;15;216;1;land;false;forest;2
5270;7;200;1;land;false;jungle;2
5271;7;182;1;land;false;forest;2
5272;16;230;1;land;false;forest;2
5273;8;165;1;land;true;plains;2
5274;27;184;1;land;false;jungle;2
5275;37;202;1;land;false;forest;2
5276;44;192;1;land;false;jungle;2
5277;5;177;1;land;true;jungle;2
5278;20;236;1;land;false;forest;2
5279;7;173;1;land;false;plains;2
5280;44;160;1;land;false;plains;2
5281;13;213;1;land;true;forest;2
5282;74;143;1;land;false;plains;2
5283;67;140;1;land;true;forest;2
5284;24;188;1;land;false;plains;2
5285;53;208;1;land;false;plains;2
5286;17;176;1;land;true;forest;2
5287;23;200;1;land;false;forest;2
5288;39;178;1;land;true;forest;2
5289;236;204;1;land;false;hills;2
5290;250;251;1;land;false;hills;2
5291;195;243;1;land;false;hills;2
5292;222;219;1;land;false;hills;2
5293;213;206;1;land;false;hills;2
5294;184;206;1;land;false;mountain;2
5295;212;225;1;land;false;hills;2
5296;229;232;1;land;false;hills;2
5297;236;198;1;land;false;hills;2
5298;250;230;1;land;false;hills;2
5299;248;247;1;land;false;hills;2
5300;185;197;1;land;false;hills;2
5301;126;248;1;land;false;hills;2
5302;143;247;1;land;false;plains;2
5303;148;212;1;land;false;hills;2
5304;164;229;1;land;false;forest;2
5305;113;219;1;land;false;forest;2
5306;130;206;1;land;false;forest;2
5307;167;238;1;land;false;hills;2
5308;133;223;1;land;false;hills;2
5309;155;244;1;land;false;forest;2
5310;164;208;1;land;false;hills;2
5311;125;170;1;land;false;hills;2
5312;167;193;1;land;false;forest;2
5313;147;184;1;land;false;plains;2
5314;169;186;1;land;false;hills;2
5315;137;216;1;land;false;forest;2
5316;180;193;1;land;false;hills;2
5317;165;192;1;land;false;hills;2
5318;186;220;1;land;false;forest;2
5319;150;191;1;land;false;hills;2
5320;175;249;1;land;false;plains;2
5321;209;214;1;land;false;plains;2
5322;218;197;1;land;false;plains;2
5323;221;214;1;land;false;plains;2
5324;223;233;1;land;false;plains;2
5325;252;176;1;land;false;forest;2
5326;223;177;1;land;false;plains;2
5327;245;235;1;land;false;plains;2
5328;244;195;1;land;false;plains;2
5329;244;219;1;land;false;plains;2
5330;214;204;1;land;false;plains;2
5331;226;184;1;land;false;plains;2
5332;179;122;1;land;false;hills;2
5333;133;92;1;land;false;plains;2
5334;175;129;1;land;false;plains;2
5335;124;96;1;land;false;forest;2
5336;138;98;1;land;false;hills;2
5337;160;122;1;land;true;plains;2
5338;149;124;1;land;false;hills;2
5339;102;117;1;land;false;forest;2
5340;163;114;1;land;false;plains;2
5341;118;100;1;land;false;hills;2
5342;133;144;1;land;false;plains;2
5343;167;91;1;land;true;plains;2
5344;119;139;1;land;false;plains;2
5345;155;144;1;land;false;hills;2
5346;148;166;1;land;false;plains;2
5347;107;93;1;land;false;plains;2
5348;141;130;1;land;false;hills;2
5349;150;163;1;land;false;hills;2
5350;173;87;1;land;false;plains;2
5351;162;129;1;land;false;hills;2
5352;116;92;1;land;false;plains;2
5353;134;152;1;land;true;plains;2
5354;158;150;1;land;false;hills;2
5355;114;133;1;land;false;hills;2
5356;104;155;1;land;false;hills;2
5357;171;166;1;land;false;hills;2
5358;131;105;1;land;false;plains;2
5359;141;119;1;land;false;forest;2
5360;132;149;1;land;false;plains;2
5361;165;153;1;land;false;plains;2
5362;121;115;1;land;false;hills;2
5363;148;143;1;land;false;plains;2
5364;139;160;1;land;false;plains;2
5365;102;115;1;land;false;plains;2
5366;123;112;1;land;false;plains;2
5367;102;157;1;land;false;hills;2
5368;33;137;1;land;false;plains;2
5369;19;144;1;land;false;forest;2
5370;54;142;1;land;false;plains;2
5371;44;107;1;land;false;forest;2
5372;25;131;1;land;false;hills;2
5373;36;146;1;land;false;forest;2
5374;30;123;1;land;false;forest;2
5375;233;86;1;land;false;forest;2
5376;243;135;1;land;true;plains;2
5377;235;115;1;land;false;plains;2
5378;249;76;1;land;false;forest;2
5379;230;106;1;land;false;plains;2
5380;240;99;1;land;true;forest;2
5381;226;143;1;land;false;plains;2
5382;235;142;1;land;false;urban;2
5383;215;84;1;land;false;forest;2
5384;253;113;1;land;true;forest;2
5385;219;78;1;land;true;forest;2
5386;156;163;1;land;false;jungle;2
5387;135;114;1;land;true;jungle;2
5388;136;156;1;land;true;jungle;2
5389;164;113;1;land;true;jungle;2
5390;117;136;1;land;true;jungle;2
5391;133;163;1;land;false;jungle;2
5392;97;165;1;land;true;jungle;2
5393;152;178;1;land;true;jungle;2
5394;90;128;1;land;true;forest;2
5395;127;142;1;land;true;forest;2
5396;101;157;1;land;false;jungle;2
5397;89;177;1;land;false;forest;2
5398;109;138;1;land;false;jungle;2
5399;169;9;1;land;false;hills;2
5400;172;28;1;land;false;forest;2
5401;177;19;1;land;false;plains;2
5402;142;12;1;land;false;forest;2
5403;148;6;1;land;false;plains;2
5404;114;25;1;land;false;hills;2
5405;155;33;1;land;false;plains;2
5406;101;26;1;land;false;hills;2
5407;174;43;1;land;false;forest;2
5408;173;41;1;land;false;forest;2
5409;146;26;1;land;false;forest;2
5410;105;21;1;land;false;mountain;2
5411;128;2;1;land;false;hills;2
5412;127;31;1;land;false;forest;2
5413;119;23;1;land;false;plains;2
5414;133;31;1;land;false;forest;2
5415;170;36;1;land;false;mountain;2
5416;172;12;1;land;false;mountain;2
5417;180;41;1;land;false;hills;2
5418;152;40;1;land;false;hills;2
5419;111;11;1;land;false;mountain;2
5420;167;14;1;land;false;forest;2
5421;109;20;1;land;false;hills;2
5422;170;19;1;land;false;plains;2
5423;173;42;1;land;false;forest;2
5424;125;36;1;land;false;hills;2
5425;154;31;1;land;false;forest;2
5426;138;25;1;land;false;hills;2
5427;108;14;1;land;false;hills;2
5428;171;16;1;land;false;plains;2
5429;148;13;1;land;false;plains;2
5430;179;34;1;land;false;plains;2
5431;145;17;1;land;false;plains;2
5432;140;34;1;land;false;hills;2
5433;123;35;1;land;false;forest;2
5434;218;226;1;land;false;plains;2
5435;191;219;1;land;false;plains;2
5436;210;222;1;land;false;plains;2
5437;239;242;1;land;false;plains;2
5438;213;244;1;land;false;plains;2
5439;174;244;1;land;false;plains;2
5440;214;222;1;land;false;plains;2
5441;225;240;1;land;false;plains;2
5442;200;214;1;land;false;plains;2
5443;176;234;1;land;false;forest;2
5444;163;247;1;land;false;forest;2
5445;204;249;1;land;false;plains;2
5446;216;237;1;land;false;plains;2
5447;235;214;1;land;false;forest;2
5448;202;248;1;land;false;plains;2
5449;231;227;1;land;false;plains;2
5450;237;252;1;land;false;plains;2
5451;165;217;1;land;false;plains;2
5452;177;219;1;land;false;plains;2
5453;162;218;1;land;false;plains;2
5454;233;246;1;land;false;forest;2
5455;185;226;1;land;false;plains;2
5456;101;142;1;land;true;jungle;2
5457;117;86;1;land;false;forest;2
5458;111;83;1;land;false;forest;2
5459;106;109;1;land;true;forest;2
5460;122;91;1;land;false;forest;2
5461;87;126;1;land;false;forest;2
5462;137;73;1;land;true;forest;2
5463;144;131;1;land;true;forest;2
5464;130;104;1;land;true;forest;2
5465;111;82;1;land;false;forest;2
5466;71;120;1;land;true;jungle;2
5467;72;116;1;land;true;forest;2
5468;70;115;1;land;false;forest;2
5469;113;92;1;land;true;forest;2
5470;124;111;1;land;true;forest;2
5471;134;112;1;land;true;jungle;2
5472;147;110;1;land;true;forest;2
5473;79;118;1;land;false;forest;2
5474;124;102;1;land;true;forest;2
5475;88;89;1;land;true;forest;2
5476;91;108;1;land;true;jungle;2
5477;122;148;1;land;false;forest;2
5478;94;138;1;land;false;forest;2
5479;82;73;1;land;false;forest;2
5480;107;135;1;land;false;forest;2
5481;19;186;1;land;false;forest;2
5482;44;171;1;land;false;forest;2
5483;8;135;1;land;true;plains;2
5484;5;139;1;land;true;forest;2
5485;19;153;1;land;false;forest;2
5486;8;122;1;land;true;forest;2
5487;34;182;1;land;false;plains;2
5488;35;209;1;land;false;mountain;2
5489;97;160;1;land;false;mountain;2
5490;71;176;1;land;false;hills;2
5491;79;208;1;land;false;hills;2
5492;26;137;1;land;false;hills;2
5493;65;165;1;land;false;plains;2
5494;94;158;1;land;false;plains;2
5495;66;178;1;land;false;plains;2
5496;68;135;1;land;false;hills;2
5497;61;204;1;land;false;mountain;2
5498;99;148;1;land;false;hills;2
5499;31;163;1;land;false;plains;2
5500;59;209;1;land;false;mountain;2
5501;88;162;1;land;false;mountain;2
5502;61;210;1;land;false;hills;2
5503;27;196;1;land;false;plains;2
5504;52;184;1;land;false;hills;2
5505;30;159;1;land;false;mountain;2
5506;99;152;1;land;false;plains;2
5507;253;39;1;land;false;plains;2
5508;214;66;1;land;false;forest;2
5509;189;56;1;land;false;hills;2
5510;202;67;1;land;false;hills;2
5511;221;85;1;land;false;plains;2
5512;224;64;1;land;false;plains;2
5513;189;58;1;land;false;hills;2
5514;218;53;1;land;false;plains;2
5515;181;81;1;land;false;plains;2
5516;245;17;1;land;false;plains;2
5517;218;15;1;land;false;plains;2
5518;244;76;1;land;false;hills;2
5519;153;96;1;land;false;plains;2
5520;93;164;1;land;false;plains;2
5521;113;158;1;land;false;plains;2
5522;124;94;1;land;true;plains;2
5523;102;93;1;land;false;plains;2
5524;112;104;1;land;true;plains;2
5525;134;100;1;land;false;plains;2
5526;152;107;1;land;false;plains;2
5527;138;165;1;land;false;plains;2
5528;158;107;1;land;true;plains;2
5529;87;135;1;land;false;plains;2
5530;95;105;1;land;false;plains;2
5531;158;93;1;land;true;plains;2
5532;113;167;1;land;false;plains;2
5533;56;189;1;land;true;forest;2
5534;59;122;1;land;false;forest;2
5535;61;165;1;land;false;forest;2
5536;9;145;1;land;false;forest;2
5537;11;183;1;land;true;forest;2
5538;15;143;1;land;false;forest;2
5539;11;131;1;land;false;forest;2
5540;4;191;1;land;true;forest;2
5541;46;184;1;land;true;plains;2
5542;32;146;1;land;true;forest;2
5543;53;121;1;land;false;forest;2
5544;7;168;1;land;true;forest;2
5545;50;180;1;land;false;plains;2
5546;173;221;1;land;false;plains;2
5547;118;240;1;land;false;forest;2
5548;99;226;1;land;false;forest;2
5549;134;249;1;land;false;plains;2
5550;101;249;1;land;false;forest;2
5551;123;208;1;land;true;plains;2
5552;160;244;1;land;false;forest;2
5553;119;185;1;land;false;forest;2
5554;157;199;1;land;false;plains;2
5555;163;184;1;land;false;forest;2
5556;139;184;1;land;false;forest;2
5557;97;207;1;land;false;forest;2
5558;123;236;1;land;false;forest;2
5559;101;222;1;land;false;forest;2
5560;97;238;1;land;false;forest;2
5561;171;253;1;land;false;plains;2
5562;170;210;1;land;false;forest;2
5563;157;222;1;land;false;plains;2
5564;173;230;1;land;false;forest;2
5565;136;195;1;land;false;forest;2
5566;122;230;1;land;true;forest;2
5567;156;243;1;land;false;forest;2
5568;167;218;1;land;false;forest;2
5569;128;193;1;land;false;forest;2
5570;151;188;1;land;false;forest;2
5571;151;224;1;land;true;plains;2
5572;145;226;1;land;false;forest;2
5573;96;193;1;land;false;plains;2
5574;127;190;1;land;false;forest;2
5575;119;184;1;land;false;plains;2
5576;115;210;1;land;false;forest;2
5577;136;184;1;land;false;forest;2
5578;116;228;1;land;false;plains;2
5579;119;198;1;land;false;forest;2
5580;146;225;1;land;false;forest;2
5581;148;192;1;land;false;plains;2
5582;113;226;1;land;false;forest;2
5583;106;246;1;land;false;hills;2
5584;168;205;1;land;false;forest;2
5585;111;230;1;land;false;plains;2
5586;23;124;1;land;true;forest;2
5587;58;91;1;land;false;plains;2
5588;57;83;1;land;false;forest;2
5589;51;118;1;land;false;forest;2
5590;41;55;1;land;false;forest;2
5591;34;106;1;land;true;forest;2
5592;1;61;1;land;false;forest;2
5593;12;78;1;land;false;forest;2
5594;43;60;1;land;true;forest;2
5595;38;129;1;land;true;forest;2
5596;27;107;1;land;false;forest;2
5597;22;131;1;land;false;forest;2
5598;30;108;1;land;true;forest;2
5599;33;63;1;land;false;forest;2
5600;41;69;1;land;false;forest;2
5601;193;152;1;land;true;plains;2
5602;146;109;1;land;false;plains;2
5603;189;138;1;land;false;plains;2
5604;176;122;1;land;false;plains;2
5605;192;115;1;land;false;plains;2
5606;201;114;1;land;true;plains;2
5607;171;123;1;land;false;plains;2
5608;210;147;1;land;false;hills;2
5609;162;113;1;land;true;forest;2
5610;199;144;1;land;false;plains;2
5611;162;166;1;land;false;plains;2
5612;139;173;1;land;false;plains;2
5613;165;162;1;land;false;plains;2
5614;149;126;1;land;true;plains;2
5615;164;124;1;land;false;plains;2
5616;162;170;1;land;true;plains;2
5617;199;121;1;land;false;forest;2
5618;183;110;1;land;true;forest;2
5619;172;131;1;land;false;plains;2
5620;185;119;1;land;false;plains;2
5621;182;142;1;land;false;plains;2
5622;153;91;1;land;false;forest;2
5623;162;112;1;land;true;forest;2
5624;200;107;1;land;true;forest;2
5625;182;164;1;land;false;plains;2
5626;162;3;1;land;false;plains;2
5627;136;11;1;land;true;plains;2
5628;162;69;1;land;true;plains;2
5629;152;42;1;land;false;plains;2
5630;151;37;1;land;true;plains;2
5631;175;41;1;land;false;plains;2
5632;180;51;1;land;false;plains;2
5633;147;69;1;land;false;plains;2
5634;140;32;1;land;true;plains;2
5635;156;43;1;land;false;mountain;2
5636;92;46;1;land;false;mountain;2
5637;89;21;1;land;false;mountain;2
5638;105;16;1;land;false;mountain;2
5639;124;32;1;land;false;mountain;2
5640;91;24;1;land;false;mountain;2
5641;152;21;1;land;false;mountain;2
5642;205;176;1;land;false;plains;2
5643;248;133;1;land;false;plains;2
5644;234;117;1;land;true;plains;2
5645;229;138;1;land;true;plains;2
5646;204;176;1;land;false;plains;2
5647;221;161;1;land;false;plains;2
5648;250;152;1;land;true;plains;2
5649;253;148;1;land;true;plains;2
5650;231;163;1;land;false;plains;2
5651;51;216;1;land;true;forest;2
5652;104;224;1;land;true;forest;2
5653;38;249;1;land;true;forest;2
5654;84;197;1;land;true;forest;2
5655;147;32;1;land;false;hills;2
5656;167;2;1;land;false;hills;2
5657;131;17;1;land;false;mountain;2
5658;126;52;1;land;false;hills;2
5659;240;225;1;land;false;plains;2
5660;222;252;1;land;false;forest;2
5661;250;182;1;land;false;plains;2
5662;226;238;1;land;false;hills;2
5663;199;212;1;land;false;forest;2
5664;228;241;1;land;false;hills;2
5665;209;229;1;land;false;hills;2
5666;188;241;1;land;false;forest;2
5667;251;204;1;land;false;plains;2
5668;236;233;1;land;false;forest;2
5669;247;254;1;land;false;hills;2
5670;231;210;1;land;false;hills;2
5671;219;234;1;land;false;hills;2
5672;237;213;1;land;false;hills;2
5673;233;204;1;land;false;plains;2
5674;195;195;1;land;false;hills;2
5675;234;219;1;land;false;hills;2
5676;214;182;1;land;false;plains;2
5677;211;252;1;land;false;forest;2
5678;211;228;1;land;false;plains;2
5679;223;27;1;land;false;hills;2
5680;163;65;1;land;true;forest;2
5681;229;18;1;land;false;plains;2
5682;219;46;1;land;false;forest;2
5683;205;31;1;land;false;plains;2
5684;158;62;1;land;false;hills;2
5685;194;36;1;land;false;hills;2
5686;166;61;1;land;false;forest;2
5687;185;68;1;land;false;forest;2
5688;174;8;1;land;true;forest;2
5689;202;40;1;land;false;forest;2
5690;165;55;1;land;false;forest;2
5691;181;36;1;land;true;forest;2
5692;207;42;1;land;false;forest;2
5693;202;71;1;land;false;hills;2
5694;143;42;1;land;true;plains;2
5695;153;59;1;land;false;plains;2
5696;183;94;1;land;false;plains;2
5697;151;58;1;land;false;plains;2
5698;180;103;1;land;true;plains;2
5699;146;75;1;land;false;plains;2
5700;167;86;1;land;false;plains;2
5701;148;61;1;land;false;forest;2
5702;119;81;1;land;false;plains;2
5703;81;47;1;land;false;plains;2
5704;144;18;1;land;false;plains;2
5705;145;71;1;land;false;urban;2
5706;119;93;1;land;false;forest;2
5707;82;25;1;land;false;forest;2
5708;42;94;1;land;false;plains;2
5709;3;64;1;land;false;hills;2
5710;63;99;1;land;false;hills;2
5711;10;104;1;land;false;hills;2
5712;33;61;1;land;false;hills;2
5713;40;119;1;land;false;plains;2
5714;20;56;1;land;false;hills;2
5715;5;104;1;land;false;plains;2
5716;58;115;1;land;false;hills;2
5717;20;68;1;land;false;mountain;2
5718;55;106;1;land;false;hills;2
5719;20;108;1;land;false;mountain;2
5720;38;126;1;land;false;plains;2
5721;17;95;1;land;false;hills;2
5722;166;62;1;land;false;hills;2
5723;180;27;1;land;false;forest;2
5724;133;63;1;land;false;forest;2
5725;183;62;1;land;false;hills;2
5726;153;56;1;land;false;hills;2
5727;137;40;1;land;false;hills;2
5728;178;28;1;land;false;plains;2
5729;125;33;1;land;false;plains;2
5730;133;13;1;land;false;plains;2
5731;144;25;1;land;false;hills;2
5732;115;63;1;land;false;mountain;2
5733;120;56;1;land;false;forest;2
5734;148;40;1;land;false;forest;2
5735;118;27;1;land;false;hills;2
5736;143;13;1;land;false;hills;2
5737;116;38;1;land;false;hills;2
5738;105;34;1;land;false;hills;2
5739;148;29;1;land;false;hills;2
5740;34;151;1;land;false;forest;2
5741;50;115;1;land;false;forest;2
5742;92;110;1;land;true;forest;2
5743;32;112;1;land;true;forest;2
5744;63;115;1;land;false;forest;2
5745;94;151;1;land;false;forest;2
5746;80;129;1;land;true;plains;2
5747;141;43;1;land;false;plains;2
5748;179;20;1;land;false;forest;2
5749;135;15;1;land;false;forest;2
5750;180;33;1;land;false;plains;2
5751;173;8;1;land;false;hills;2
5752;11;252;1;land;false;forest;2
5753;59;227;1;land;false;plains;2
5754;23;226;1;land;false;plains;2
5755;47;236;1;land;false;forest;2
5756;54;243;1;land;false;forest;2
5757;53;252;1;land;false;forest;2
5758;7;226;1;land;false;plains;2
5759;5;218;1;land;false;forest;2
5760;37;220;1;land;false;forest;2
5761;28;234;1;land;false;forest;2
5762;59;244;1;land;false;forest;2
5763;124;184;1;land;false;hills;6
5764;78;117;1;land;false;hills;6
5765;60;143;1;land;false;plains;6
5766;137;173;1;land;false;plains;6
5767;109;185;1;land;false;hills;6
5768;84;120;1;land;false;hills;6
5769;76;125;1;land;false;hills;6
5770;58;185;1;land;false;hills;6
5771;67;150;1;land;false;hills;6
5772;60;154;1;land;false;plains;6
5773;102;148;1;land;false;hills;6
5774;92;172;1;land;false;hills;6
5775;99;193;1;land;false;forest;6
5776;116;136;1;land;false;hills;6
5777;113;134;1;land;false;plains;6
5778;111;168;1;land;false;hills;6
5779;92;169;1;land;false;plains;6
5780;127;137;1;land;false;mountain;6
5781;91;133;1;land;false;plains;6
5782;120;178;1;land;false;mountain;6
5783;80;131;1;land;false;hills;6
5784;87;193;1;land;false;mountain;6
5785;114;119;1;land;false;hills;6
5786;62;184;1;land;false;hills;6
5787;119;157;1;land;false;plains;6
5788;94;173;1;land;false;plains;6
5789;86;159;1;land;false;plains;6
5790;89;132;1;land;false;plains;6
5791;131;192;1;land;false;plains;6
5792;75;167;1;land;false;plains;6
5793;63;153;1;land;false;hills;6
5794;81;192;1;land;false;hills;6
5795;110;165;1;land;false;plains;6
5796;120;182;1;land;false;hills;6
5797;65;120;1;land;false;hills;6
5798;84;123;1;land;false;hills;6
5799;73;156;1;land;false;hills;6
5800;111;180;1;land;false;hills;6
5801;68;156;1;land;false;hills;6
5802;115;39;1;land;false;jungle;6
5803;141;78;1;land;false;plains;6
5804;146;79;1;land;false;jungle;6
5805;129;25;1;land;false;jungle;6
5806;84;17;1;land;false;jungle;6
5807;84;21;1;land;true;jungle;6
5808;114;47;1;land;false;jungle;6
5809;93;55;1;land;true;jungle;6
5810;94;41;1;land;false;plains;6
5811;95;71;1;land;false;jungle;6
5812;80;77;1;land;false;jungle;6
5813;121;36;1;land;false;jungle;6
5814;87;79;1;land;false;jungle;6
5815;116;33;1;land;false;jungle;6
5816;123;58;1;land;true;plains;6
5817;120;28;1;land;false;jungle;6
5818;69;22;1;land;false;jungle;6
5819;91;11;1;land;false;jungle;6
5820;108;36;1;land;false;jungle;6
5821;124;50;1;land;false;urban;6
5822;141;82;1;land;false;jungle;6
5823;73;86;1;land;false;jungle;6
5824;110;83;1;land;false;jungle;6
5825;81;25;1;land;false;jungle;6
5826;87;62;1;land;false;jungle;6
5827;72;36;1;land;true;forest;6
5828;92;42;1;land;false;jungle;6
5829;131;29;1;land;false;jungle;6
5830;109;43;1;land;false;jungle;6
5831;77;60;1;land;false;jungle;6
5832;177;141;1;land;false;jungle;6
5833;200;168;1;land;false;jungle;6
5834;189;160;1;land;false;jungle;6
5835;150;190;1;land;false;jungle;6
5836;138;207;1;land;false;jungle;6
5837;164;172;1;land;false;jungle;6
5838;150;162;1;land;false;jungle;6
5839;183;201;1;land;false;jungle;6
5840;128;168;1;land;false;jungle;6
5841;190;162;1;land;false;jungle;6
5842;139;141;1;land;false;jungle;6
5843;147;175;1;land;false;forest;6
5844;155;180;1;land;false;jungle;6
5845;140;142;1;land;false;jungle;6
5846;140;208;1;land;false;jungle;6
5847;168;213;1;land;false;jungle;6
5848;195;189;1;land;false;jungle;6
5849;181;180;1;land;false;jungle;6
5850;145;198;1;land;false;jungle;6
5851;146;175;1;land;false;jungle;6
5852;151;205;1;land;false;jungle;6
5853;129;213;1;land;false;jungle;6
5854;164;143;1;land;false;jungle;6
5855;162;169;1;land;false;jungle;6
5856;153;203;1;land;false;jungle;6
5857;138;64;1;land;true;forest;6
5858;111;61;1;land;true;forest;6
5859;139;103;1;land;true;forest;6
5860;65;35;1;land;false;plains;6
5861;17;56;1;land;false;jungle;6
5862;48;2;1;land;false;forest;6
5863;69;41;1;land;true;forest;6
5864;32;23;1;land;true;jungle;6
5865;60;8;1;land;false;forest;6
5866;58;20;1;land;false;forest;6
5867;58;59;1;land;false;jungle;6
5868;60;12;1;land;false;forest;6
5869;83;22;1;land;true;forest;6
5870;45;38;1;land;false;jungle;6
5871;52;34;1;land;false;forest;6
5872;79;28;1;land;false;forest;6
5873;56;4;1;land;false;forest;6
5874;7;0;1;land;false;jungle;6
5875;55;36;1;land;false;jungle;6
5876;81;19;1;land;false;forest;6
5877;43;52;1;land;false;forest;6
5878;32;53;1;land;false;jungle;6
5879;12;26;1;land;false;forest;6
5880;36;26;1;land;true;jungle;6
5881;43;36;1;land;true;forest;6
5882;29;26;1;land;false;jungle;6
5883;16;30;1;land;false;jungle;6
5884;83;31;1;land;false;jungle;6
5885;53;48;1;land;false;forest;6
5886;36;39;1;land;true;jungle;6
5887;16;48;1;land;false;jungle;6
5888;50;32;1;land;false;jungle;6
5889;40;173;1;land;false;plains;6
5890;32;174;1;land;false;plains;6
5891;6;127;1;land;true;plains;6
5892;13;181;1;land;true;plains;6
5893;42;117;1;land;true;plains;6
5894;22;150;1;land;false;plains;6
5895;28;180;1;land;false;plains;6
5896;32;137;1;land;false;plains;6
5897;7;128;1;land;false;plains;6
5898;41;120;1;land;false;plains;6
5899;2;132;1;land;true;plains;6
5900;26;188;1;land;false;plains;6
5901;24;120;1;land;true;plains;6
5902;21;145;1;land;true;plains;6
5903;11;152;1;land;false;plains;6
5904;22;173;1;land;true;plains;6
5905;32;118;1;land;false;plains;6
5906;0;186;1;land;false;plains;6
5907;15;136;1;land;false;forest;6
5908;4;132;1;land;false;plains;6
5909;2;109;1;land;false;plains;6
5910;22;110;1;land;false;plains;6
5911;12;122;1;land;false;plains;6
5912;57;232;1;land;false;plains;6
5913;25;174;1;land;false;urban;6
5914;53;180;1;land;false;forest;6
5915;23;202;1;land;false;plains;6
5916;42;175;1;land;false;forest;6
5917;52;166;1;land;true;plains;6
5918;79;234;1;land;false;forest;6
5919;52;168;1;land;false;forest;6
5920;77;179;1;land;false;plains;6
5921;58;198;1;land;false;plains;6
5922;62;203;1;land;false;forest;6
5923;90;183;1;land;false;forest;6
5924;73;168;1;land;false;forest;6
5925;85;159;1;land;false;forest;6
5926;77;206;1;land;false;urban;6
5927;49;172;1;land;true;plains;6
5928;34;184;1;land;false;forest;6
5929;87;195;1;land;false;plains;6
5930;69;206;1;land;false;plains;6
5931;60;225;1;land;false;plains;6
5932;22;196;1;land;false;forest;6
5933;163;50;1;land;false;plains;6
5934;152;89;1;land;false;plains;6
5935;195;42;1;land;false;plains;6
5936;165;62;1;land;false;plains;6
5937;201;73;1;land;false;plains;6
5938;66;2;1;land;false;hills;6
5939;106;12;1;land;false;urban;6
5940;64;26;1;land;false;hills;6
5941;43;0;1;land;false;forest;6
5942;89;17;1;land;false;forest;6
5943;89;9;1;land;false;plains;6
5944;87;31;1;land;false;plains;6
5945;100;11;1;land;false;hills;6
5946;97;8;1;land;false;forest;6
5947;94;20;1;land;false;hills;6
5948;38;35;1;land;false;forest;6
5949;52;18;1;land;false;hills;6
5950;95;37;1;land;false;hills;6
5951;91;35;1;land;false;hills;6
5952;99;17;1;land;false;plains;6
5953;94;1;1;land;false;plains;6
5954;112;27;1;land;false;hills;6
5955;47;0;1;land;false;forest;6
5956;105;37;1;land;false;hills;6
5957;52;27;1;land;false;forest;6
5958;98;4;1;land;false;hills;6
5959;113;38;1;land;false;plains;6
5960;81;8;1;land;false;forest;6
5961;99;15;1;land;false;hills;6
5962;109;3;1;land;false;hills;6
5963;96;30;1;land;false;forest;6
5964;105;40;1;land;false;hills;6
5965;94;30;1;land;false;forest;6
5966;198;184;1;land;false;plains;6
5967;210;146;1;land;false;plains;6
5968;219;172;1;land;false;plains;6
5969;238;153;1;land;false;plains;6
5970;241;177;1;land;false;plains;6
5971;220;155;1;land;false;plains;6
5972;228;183;1;land;false;plains;6
5973;246;144;1;land;false;plains;6
5974;1;208;1;land;true;plains;6
5975;20;215;1;land;true;plains;6
5976;121;46;1;land;false;forest;6
5977;138;50;1;land;false;forest;6
5978;131;12;1;land;false;plains;6
5979;101;2;1;land;false;forest;6
5980;85;42;1;land;false;forest;6
5981;136;36;1;land;false;forest;6
5982;134;21;1;land;false;forest;6
5983;81;40;1;land;false;forest;6
5984;81;11;1;land;false;forest;6
5985;117;36;1;land;false;forest;6
5986;74;28;1;land;false;forest;6
5987;203;249;1;land;false;forest;6
5988;161;217;1;land;false;plains;6
5989;158;246;1;land;false;hills;6
5990;180;227;1;land;true;plains;6
5991;178;249;1;land;false;plains;6
5992;209;235;1;land;false;forest;6
5993;211;224;1;land;true;plains;6
5994;134;237;1;land;false;forest;6
5995;155;205;1;land;false;forest;6
5996;170;218;1;land;true;plains;6
5997;194;247;1;land;false;plains;6
5998;173;229;1;land;false;plains;6
5999;199;248;1;land;true;plains;6
6000;205;229;1;land;false;plains;6
6001;163;209;1;land;false;plains;6
6002;143;240;1;land;false;plains;6
6003;208;239;1;land;false;plains;6
6004;175;252;1;land;false;hills;6
6005;138;225;1;land;false;plains;6
6006;142;231;1;land;false;plains;6
6007;144;84;1;land;false;forest;6
6008;193;156;1;land;false;forest;6
6009;131;125;1;land;false;forest;6
6010;140;112;1;land;false;forest;6
6011;32;254;1;land;false;plains;6
6012;51;252;1;land;true;plains;6
6013;17;225;1;land;true;plains;6
6014;47;238;1;land;true;plains;6
6015;10;211;1;land;false;plains;6
6016;207;95;1;land;false;forest;6
6017;202;78;1;land;false;forest;6
6018;244;117;1;land;false;jungle;6
6019;227;103;1;land;false;forest;6
6020;224;89;1;land;false;jungle;6
6021;250;124;1;land;false;jungle;6
6022;237;59;1;land;false;jungle;6
6023;240;79;1;land;true;forest;6
6024;225;98;1;land;true;forest;6
6025;238;78;1;land;false;jungle;6
6026;218;120;1;land;true;jungle;6
6027;245;65;1;land;true;jungle;6
6028;219;110;1;land;false;jungle;6
6029;203;121;1;land;false;jungle;6
6030;209;90;1;land;true;forest;6
6031;233;114;1;land;false;forest;6
6032;230;100;1;land;false;forest;6
6033;225;102;1;land;false;jungle;6
6034;238;50;1;land;true;forest;6
6035;203;125;1;land;true;forest;6
6036;205;110;1;land;true;jungle;6
6037;236;87;1;land;false;jungle;6
6038;243;74;1;land;false;jungle;6
6039;233;100;1;land;false;jungle;6
6040;201;56;1;land;false;jungle;6
6041;248;75;1;land;false;jungle;6
6042;249;78;1;land;false;jungle;6
6043;214;77;1;land;true;jungle;6
6044;235;61;1;land;false;jungle;6
6045;208;71;1;land;true;forest;6
6046;203;51;1;land;true;jungle;6
6047;241;59;1;land;false;jungle;6
6048;235;67;1;land;false;forest;6
6049;252;195;1;land;false;jungle;6
6050;194;220;1;land;false;jungle;6
6051;247;201;1;land;false;hills;6
6052;210;254;1;land;false;jungle;6
6053;209;180;1;land;false;jungle;6
6054;186;206;1;land;false;hills;6
6055;195;253;1;land;false;jungle;6
6056;241;214;1;land;false;jungle;6
6057;246;251;1;land;false;jungle;6
6058;236;238;1;land;false;jungle;6
6059;235;185;1;land;false;jungle;6
6060;244;226;1;land;false;jungle;6
6061;232;215;1;land;false;jungle;6
6062;83;203;1;land;false;hills;6
6063;42;155;1;land;false;hills;6
6064;89;149;1;land;false;hills;6
6065;65;206;1;land;false;hills;6
6066;215;173;1;land;true;jungle;6
6067;158;203;1;land;true;jungle;6
6068;214;245;1;land;false;jungle;6
6069;213;192;1;land;true;forest;6
6070;166;197;1;land;true;forest;6
6071;202;84;1;land;false;forest;6
6072;195;53;1;land;false;forest;6
6073;229;81;1;land;false;plains;6
6074;245;10;1;land;false;plains;6
6075;251;46;1;land;false;forest;6
6076;193;47;1;land;false;forest;6
6077;200;79;1;land;false;forest;6
6078;227;35;1;land;false;forest;6
6079;241;76;1;land;false;plains;6
6080;66;114;1;land;false;plains;6
6081;132;131;1;land;true;plains;6
6082;105;117;1;land;true;plains;6
6083;73;113;1;land;false;plains;6
6084;80;132;1;land;true;plains;6
6085;73;129;1;land;true;plains;6
6086;62;105;1;land;false;jungle;6
6087;70;117;1;land;true;plains;6
6088;102;155;1;land;true;jungle;6
6089;76;0;1;land;false;forest;6
6090;54;0;1;land;false;forest;6
6091;92;11;1;land;false;plains;6
6092;58;39;1;land;false;plains;6
6093;51;23;1;land;false;plains;6
6094;40;13;1;land;false;plains;6
6095;115;18;1;land;false;forest;6
6096;42;22;1;land;false;plains;6
6097;74;12;1;land;false;forest;6
6098;72;26;1;land;false;plains;6
6099;55;20;1;land;false;forest;6
6100;69;27;1;land;false;plains;6
6101;79;41;1;land;false;plains;6
6102;98;41;1;land;false;plains;6
6103;80;0;1;land;false;forest;6
6104;117;16;1;land;false;plains;6
6105;181;91;1;land;true;plains;6
6106;120;104;1;land;false;plains;6
6107;126;146;1;land;true;plains;6
6108;135;115;1;land;true;plains;6
6109;133;104;1;land;true;plains;6
6110;108;132;1;land;true;plains;6
6111;178;77;1;land;false;plains;6
6112;119;140;1;land;false;plains;6
6113;177;108;1;land;false;plains;6
6114;149;99;1;land;true;plains;6
6115;130;126;1;land;false;hills;6
6116;112;129;1;land;false;hills;6
6117;123;113;1;land;false;forest;6
6118;189;103;1;land;false;hills;6
6119;176;124;1;land;false;hills;6
6120;164;131;1;land;false;plains;6
6121;163;116;1;land;false;hills;6
6122;154;115;1;land;false;hills;6
6123;166;118;1;land;false;hills;6
6124;155;91;1;land;false;hills;6
6125;83;176;1;land;false;forest;6
6126;137;223;1;land;false;plains;6
6127;94;218;1;land;true;forest;6
6128;108;239;1;land;true;forest;6
6129;125;231;1;land;true;forest;6
6130;133;177;1;land;true;forest;6
6131;109;205;1;land;false;plains;6
6132;89;198;1;land;false;forest;6
6133;101;219;1;land;true;plains;6
6134;87;254;1;land;false;plains;6
6135;134;216;1;land;false;plains;6
6136;109;215;1;land;false;plains;6
6137;136;178;1;land;false;plains;6
6138;109;249;1;land;false;plains;6
6139;143;197;1;land;false;forest;6
6140;122;189;1;land;true;forest;6
6141;82;208;1;land;false;plains;6
6142;128;227;1;land;false;forest;6
6143;108;240;1;land;false;forest;6
6144;73;193;1;land;false;forest;6
6145;148;187;1;land;false;plains;6
6146;107;210;1;land;false;plains;6
6147;74;202;1;land;false;forest;6
6148;129;206;1;land;false;plains;6
6149;125;179;1;land;true;forest;6
6150;183;86;1;land;false;forest;6
6151;253;50;1;land;false;forest;6
6152;198;93;1;land;false;forest;6
6153;189;64;1;land;true;forest;6
6154;243;46;1;land;true;forest;6
6155;219;77;1;land;true;forest;6
6156;243;41;1;land;false;forest;6
6157;96;97;1;land;true;jungle;6
6158;52;78;1;land;true;forest;6
6159;54;113;1;land;true;jungle;6
6160;46;45;1;land;false;jungle;6
6161;71;61;1;land;true;jungle;6
6162;100;66;1;land;true;jungle;6
6163;34;96;1;land;true;forest;6
6164;99;81;1;land;false;jungle;6
6165;58;92;1;land;true;jungle;6
6166;32;187;1;land;false;plains;6
6167;1;205;1;land;false;forest;6
6168;16;156;1;land;false;forest;6
6169;47;158;1;land;false;plains;6
6170;52;159;1;land;false;hills;6
6171;56;194;1;land;false;mountain;6
6172;56;136;1;land;false;hills;6
6173;23;196;1;land;false;hills;6
6174;26;179;1;land;false;plains;6
6175;46;196;1;land;false;hills;6
6176;33;167;1;land;false;plains;6
6177;56;125;1;land;false;plains;6
6178;59;152;1;land;false;hills;6
6179;80;197;1;land;false;plains;6
6180;48;196;1;land;false;hills;6
6181;84;160;1;land;false;hills;6
6182;89;169;1;land;false;hills;6
6183;57;124;1;land;false;plains;6
6184;47;52;1;land;false;plains;6
6185;67;60;1;land;false;plains;6
6186;95;51;1;land;false;plains;6
6187;82;61;1;land;false;plains;6
6188;81;52;1;land;false;hills;6
6189;59;28;1;land;false;plains;6
6190;109;16;1;land;false;plains;6
6191;86;32;1;land;false;plains;6
6192;86;15;1;land;false;plains;6
6193;139;165;1;land;false;plains;6
6194;213;113;1;land;false;plains;6
6195;174;120;1;land;false;plains;6
6196;150;137;1;land;false;forest;6
6197;196;185;1;land;false;plains;6
6198;172;163;1;land;false;plains;6
6199;205;163;1;land;false;plains;6
6200;179;115;1;land;false;plains;6
6201;160;181;1;land;false;hills;6
6202;216;120;1;land;false;plains;6
6203;201;166;1;land;false;plains;6
6204;144;125;1;land;false;hills;6
6205;174;148;1;land;false;plains;6
6206;196;184;1;land;false;plains;6
6207;152;110;1;land;false;plains;6
6208;167;150;1;land;false;plains;6
6209;79;167;1;land;false;plains;6
6210;50;175;1;land;false;plains;6
6211;93;181;1;land;false;plains;6
6212;95;182;1;land;false;plains;6
6213;96;192;1;land;false;plains;6
6214;110;220;1;land;false;plains;6
6215;53;239;1;land;false;plains;6
6216;92;194;1;land;false;plains;6
6217;101;216;1;land;false;plains;6
6218;211;148;1;land;true;forest;6
6219;213;114;1;land;true;forest;6
6220;239;139;1;land;false;forest;6
6221;240;177;1;land;false;forest;6
6222;229;109;1;land;false;plains;6
6223;233;134;1;land;false;forest;6
6224;223;145;1;land;false;plains;6
6225;227;135;1;land;false;forest;6
6226;249;176;1;land;false;plains;6
6227;248;149;1;land;true;plains;6
6228;245;162;1;land;false;plains;6
6229;249;158;1;land;false;forest;6
6230;243;169;1;land;true;forest;6
6231;243;125;1;land;true;plains;6
6232;221;169;1;land;false;plains;6
6233;215;114;1;land;false;plains;6
6234;215;99;1;land;false;forest;6
6235;236;115;1;land;false;forest;6
6236;227;158;1;land;false;forest;6
6237;223;158;1;land;false;forest;6
6238;228;169;1;land;false;forest;6
6239;228;126;1;land;true;plains;6
6240;248;137;1;land;false;forest;6
6241;223;166;1;land;true;forest;6
6242;229;135;1;land;true;plains;6
6243;240;103;1;land;true;forest;6
6244;91;113;1;land;false;plains;6
6245;72;106;1;land;false;forest;6
6246;32;130;1;land;false;forest;6
6247;91;91;1;land;false;forest;6
6248;91;132;1;land;false;plains;6
6249;76;93;1;land;false;forest;6
6250;76;118;1;land;false;forest;6
6251;156;117;1;land;false;plains;6
6252;150;116;1;land;false;urban;6
6253;140;73;1;land;false;plains;6
6254;151;79;1;land;false;plains;6
6255;130;150;1;land;false;forest;6
6256;178;143;1;land;false;plains;6
6257;172;124;1;land;true;forest;6
6258;142;118;1;land;false;plains;6
6259;131;78;1;land;false;plains;6
6260;127;149;1;land;true;plains;6
6261;130;98;1;land;false;plains;6
6262;80;144;1;land;false;hills;6
6263;112;208;1;land;false;forest;6
6264;77;178;1;land;false;jungle;6
6265;107;191;1;land;false;jungle;6
6266;132;187;1;land;false;forest;6
6267;112;209;1;land;false;hills;6
6268;85;180;1;land;false;forest;6
6269;85;209;1;land;false;jungle;6
6270;92;181;1;land;false;jungle;6
6271;135;192;1;land;false;forest;6
6272;91;167;1;land;false;jungle;6
6273;145;151;1;land;false;jungle;6
6274;104;201;1;land;false;forest;6
6275;145;214;1;land;false;forest;6
6276;105;208;1;land;false;forest;6
6277;87;165;1;land;false;plains;6
6278;129;217;1;land;false;jungle;6
6279;122;215;1;land;false;hills;6
6280;125;215;1;land;false;jungle;6
6281;136;188;1;land;false;jungle;6
6282;91;176;1;land;false;hills;6
6283;129;159;1;land;false;jungle;6
6284;77;154;1;land;false;forest;6
6285;111;150;1;land;false;jungle;6
6286;73;194;1;land;false;jungle;6
6287;123;191;1;land;false;forest;6
6288;123;140;1;land;false;hills;6
6289;74;155;1;land;false;forest;6
6290;109;190;1;land;false;jungle;6
6291;82;163;1;land;false;forest;6
6292;136;172;1;land;false;forest;6
6293;136;142;1;land;false;hills;6
6294;100;162;1;land;false;forest;6
6295;130;144;1;land;false;forest;6
6296;117;190;1;land;false;forest;6
6297;121;177;1;land;false;hills;6
6298;150;152;1;land;false;plains;6
6299;148;216;1;land;false;hills;6
6300;124;213;1;land;false;forest;6
6301;99;224;1;land;false;hills;6
6302;133;200;1;land;false;hills;6
6303;156;165;1;land;false;mountain;6
6304;133;166;1;land;false;forest;6
6305;168;175;1;land;false;plains;6
6306;127;150;1;land;false;plains;6
6307;134;189;1;land;false;hills;6
6308;244;149;1;land;true;forest;6
6309;219;138;1;land;false;hills;6
6310;229;168;1;land;true;forest;6
6311;171;135;1;land;false;plains;6
6312;222;150;1;land;false;hills;6
6313;228;156;1;land;true;plains;6
6314;189;170;1;land;true;forest;6
6315;195;152;1;land;false;forest;6
6316;181;191;1;land;false;forest;6
6317;220;172;1;land;false;hills;6
6318;181;120;1;land;false;forest;6
6319;207;172;1;land;true;forest;6
6320;170;180;1;land;false;mountain;6
6321;224;189;1;land;false;mountain;6
6322;211;159;1;land;false;forest;6
6323;209;127;1;land;true;forest;6
6324;162;107;1;land;false;plains;6
6325;143;96;1;land;false;plains;6
6326;102;89;1;land;false;plains;6
6327;105;98;1;land;false;plains;6
6328;105;131;1;land;false;plains;6
6329;125;122;1;land;false;plains;6
6330;100;144;1;land;false;plains;6
6331;147;129;1;land;false;plains;6
6332;88;112;1;land;false;plains;6
6333;94;94;1;land;false;plains;6
6334;82;4;1;land;false;plains;6
6335;119;41;1;land;false;hills;6
6336;116;63;1;land;false;forest;6
6337;118;46;1;land;false;plains;6
6338;94;56;1;land;false;forest;6
6339;96;19;1;land;false;forest;6
6340;75;36;1;land;false;forest;6
6341;144;55;1;land;false;hills;6
6342;87;36;1;land;false;forest;6
6343;88;64;1;land;false;plains;6
6344;70;21;1;land;false;forest;6
6345;105;22;1;land;false;forest;6
6346;132;53;1;land;false;forest;6
6347;14;47;1;land;false;forest;6
6348;48;45;1;land;false;forest;6
6349;25;0;1;land;false;hills;6
6350;52;28;1;land;false;forest;6
6351;22;19;1;land;false;hills;6
6352;23;20;1;land;false;forest;6
6353;32;26;1;land;false;hills;6
6354;47;31;1;land;false;hills;6
6355;15;7;1;land;false;forest;6
6356;42;154;1;land;false;plains;6
6357;14;154;1;land;false;plains;6
6358;56;111;1;land;false;plains;6
6359;33;168;1;land;true;plains;6
6360;27;127;1;land;false;plains;6
6361;46;169;1;land;false;plains;6
6362;55;183;1;land;false;plains;6
6363;53;174;1;land;false;plains;6
6364;57;171;1;land;true;plains;6
6365;54;163;1;land;false;plains;6
6366;25;185;1;land;true;plains;6
6367;25;160;1;land;true;plains;6
6368;16;147;1;land;false;plains;6
6369;41;167;1;land;false;plains;6
6370;5;128;1;land;false;plains;6
6371;36;125;1;land;true;plains;6
6372;29;130;1;land;false;plains;6
6373;18;143;1;land;true;plains;6
6374;16;187;1;land;true;plains;6
6375;24;144;1;land;false;plains;6
6376;41;127;1;land;false;plains;6
6377;45;165;1;land;false;plains;6
6378;40;138;1;land;false;plains;6
6379;11;124;1;land;true;forest;6
6380;59;111;1;land;false;plains;6
6381;51;172;1;land;false;plains;6
6382;0;147;1;land;false;plains;6
6383;159;30;1;land;true;forest;6
6384;147;33;1;land;false;plains;6
6385;127;15;1;land;true;plains;6
6386;106;33;1;land;true;plains;6
6387;117;2;1;land;true;plains;6
6388;155;47;1;land;true;plains;6
6389;162;4;1;land;false;forest;6
6390;139;2;1;land;true;plains;6
6391;148;39;1;land;false;plains;6
6392;187;122;1;land;false;forest;6
6393;207;92;1;land;false;plains;6
6394;218;118;1;land;false;forest;6
6395;208;92;1;land;false;plains;6
6396;231;153;1;land;false;forest;6
6397;156;134;1;land;false;forest;6
6398;154;128;1;land;false;forest;6
6399;92;107;1;land;true;plains;6
6400;116;114;1;land;false;plains;6
6401;139;54;1;land;false;forest;6
6402;78;84;1;land;false;plains;6
6403;116;67;1;land;false;forest;6
6404;145;53;1;land;true;plains;6
6405;80;110;1;land;false;plains;6
6406;119;110;1;land;false;plains;6
6407;94;121;1;land;true;plains;6
6408;97;73;1;land;false;plains;6
6409;8;2;1;land;false;plains;6
6410;28;17;1;land;false;forest;6
6411;74;9;1;land;true;forest;6
6412;51;9;1;land;false;plains;6
6413;79;47;1;land;false;forest;6
6414;28;22;1;land;true;forest;6
6415;55;12;1;land;false;forest;6
6416;49;1;1;land;false;plains;6
6417;12;12;1;land;true;forest;6
6418;51;24;1;land;false;plains;6
6419;8;46;1;land;false;forest;6
6420;17;14;1;land;true;forest;6
6421;27;53;1;land;false;urban;6
6422;43;20;1;land;false;plains;6
6423;79;20;1;land;false;forest;6
6424;56;31;1;land;true;plains;6
6425;83;39;1;land;false;plains;6
6426;26;47;1;land;false;plains;6
6427;79;13;1;land;true;forest;6
6428;18;43;1;land;true;plains;6
6429;52;25;1;land;true;forest;6
6430;19;0;1;land;false;plains;6
6431;17;20;1;land;true;forest;6
6432;14;41;1;land;false;forest;6
6433;39;132;1;land;false;forest;6
6434;9;152;1;land;true;forest;6
6435;22;108;1;land;false;forest;6
6436;34;173;1;land;true;forest;6
6437;27;154;1;land;true;forest;6
6438;35;104;1;land;true;plains;6
6439;27;115;1;land;true;plains;6
6440;19;132;1;land;false;plains;6
6441;30;155;1;land;true;forest;6
6442;6;113;1;land;false;forest;6
6443;11;137;1;land;false;forest;6
6444;24;138;1;land;true;urban;6
6445;8;169;1;land;true;plains;6
6446;23;107;1;land;false;plains;6
6447;23;167;1;land;true;plains;6
6448;12;126;1;land;false;forest;6
6449;17;156;1;land;true;forest;6
6450;35;132;1;land;true;plains;6
6451;22;141;1;land;true;plains;6
6452;8;162;1;land;true;forest;6
6453;28;107;1;land;true;forest;6
6454;3;159;1;land;true;plains;6
6455;1;122;1;land;false;forest;6
6456;27;165;1;land;true;urban;6
6457;35;151;1;land;false;forest;6
6458;27;162;1;land;false;forest;6
6459;40;106;1;land;false;forest;6
6460;28;116;1;land;true;forest;6
6461;13;107;1;land;false;forest;6
6462;40;162;1;land;false;urban;6
6463;1;140;1;land;false;plains;6
6464;12;116;1;land;true;plains;6
6465;26;121;1;land;true;plains;6
6466;38;180;1;land;true;plains;6
6467;21;163;1;land;false;forest;6
6468;10;168;1;land;true;plains;6
6469;12;103;1;land;false;plains;6
6470;41;131;1;land;false;plains;6
6471;24;101;1;land;false;plains;6
6472;202;96;1;land;false;forest;6
6473;231;89;1;land;false;forest;6
6474;205;89;1;land;false;forest;6
6475;239;112;1;land;false;forest;6
6476;204;148;1;land;false;forest;6
6477;195;143;1;land;false;forest;6
6478;230;104;1;land;false;hills;6
6479;242;90;1;land;false;forest;6
6480;254;127;1;land;false;hills;6
6481;195;138;1;land;false;hills;6
6482;233;167;1;land;false;hills;6
6483;234;128;1;land;false;plains;6
6484;86;17;1;land;false;forest;6
6485;125;5;1;land;false;forest;6
6486;128;39;1;land;false;forest;6
6487;101;37;1;land;false;forest;6
6488;77;15;1;land;false;forest;6
6489;71;33;1;land;false;forest;6
6490;78;30;1;land;false;forest;6
6491;109;27;1;land;false;plains;6
6492;99;6;1;land;false;forest;6
6493;113;15;1;land;false;plains;6
6494;136;41;1;land;false;forest;6
6495;193;191;1;land;false;plains;6
6496;104;113;1;land;true;jungle;6
6497;89;97;1;land;false;jungle;6
6498;48;100;1;land;true;jungle;6
6499;39;116;1;land;true;jungle;6
6500;87;120;1;land;false;jungle;6
6501;106;105;1;land;false;jungle;6
6502;108;99;1;land;false;jungle;6
6503;92;89;1;land;false;jungle;6
6504;95;91;1;land;false;jungle;6
6505;64;136;1;land;false;jungle;6
6506;43;123;1;land;false;jungle;6
6507;101;94;1;land;true;jungle;6
6508;41;145;1;land;false;forest;6
6509;71;122;1;land;true;jungle;6
6510;72;85;1;land;false;jungle;6
6511;65;117;1;land;true;jungle;6
6512;109;111;1;land;false;jungle;6
6513;213;194;1;land;false;urban;6
6514;221;252;1;land;false;forest;6
6515;220;242;1;land;false;forest;6
6516;246;206;1;land;false;forest;6
6517;215;186;1;land;false;forest;6
6518;234;223;1;land;false;plains;6
6519;214;194;1;land;false;plains;6
6520;248;246;1;land;false;plains;6
6521;202;237;1;land;true;forest;6
6522;226;227;1;land;false;forest;6
6523;226;224;1;land;false;plains;6
6524;210;215;1;land;false;forest;6
6525;231;204;1;land;false;plains;6
6526;80;72;1;land;true;urban;6
6527;74;46;1;land;true;plains;6
6528;65;91;1;land;false;plains;6
6529;82;53;1;land;true;plains;6
6530;64;64;1;land;false;plains;6
6531;55;56;1;land;false;plains;6
6532;85;86;1;land;false;forest;6
6533;101;51;1;land;false;plains;6
6534;79;68;1;land;true;plains;6
6535;82;91;1;land;false;plains;6
6536;130;57;1;land;false;plains;6
6537;71;65;1;land;true;plains;6
6538;130;101;1;land;false;plains;6
6539;105;109;1;land;true;plains;6
6540;59;69;1;land;false;forest;6
6541;62;72;1;land;false;plains;6
6542;71;74;1;land;false;plains;6
6543;127;96;1;land;false;plains;6
6544;196;168;1;land;false;forest;6
6545;166;166;1;land;false;forest;6
6546;137;180;1;land;false;plains;6
6547;194;164;1;land;false;plains;6
6548;127;175;1;land;false;plains;6
6549;188;184;1;land;true;plains;6
6550;147;197;1;land;true;plains;6
6551;176;200;1;land;false;plains;6
6552;189;227;1;land;true;plains;6
6553;170;181;1;land;true;forest;6
6554;175;204;1;land;true;plains;6
6555;183;222;1;land;true;forest;6
6556;180;157;1;land;false;forest;6
6557;165;178;1;land;false;forest;6
6558;137;188;1;land;true;plains;6
6559;153;166;1;land;true;plains;6
6560;42;97;1;land;false;forest;6
6561;25;58;1;land;false;forest;6
6562;28;67;1;land;false;jungle;6
6563;11;36;1;land;false;jungle;6
6564;1;87;1;land;true;forest;6
6565;43;37;1;land;true;forest;6
6566;31;23;1;land;false;jungle;6
6567;28;52;1;land;false;jungle;6
6568;33;37;1;land;false;forest;6
6569;21;63;1;land;false;forest;6
6570;9;56;1;land;false;jungle;6
6571;37;46;1;land;false;forest;6
6572;20;89;1;land;false;forest;6
6573;42;87;1;land;false;forest;6
6574;19;58;1;land;false;jungle;6
6575;45;45;1;land;true;forest;6
6576;31;45;1;land;false;jungle;6
6577;17;91;1;land;false;jungle;6
6578;19;79;1;land;false;forest;6
6579;40;95;1;land;false;forest;6
6580;19;95;1;land;false;forest;6
6581;10;29;1;land;false;jungle;6
6582;8;96;1;land;false;forest;6
6583;36;84;1;land;false;jungle;6
6584;33;82;1;land;true;jungle;6
6585;15;34;1;land;false;jungle;6
6586;24;61;1;land;false;jungle;6
6587;17;75;1;land;false;jungle;6
6588;101;177;1;land;false;forest;6
6589;125;113;1;land;false;forest;6
6590;105;125;1;land;false;plains;6
6591;108;130;1;land;false;plains;6
6592;109;149;1;land;false;plains;6
6593;78;147;1;land;false;plains;6
6594;66;127;1;land;false;forest;6
6595;140;118;1;land;false;plains;6
6596;111;158;1;land;false;hills;6
6597;79;108;1;land;false;plains;6
6598;92;166;1;land;false;plains;6
6599;108;112;1;land;false;plains;6
6600;102;103;1;land;false;plains;6
6601;69;140;1;land;false;plains;6
6602;77;119;1;land;false;hills;6
6603;120;157;1;land;false;hills;6
6604;135;174;1;land;false;forest;6
6605;138;136;1;land;false;plains;6
6606;100;122;1;land;false;hills;6
6607;100;12;1;land;false;plains;6
6608;125;12;1;land;false;plains;6
6609;81;1;1;land;false;plains;6
6610;92;1;1;land;false;plains;6
6611;132;36;1;land;false;plains;6
6612;151;20;1;land;false;plains;6
6613;121;6;1;land;false;plains;6
6614;91;27;1;land;false;plains;6
6615;90;7;1;land;false;plains;6
6616;90;30;1;land;false;plains;6
6617;80;16;1;land;false;plains;6
6618;92;37;1;land;false;plains;6
6619;112;4;1;land;false;plains;6
6620;141;30;1;land;false;urban;6
6621;148;41;1;land;false;plains;6
6622;195;209;1;land;false;hills;6
6623;148;214;1;land;false;hills;6
6624;221;245;1;land;false;hills;6
6625;147;203;1;land;false;plains;6
6626;9;67;1;land;false;plains;6
6627;27;103;1;land;false;plains;6
6628;55;124;1;land;false;forest;6
6629;56;89;1;land;false;plains;6
6630;55;65;1;land;false;forest;6
6631;35;67;1;land;false;plains;6
6632;72;104;1;land;false;plains;6
6633;80;89;1;land;false;plains;6
6634;49;87;1;land;false;forest;6
6635;9;64;1;land;false;plains;6
6636;64;90;1;land;false;plains;6
6637;37;64;1;land;false;forest;6
6638;32;74;1;land;false;plains;6
6639;40;59;1;land;false;plains;6
6640;24;63;1;land;false;forest;6
6641;46;52;1;land;false;plains;6
6642;46;106;1;land;false;plains;6
6643;11;96;1;land;false;plains;6
6644;82;117;1;land;false;forest;6
6645;21;116;1;land;false;forest;6
6646;128;162;1;land;false;plains;6
6647;135;138;1;land;true;plains;6
6648;143;99;1;land;true;plains;6
6649;137;144;1;land;true;plains;6
6650;139;105;1;land;false;plains;6
6651;160;166;1;land;true;plains;6
6652;204;116;1;land;true;plains;6
6653;130;155;1;land;false;plains;6
6654;148;97;1;land;true;plains;6
6655;28;1;1;land;false;plains;6
6656;55;27;1;land;false;plains;6
6657;54;13;1;land;false;forest;6
6658;44;0;1;land;false;plains;6
6659;63;18;1;land;true;plains;6
6660;20;10;1;land;false;plains;6
6661;10;14;1;land;false;plains;6
6662;28;3;1;land;false;plains;6
6663;41;36;1;land;false;plains;6
6664;18;21;1;land;false;plains;6
6665;64;7;1;land;false;forest;6
6666;26;2;1;land;false;hills;6
6667;4;15;1;land;false;plains;6
6668;33;25;1;land;false;plains;6
6669;35;12;1;land;false;plains;6
6670;36;28;1;land;false;plains;6
6671;18;17;1;land;true;plains;6
6672;62;30;1;land;false;plains;6
6673;1;10;1;land;false;plains;6
6674;7;12;1;land;false;plains;6
6675;55;13;1;land;false;plains;6
6676;5;12;1;land;false;plains;6
6677;1;37;1;land;false;plains;6
6678;58;15;1;land;false;plains;6
6679;7;39;1;land;false;plains;6
6680;13;9;1;land;false;plains;6
6681;6;11;1;land;false;plains;6
6682;49;27;1;land;true;plains;6
6683;29;27;1;land;false;plains;6
6684;169;253;1;land;false;forest;6
6685;161;197;1;land;false;forest;6
6686;202;236;1;land;false;forest;6
6687;178;205;1;land;false;plains;6
6688;194;233;1;land;false;forest;6
6689;163;250;1;land;false;forest;6
6690;187;234;1;land;false;plains;6
6691;180;222;1;land;false;forest;6
6692;160;206;1;land;false;forest;6
6693;216;196;1;land;false;forest;6
6694;229;208;1;land;false;plains;6
6695;215;244;1;land;false;plains;6
6696;200;245;1;land;false;forest;6
6697;189;242;1;land;false;forest;6
6698;178;198;1;land;false;forest;6
6699;136;55;1;land;false;plains;6
6700;175;43;1;land;false;plains;6
6701;214;58;1;land;false;forest;6
6702;214;90;1;land;false;forest;6
6703;162;40;1;land;false;plains;6
6704;214;37;1;land;false;forest;6
6705;161;29;1;land;false;forest;6
6706;199;74;1;land;false;forest;6
6707;215;34;1;land;false;forest;6
6708;182;83;1;land;false;forest;6
6709;144;68;1;land;false;plains;6
6710;157;75;1;land;false;forest;6
6711;152;47;1;land;false;forest;6
6712;197;17;1;land;false;forest;6
6713;163;34;1;land;false;forest;6
6714;209;60;1;land;false;forest;6
6715;150;208;1;land;false;forest;6
6716;213;202;1;land;false;forest;6
6717;197;205;1;land;false;plains;6
6718;165;181;1;land;false;plains;6
6719;199;135;1;land;false;plains;6
6720;180;175;1;land;false;forest;6
6721;164;207;1;land;false;plains;6
6722;189;133;1;land;false;plains;6
6723;204;170;1;land;false;plains;6
6724;156;191;1;land;false;plains;6
6725;167;209;1;land;false;plains;6
6726;183;175;1;land;false;forest;6
6727;158;160;1;land;false;plains;6
6728;226;187;1;land;false;plains;6
6729;167;145;1;land;false;plains;6
6730;239;170;1;land;true;plains;6
6731;231;216;1;land;true;plains;6
6732;185;166;1;land;false;plains;6
6733;195;164;1;land;false;plains;6
6734;251;197;1;land;true;forest;6
6735;221;170;1;land;true;plains;6
6736;250;212;1;land;false;plains;6
6737;236;182;1;land;true;plains;6
6738;227;145;1;land;false;plains;6
6739;103;147;1;land;false;plains;6
6740;120;190;1;land;true;plains;6
6741;162;138;1;land;true;plains;6
6742;133;135;1;land;true;plains;6
6743;64;200;1;land;false;hills;6
6744;81;232;1;land;false;forest;6
6745;73;254;1;land;false;forest;6
6746;62;215;1;land;false;forest;6
6747;59;223;1;land;false;forest;6
6748;45;244;1;land;false;forest;6
6749;35;216;1;land;false;plains;6
6750;74;104;1;land;false;plains;6
6751;67;136;1;land;false;plains;6
6752;99;62;1;land;false;forest;6
6753;87;111;1;land;false;forest;6
6754;62;88;1;land;false;plains;6
6755;49;124;1;land;true;plains;6
6756;104;136;1;land;false;forest;6
6757;52;98;1;land;false;plains;6
6758;110;62;1;land;true;plains;6
6759;49;101;1;land;false;urban;6
6760;53;125;1;land;false;plains;6
6761;84;128;1;land;false;plains;6
6762;75;135;1;land;true;forest;6
6763;66;92;1;land;false;forest;6
6764;83;117;1;land;false;plains;6
6765;89;121;1;land;false;plains;6
6766;38;80;1;land;false;plains;6
6767;65;73;1;land;true;plains;6
6768;113;65;1;land;false;plains;6
6769;47;139;1;land;false;plains;6
6770;51;27;1;land;false;jungle;6
6771;13;7;1;land;false;jungle;6
6772;70;32;1;land;false;forest;6
6773;33;45;1;land;false;hills;6
6774;56;26;1;land;false;jungle;6
6775;18;28;1;land;false;jungle;6
6776;55;10;1;land;false;jungle;6
6777;31;25;1;land;false;jungle;6
6778;23;40;1;land;false;forest;6
6779;65;33;1;land;false;hills;6
6780;71;41;1;land;false;forest;6
6781;0;66;1;land;false;jungle;6
6782;63;50;1;land;false;jungle;6
6783;46;29;1;land;false;jungle;6
6784;54;67;1;land;false;forest;6
6785;12;67;1;land;false;jungle;6
6786;58;30;1;land;false;forest;6
6787;36;35;1;land;false;jungle;6
6788;43;18;1;land;false;jungle;6
6789;19;64;1;land;false;forest;6
6790;50;42;1;land;false;forest;6
6791;42;55;1;land;false;jungle;6
6792;25;39;1;land;false;jungle;6
6793;16;1;1;land;false;forest;6
6794;32;65;1;land;false;jungle;6
6795;137;27;1;land;false;plains;6
6796;134;20;1;land;false;forest;6
6797;155;8;1;land;false;forest;6
6798;151;67;1;land;false;plains;6
6799;141;133;1;land;false;plains;6
6800;149;97;1;land;true;plains;6
6801;127;115;1;land;true;plains;6
6802;136;119;1;land;true;plains;6
6803;86;118;1;land;false;forest;6
6804;46;107;1;land;false;forest;6
6805;57;136;1;land;false;forest;6
6806;88;124;1;land;true;plains;6
6807;78;103;1;land;false;forest;6
6808;43;88;1;land;false;plains;6
6809;39;122;1;land;false;forest;6
6810;48;97;1;land;false;forest;6
6811;93;66;1;land;false;forest;6
6812;76;62;1;land;false;forest;6
6813;87;71;1;land;false;plains;6
6814;44;121;1;land;false;forest;6
6815;75;116;1;land;false;forest;6
6816;95;101;1;land;false;forest;6
6817;205;22;1;land;false;forest;6
6818;157;19;1;land;false;plains;6
6819;177;31;1;land;false;plains;6
6820;211;4;1;land;false;urban;6
6821;161;60;1;land;false;plains;6
6822;156;59;1;land;false;plains;6
6823;172;145;1;land;false;plains;6
6824;210;121;1;land;false;plains;6
6825;147;118;1;land;false;plains;6
6826;186;105;1;land;false;plains;6
6827;168;98;1;land;false;plains;6
6828;223;148;1;land;false;plains;6
6829;92;170;1;land;false;forest;6
6830;153;206;1;land;false;plains;6
6831;108;241;1;land;false;plains;6
6832;149;206;1;land;false;forest;6
6833;160;218;1;land;false;forest;6
6834;147;215;1;land;false;forest;6
6835;111;207;1;land;false;forest;6
6836;169;174;1;land;false;plains;6
6837;168;188;1;land;false;plains;6
6838;150;248;1;land;false;forest;6
6839;152;248;1;land;false;plains;6
6840;110;225;1;land;false;forest;6
6841;115;223;1;land;false;forest;6
6842;164;232;1;land;false;forest;6
6843;151;218;1;land;false;plains;6
6844;140;191;1;land;false;urban;6
6845;166;235;1;land;false;plains;6
6846;161;210;1;land;false;forest;6
6847;158;181;1;land;false;forest;6
6848;194;10;1;land;true;plains;6
6849;171;9;1;land;true;plains;6
6850;167;15;1;land;false;plains;6
6851;195;38;1;land;false;plains;6
6852;180;9;1;land;false;forest;6
6853;133;35;1;land;false;forest;6
6854;131;68;1;land;false;plains;6
6855;179;28;1;land;true;plains;6
6856;146;27;1;land;false;plains;6
6857;129;51;1;land;false;forest;6
6858;134;41;1;land;false;plains;6
6859;154;55;1;land;true;plains;6
6860;181;34;1;land;false;forest;6
6861;193;78;1;land;true;urban;6
6862;188;59;1;land;false;forest;6
6863;148;71;1;land;false;plains;6
6864;153;19;1;land;true;plains;6
6865;180;5;1;land;false;plains;6
6866;165;48;1;land;true;plains;6
6867;144;47;1;land;false;forest;6
6868;133;45;1;land;false;forest;6
6869;163;12;1;land;false;plains;6
6870;173;33;1;land;true;plains;6
6871;181;32;1;land;false;plains;6
6872;193;59;1;land;false;plains;6
6873;139;75;1;land;false;plains;6
6874;160;71;1;land;false;plains;6
6875;201;11;1;land;false;plains;6
6876;123;36;1;land;false;plains;6
6877;80;44;1;land;false;forest;6
6878;48;5;1;land;false;forest;6
6879;112;18;1;land;false;forest;6
6880;59;2;1;land;false;plains;6
6881;42;66;1;land;false;plains;6
6882;29;118;1;land;false;plains;6
6883;46;83;1;land;true;plains;6
6884;19;69;1;land;false;plains;6
6885;15;72;1;land;false;plains;6
6886;6;83;1;land;false;forest;6
6887;19;96;1;land;true;plains;6
6888;36;59;1;land;true;forest;6
6889;27;92;1;land;false;plains;6
6890;8;117;1;land;true;plains;6
6891;178;170;1;land;false;jungle;6
6892;160;193;1;land;false;jungle;6
6893;179;140;1;land;false;jungle;6
6894;180;207;1;land;false;jungle;6
6895;176;186;1;land;false;jungle;6
6896;213;199;1;land;false;jungle;6
6897;215;205;1;land;false;jungle;6
6898;168;184;1;land;false;jungle;6
6899;163;179;1;land;false;jungle;6
6900;170;205;1;land;false;jungle;6
6901;189;198;1;land;false;jungle;6
6902;207;129;1;land;false;mountain;6
6903;224;193;1;land;false;jungle;6
6904;179;138;1;land;false;plains;6
6905;173;193;1;land;false;jungle;6
6906;164;148;1;land;false;jungle;6
6907;174;208;1;land;false;forest;6
6908;141;183;1;land;false;forest;6
6909;184;196;1;land;false;forest;6
6910;148;201;1;land;false;plains;6
6911;177;243;1;land;false;forest;6
6912;200;227;1;land;false;plains;6
6913;133;183;1;land;false;forest;6
6914;166;216;1;land;false;plains;6
6915;163;203;1;land;false;forest;6
6916;141;205;1;land;false;plains;6
6917;130;196;1;land;false;forest;6
6918;177;221;1;land;false;plains;6
6919;145;237;1;land;false;plains;6
6920;150;184;1;land;false;forest;6
6921;41;64;1;land;false;forest;6
6922;16;109;1;land;false;forest;6
6923;59;115;1;land;false;forest;6
6924;54;106;1;land;false;forest;6
6925;14;106;1;land;false;plains;6
6926;37;76;1;land;false;hills;6
6927;27;57;1;land;false;forest;6
6928;10;78;1;land;false;forest;6
6929;1;105;1;land;false;forest;6
6930;176;163;1;land;false;plains;6
6931;212;219;1;land;false;plains;6
6932;196;156;1;land;false;plains;6
6933;247;178;1;land;false;plains;6
6934;241;138;1;land;false;hills;6
6935;242;203;1;land;false;hills;6
6936;247;144;1;land;false;plains;6
6937;236;142;1;land;false;hills;6
6938;227;124;1;land;false;plains;6
6939;216;149;1;land;false;plains;6
6940;232;191;1;land;false;urban;6
6941;233;189;1;land;false;hills;6
6942;233;146;1;land;false;plains;6
6943;230;128;1;land;false;plains;6
6944;228;199;1;land;false;hills;6
6945;239;153;1;land;false;hills;6
6946;231;144;1;land;false;plains;6
6947;251;158;1;land;false;hills;6
6948;230;145;1;land;false;hills;6
6949;243;145;1;land;false;plains;6
6950;225;192;1;land;false;plains;6
6951;129;89;1;land;false;plains;6
6952;165;85;1;land;false;hills;6
6953;151;85;1;land;false;plains;6
6954;156;112;1;land;false;hills;6
6955;124;132;1;land;false;mountain;6
6956;116;117;1;land;false;hills;6
6957;136;144;1;land;false;hills;6
6958;137;112;1;land;false;plains;6
6959;144;152;1;land;false;hills;6
6960;146;150;1;land;false;hills;6
6961;139;231;1;land;false;forest;6
6962;157;249;1;land;false;forest;6
6963;146;189;1;land;false;forest;6
6964;134;214;1;land;false;forest;6
6965;135;225;1;land;false;forest;6
6966;136;210;1;land;false;forest;6
6967;141;204;1;land;false;forest;6
6968;188;32;1;land;false;forest;6
6969;208;89;1;land;false;plains;6
6970;208;60;1;land;false;forest;6
6971;222;42;1;land;false;forest;6
6972;203;39;1;land;false;plains;6
6973;160;39;1;land;false;plains;6
6974;193;79;1;land;false;forest;6
6975;209;85;1;land;false;plains;6
6976;236;91;1;land;false;plains;6
6977;244;48;1;land;false;plains;6
6978;209;56;1;land;false;plains;6
6979;251;51;1;land;false;plains;6
6980;239;36;1;land;false;plains;6
6981;206;74;1;land;false;plains;6
6982;222;70;1;land;false;plains;6
6983;73;46;1;land;false;jungle;6
6984;94;71;1;land;false;forest;6
6985;97;83;1;land;true;jungle;6
6986;102;70;1;land;false;jungle;6
6987;99;58;1;land;false;hills;6
6988;113;39;1;land;false;jungle;6
6989;100;77;1;land;true;forest;6
6990;50;67;1;land;false;jungle;6
6991;72;82;1;land;false;jungle;6
6992;38;41;1;land;false;hills;6
6993;111;66;1;land;false;forest;6
6994;55;80;1;land;false;jungle;6
6995;82;45;1;land;false;jungle;6
6996;46;34;1;land;false;hills;6
6997;62;35;1;land;false;hills;6
6998;111;73;1;land;true;forest;6
6999;106;42;1;land;false;jungle;6
7000;43;77;1;land;false;forest;6
7001;79;67;1;land;false;forest;6
7002;83;33;1;land;false;jungle;6
7003;62;70;1;land;false;hills;6
7004;97;59;1;land;false;jungle;6
7005;60;28;1;land;false;forest;6
7006;101;85;1;land;false;jungle;6
7007;108;80;1;land;false;jungle;6
7008;57;36;1;land;false;jungle;6
7009;55;43;1;land;false;jungle;6
7010;69;74;1;land;false;jungle;6
7011;62;42;1;land;false;hills;6
7012;97;44;1;land;false;jungle;6
7013;122;150;1;land;false;plains;6
7014;154;125;1;land;false;jungle;6
7015;130;182;1;land;false;jungle;6
7016;118;187;1;land;false;plains;6
7017;128;155;1;land;false;forest;6
7018;125;114;1;land;false;plains;6
7019;231;60;1;land;true;jungle;6
7020;239;4;1;land;false;mountain;6
7021;223;15;1;land;false;forest;6
7022;213;55;1;land;false;hills;6
7023;254;73;1;land;false;forest;6
7024;216;51;1;land;false;jungle;6
7025;236;10;1;land;false;hills;6
7026;224;18;1;land;true;forest;6
7027;216;69;1;land;false;forest;6
7028;237;2;1;land;false;mountain;6
7029;254;60;1;land;false;jungle;6
7030;212;62;1;land;false;forest;6
7031;245;67;1;land;false;jungle;6
7032;253;52;1;land;false;forest;6
7033;220;66;1;land;false;hills;6
7034;226;69;1;land;false;jungle;6
7035;248;61;1;land;false;jungle;6
7036;244;38;1;land;false;mountain;6
7037;220;54;1;land;false;jungle;6
7038;223;38;1;land;false;hills;6
7039;215;67;1;land;true;jungle;6
7040;218;5;1;land;false;hills;6
7041;232;39;1;land;false;forest;6
7042;249;35;1;land;false;forest;6
7043;226;1;1;land;false;jungle;6
7044;221;61;1;land;false;mountain;6
7045;235;39;1;land;false;mountain;6
7046;212;11;1;land;false;hills;6
7047;223;70;1;land;false;jungle;6
7048;242;26;1;land;false;jungle;6
7049;248;53;1;land;false;hills;6
7050;225;3;1;land;false;forest;6
7051;50;30;1;land;false;plains;6
7052;62;47;1;land;false;plains;6
7053;149;20;1;land;false;forest;6
7054;155;28;1;land;false;urban;6
7055;145;36;1;land;true;forest;6
7056;175;18;1;land;false;forest;6
7057;158;5;1;land;false;forest;6
7058;175;46;1;land;false;forest;6
7059;154;29;1;land;false;forest;6
7060;181;42;1;land;false;forest;6
7061;145;19;1;land;false;forest;6
7062;190;45;1;land;false;forest;6
7063;130;37;1;land;false;forest;6
7064;207;28;1;land;false;forest;6
7065;145;8;1;land;false;forest;6
7066;142;4;1;land;true;urban;6
7067;191;44;1;land;true;forest;6
7068;51;212;1;land;false;plains;6
7069;52;242;1;land;false;forest;6
7070;72;207;1;land;false;forest;6
7071;110;234;1;land;false;forest;6
7072;124;216;1;land;false;forest;6
7073;86;206;1;land;false;plains;6
7074;97;225;1;land;false;plains;6
7075;75;254;1;land;false;forest;6
7076;51;218;1;land;false;forest;6
7077;109;226;1;land;false;forest;6
7078;66;246;1;land;false;forest;6
7079;121;206;1;land;false;plains;6
7080;49;230;1;land;false;forest;6
7081;84;251;1;land;false;forest;6
7082;70;222;1;land;false;plains;6
7083;123;240;1;land;false;forest;6
7084;57;202;1;land;false;forest;6
7085;79;217;1;land;false;forest;6
7086;125;236;1;land;false;forest;6
7087;49;222;1;land;false;forest;6
7088;119;252;1;land;false;forest;6
7089;173;0;1;land;false;forest;6
7090;188;14;1;land;false;forest;6
7091;122;68;1;land;false;jungle;6
7092;178;52;1;land;false;jungle;6
7093;168;64;1;land;false;forest;6
7094;146;72;1;land;false;forest;6
7095;180;19;1;land;false;jungle;6
7096;127;78;1;land;false;jungle;6
7097;130;49;1;land;false;jungle;6
7098;153;7;1;land;false;jungle;6
7099;136;0;1;land;false;jungle;6
7100;177;68;1;land;false;jungle;6
7101;182;59;1;land;false;hills;6
7102;129;33;1;land;false;forest;6
7103;177;24;1;land;false;jungle;6
7104;153;0;1;land;false;jungle;6
7105;199;68;1;land;false;forest;6
7106;153;5;1;land;false;jungle;6
7107;143;7;1;land;false;jungle;6
7108;173;59;1;land;false;forest;6
7109;178;10;1;land;false;hills;6
7110;159;54;1;land;false;jungle;6
7111;200;58;1;land;false;forest;6
7112;135;9;1;land;false;jungle;6
7113;181;13;1;land;false;forest;6
7114;233;123;1;land;false;plains;6
7115;215;128;1;land;false;plains;6
7116;252;184;1;land;false;jungle;6
7117;183;128;1;land;false;plains;6
7118;187;179;1;land;false;plains;6
7119;241;130;1;land;false;forest;6
7120;199;177;1;land;false;jungle;6
7121;204;109;1;land;false;plains;6
7122;209;114;1;land;false;plains;6
7123;242;157;1;land;false;plains;6
7124;238;163;1;land;false;forest;6
7125;189;114;1;land;false;plains;6
7126;235;164;1;land;false;urban;6
7127;228;137;1;land;false;plains;6
7128;252;113;1;land;false;plains;6
7129;226;141;1;land;false;plains;6
7130;243;132;1;land;false;plains;6
7131;244;160;1;land;false;plains;6
7132;244;137;1;land;false;plains;6
7133;210;148;1;land;false;plains;6
7134;209;123;1;land;false;jungle;6
7135;207;117;1;land;false;plains;6
7136;220;142;1;land;false;jungle;6
7137;186;132;1;land;false;plains;6
7138;190;126;1;land;true;forest;6
7139;251;182;1;land;false;plains;6
7140;210;164;1;land;false;plains;6
7141;192;180;1;land;false;forest;6
7142;249;124;1;land;false;forest;6
7143;253;168;1;land;false;plains;6
7144;215;167;1;land;false;plains;6
7145;253;180;1;land;false;plains;6
7146;228;184;1;land;false;plains;6
7147;247;174;1;land;true;plains;6
7148;207;182;1;land;true;forest;6
7149;244;175;1;land;false;plains;6
7150;209;146;1;land;false;plains;6
7151;229;157;1;land;false;plains;6
7152;213;165;1;land;false;plains;6
7153;214;173;1;land;false;jungle;6
7154;229;152;1;land;false;plains;6
7155;222;158;1;land;false;plains;6
7156;193;111;1;land;false;plains;6
7157;232;145;1;land;false;plains;6
7158;217;163;1;land;false;plains;6
7159;215;170;1;land;false;plains;6
7160;181;110;1;land;false;plains;6
7161;251;120;1;land;false;plains;6
7162;237;123;1;land;false;jungle;6
7163;187;142;1;land;false;plains;6
7164;82;120;1;land;false;plains;6
7165;93;148;1;land;false;plains;6
7166;28;136;1;land;false;forest;6
7167;28;141;1;land;false;plains;6
7168;91;137;1;land;false;plains;6
7169;93;167;1;land;false;plains;6
7170;103;184;1;land;false;plains;6
7171;99;32;1;land;false;forest;6
7172;118;33;1;land;false;forest;6
7173;77;6;1;land;false;forest;6
7174;52;1;1;land;false;forest;6
7175;82;12;1;land;false;forest;6
7176;87;40;1;land;false;forest;6
7177;61;31;1;land;false;jungle;6
7178;55;19;1;land;false;jungle;6
7179;52;41;1;land;false;forest;6
7180;58;25;1;land;false;jungle;6
7181;55;49;1;land;false;forest;6
7182;64;48;1;land;false;forest;6
7183;107;2;1;land;false;forest;6
7184;85;38;1;land;false;jungle;6
7185;118;5;1;land;false;forest;6
7186;70;18;1;land;false;forest;6
7187;128;73;1;land;false;hills;6
7188;128;51;1;land;true;plains;6
7189;127;88;1;land;false;plains;6
7190;114;60;1;land;false;hills;6
7191;81;65;1;land;false;forest;6
7192;89;72;1;land;false;forest;6
7193;126;83;1;land;false;plains;6
7194;90;88;1;land;false;forest;6
7195;130;105;1;land;false;hills;6
7196;134;44;1;land;false;forest;6
7197;76;51;1;land;false;hills;6
7198;78;52;1;land;false;plains;6
7199;122;80;1;land;false;forest;6
7200;92;52;1;land;true;forest;6
7201;97;114;1;land;false;plains;6
7202;92;102;1;land;false;forest;6
7203;84;41;1;land;false;plains;6
7204;132;88;1;land;false;hills;6
7205;126;44;1;land;false;forest;6
7206;146;84;1;land;false;hills;6
7207;92;69;1;land;false;plains;6
7208;123;61;1;land;false;forest;6
7209;97;115;1;land;false;plains;6
7210;82;110;1;land;true;plains;6
7211;128;47;1;land;false;forest;6
7212;76;100;1;land;false;plains;6
7213;138;52;1;land;false;plains;6
7214;82;90;1;land;false;forest;6
7215;146;107;1;land;false;plains;6
7216;146;108;1;land;true;plains;6
7217;118;74;1;land;false;forest;6
7218;131;74;1;land;false;plains;6
7219;69;47;1;land;false;forest;6
7220;71;70;1;land;false;plains;6
7221;86;107;1;land;false;plains;6
7222;105;41;1;land;false;forest;6
7223;132;40;1;land;false;plains;6
7224;123;71;1;land;false;forest;6
7225;77;109;1;land;false;plains;6
7226;81;71;1;land;false;hills;6
7227;127;111;1;land;true;plains;6
7228;144;95;1;land;true;forest;6
7229;93;103;1;land;false;plains;6
7230;114;37;1;land;true;forest;6
7231;150;172;1;land;false;plains;6
7232;146;187;1;land;false;urban;6
7233;94;206;1;land;false;plains;6
7234;101;198;1;land;false;plains;6
7235;152;224;1;land;false;plains;6
7236;130;178;1;land;false;plains;6
7237;95;191;1;land;false;plains;6
7238;117;211;1;land;false;plains;6
7239;101;225;1;land;false;plains;6
7240;91;162;1;land;false;plains;6
7241;88;188;1;land;false;plains;6
7242;107;168;1;land;false;urban;6
7243;150;178;1;land;false;plains;6
7244;116;194;1;land;false;plains;6
7245;187;153;1;land;false;forest;6
7246;208;151;1;land;false;plains;6
7247;158;127;1;land;false;forest;6
7248;154;139;1;land;false;forest;6
7249;148;167;1;land;false;plains;6
7250;156;154;1;land;false;forest;6
7251;220;143;1;land;false;forest;6
7252;200;126;1;land;false;forest;6
7253;204;149;1;land;false;plains;6
7254;197;197;1;land;false;forest;6
7255;59;126;1;land;false;plains;6
7256;51;152;1;land;false;plains;6
7257;75;182;1;land;false;urban;6
7258;28;144;1;land;false;plains;6
7259;42;144;1;land;false;plains;6
7260;1;176;1;land;true;forest;6
7261;37;193;1;land;false;plains;6
7262;13;200;1;land;false;plains;6
7263;26;174;1;land;false;plains;6
7264;10;199;1;land;false;forest;6
7265;21;131;1;land;true;forest;6
7266;32;175;1;land;false;forest;6
7267;72;198;1;land;false;forest;6
7268;44;199;1;land;false;forest;6
7269;25;178;1;land;false;forest;6
7270;64;187;1;land;false;plains;6
7271;16;175;1;land;false;plains;6
7272;50;177;1;land;false;forest;6
7273;34;137;1;land;false;forest;6
7274;55;194;1;land;false;plains;6
7275;40;176;1;land;false;forest;6
7276;1;163;1;land;false;plains;6
7277;8;154;1;land;false;plains;6
7278;23;129;1;land;false;forest;6
7279;70;185;1;land;false;plains;6
7280;23;168;1;land;false;forest;6
7281;28;181;1;land;false;urban;6
7282;70;126;1;land;true;forest;6
7283;16;195;1;land;false;plains;6
7284;45;135;1;land;false;plains;6
7285;33;149;1;land;false;forest;6
7286;75;153;1;land;false;plains;6
7287;38;204;1;land;false;plains;6
7288;19;136;1;land;false;plains;6
7289;59;172;1;land;false;plains;6
7290;206;29;1;land;false;forest;6
7291;164;60;1;land;false;forest;6
7292;230;53;1;land;false;forest;6
7293;179;54;1;land;false;plains;6
7294;230;34;1;land;false;forest;6
7295;159;61;1;land;false;forest;6
7296;178;60;1;land;false;plains;6
7297;230;27;1;land;false;forest;6
7298;236;61;1;land;false;hills;6
7299;183;45;1;land;false;forest;6
7300;174;55;1;land;false;forest;6
7301;219;42;1;land;false;forest;6
7302;173;32;1;land;false;forest;6
7303;191;42;1;land;false;forest;6
7304;194;24;1;land;false;hills;6
7305;234;17;1;land;false;forest;6
7306;32;240;1;land;false;plains;6
7307;57;220;1;land;false;plains;6
7308;17;252;1;land;false;plains;6
7309;5;234;1;land;false;urban;6
7310;62;228;1;land;true;plains;6
7311;59;242;1;land;false;plains;6
7312;57;214;1;land;false;plains;6
7313;61;216;1;land;false;plains;6
7314;25;221;1;land;false;plains;6
7315;44;240;1;land;true;plains;6
7316;19;217;1;land;false;plains;6
7317;197;244;1;land;false;plains;6
7318;193;246;1;land;false;plains;6
7319;225;241;1;land;false;plains;6
7320;168;251;1;land;false;plains;6
7321;205;232;1;land;false;plains;6
7322;224;233;1;land;false;plains;6
7323;199;216;1;land;false;plains;6
7324;210;227;1;land;false;plains;6
7325;241;249;1;land;false;plains;6
7326;200;247;1;land;false;plains;6
7327;241;215;1;land;false;plains;6
7328;172;240;1;land;false;plains;6
7329;218;216;1;land;false;plains;6
7330;211;229;1;land;false;plains;6
7331;48;178;1;land;false;forest;6
7332;14;104;1;land;false;forest;6
7333;56;177;1;land;false;forest;6
7334;74;113;1;land;false;forest;6
7335;8;171;1;land;false;jungle;6
7336;26;128;1;land;false;forest;6
7337;49;161;1;land;false;jungle;6
7338;33;150;1;land;false;jungle;6
7339;71;172;1;land;false;forest;6
7340;9;151;1;land;false;forest;6
7341;31;108;1;land;false;jungle;6
7342;33;104;1;land;false;forest;6
7343;64;147;1;land;false;forest;6
7344;37;167;1;land;false;hills;6
7345;44;110;1;land;false;forest;6
7346;47;160;1;land;false;jungle;6
7347;84;114;1;land;false;hills;6
7348;41;115;1;land;false;jungle;6
7349;13;131;1;land;false;forest;6
7350;61;117;1;land;false;jungle;6
7351;81;122;1;land;false;forest;6
7352;8;133;1;land;false;jungle;6
7353;37;163;1;land;false;forest;6
7354;70;136;1;land;false;forest;6
7355;160;201;1;land;false;forest;6
7356;111;225;1;land;false;forest;6
7357;159;246;1;land;false;plains;6
7358;126;223;1;land;false;plains;6
7359;121;192;1;land;false;plains;6
7360;168;230;1;land;false;plains;6
7361;184;203;1;land;false;hills;6
7362;135;181;1;land;false;plains;6
7363;184;204;1;land;false;hills;6
7364;170;199;1;land;false;plains;6
7365;36;62;1;land;true;forest;6
7366;85;67;1;land;true;forest;6
7367;88;95;1;land;false;forest;6
7368;25;88;1;land;true;plains;6
7369;17;25;1;land;true;plains;6
7370;86;79;1;land;false;forest;6
7371;19;42;1;land;false;forest;6
7372;92;95;1;land;false;forest;6
7373;61;40;1;land;false;forest;6
7374;40;33;1;land;true;forest;6
7375;65;71;1;land;false;plains;6
7376;45;78;1;land;true;plains;6
7377;225;84;1;land;false;forest;6
7378;228;71;1;land;false;forest;6
7379;226;75;1;land;false;forest;6
7380;224;73;1;land;true;forest;6
7381;194;103;1;land;true;forest;6
7382;177;114;1;land;false;forest;6
7383;162;81;1;land;false;forest;6
7384;212;51;1;land;false;forest;6
7385;192;51;1;land;false;forest;6
7386;147;71;1;land;false;hills;6
7387;143;79;1;land;false;hills;6
7388;119;16;1;land;false;plains;6
7389;150;59;1;land;false;hills;6
7390;127;19;1;land;false;hills;6
7391;101;35;1;land;false;hills;6
7392;97;55;1;land;false;hills;6
7393;115;91;1;land;false;mountain;6
7394;107;74;1;land;false;hills;6
7395;104;37;1;land;false;hills;6
7396;139;85;1;land;false;hills;6
7397;135;83;1;land;false;plains;6
7398;127;39;1;land;false;plains;6
7399;81;86;1;land;false;hills;6
7400;154;12;1;land;false;plains;6
7401;92;48;1;land;false;hills;6
7402;131;28;1;land;false;hills;6
7403;114;39;1;land;false;hills;6
7404;39;43;1;land;false;forest;6
7405;37;31;1;land;false;forest;6
7406;180;10;1;land;false;plains;6
7407;106;48;1;land;false;forest;6
7408;166;28;1;land;false;plains;6
7409;134;27;1;land;false;plains;6
7410;204;224;1;land;false;plains;6
7411;244;222;1;land;false;plains;6
7412;195;233;1;land;false;plains;6
7413;203;221;1;land;false;plains;6
7414;123;109;1;land;false;plains;6
7415;100;136;1;land;false;plains;6
7416;57;198;1;land;false;forest;6
7417;26;168;1;land;true;forest;6
7418;0;173;1;land;false;forest;6
7419;61;170;1;land;true;plains;6
7420;57;176;1;land;false;plains;6
7421;51;204;1;land;false;plains;6
7422;10;169;1;land;true;forest;6
7423;12;180;1;land;false;forest;6
7424;0;103;1;land;false;mountain;6
7425;19;40;1;land;false;mountain;6
7426;8;63;1;land;false;mountain;6
7427;37;104;1;land;false;mountain;6
7428;40;64;1;land;false;mountain;6
7429;18;34;1;land;false;hills;6
7430;0;56;1;land;false;hills;6
7431;24;76;1;land;false;mountain;6
7432;26;36;1;land;false;hills;6
7433;23;69;1;land;false;mountain;6
7434;6;52;1;land;false;hills;6
7435;41;79;1;land;false;mountain;6
7436;40;74;1;land;false;plains;6
7437;14;94;1;land;false;plains;6
7438;11;118;1;land;false;plains;6
7439;46;68;1;land;false;plains;6
7440;27;93;1;land;false;plains;6
7441;29;92;1;land;false;plains;6
7442;37;78;1;land;false;plains;6
7443;59;74;1;land;false;plains;6
7444;51;60;1;land;false;plains;6
7445;65;112;1;land;false;plains;6
7446;55;85;1;land;false;plains;6
7447;84;71;1;land;false;plains;6
7448;73;44;1;land;false;plains;6
7449;69;79;1;land;false;plains;6
7450;79;98;1;land;false;plains;6
7451;66;57;1;land;false;plains;6
7452;43;68;1;land;false;plains;6
7453;84;105;1;land;false;plains;6
7454;70;49;1;land;false;plains;6
7455;69;90;1;land;false;forest;6
7456;49;46;1;land;false;plains;6
7457;45;89;1;land;false;plains;6
7458;84;53;1;land;false;plains;6
7459;49;110;1;land;false;plains;6
7460;26;123;1;land;false;plains;6
7461;72;97;1;land;false;plains;6
7462;61;97;1;land;false;plains;6
7463;65;65;1;land;false;plains;6
7464;74;86;1;land;false;plains;6
7465;29;48;1;land;false;plains;6
7466;75;49;1;land;false;plains;6
7467;82;112;1;land;false;plains;6
7468;54;65;1;land;false;plains;6
7469;85;56;1;land;false;plains;6
7470;52;113;1;land;false;plains;6
7471;51;93;1;land;false;plains;6
7472;27;121;1;land;false;plains;6
7473;16;113;1;land;false;plains;6
7474;47;99;1;land;false;plains;6
7475;65;49;1;land;false;plains;6
7476;77;88;1;land;false;plains;6
7477;49;113;1;land;false;plains;6
7478;36;212;1;land;false;forest;6
7479;85;201;1;land;false;jungle;6
7480;110;164;1;land;false;jungle;6
7481;63;141;1;land;false;jungle;6
7482;84;179;1;land;false;forest;6
7483;75;166;1;land;false;jungle;6
7484;50;204;1;land;false;jungle;6
7485;86;150;1;land;false;jungle;6
7486;75;194;1;land;true;forest;6
7487;81;154;1;land;false;jungle;6
7488;82;198;1;land;true;jungle;6
7489;53;160;1;land;false;forest;6
7490;43;203;1;land;false;jungle;6
7491;64;149;1;land;false;jungle;6
7492;100;157;1;land;true;forest;6
7493;81;215;1;land;false;jungle;6
7494;70;170;1;land;false;forest;6
7495;86;201;1;land;false;jungle;6
7496;72;180;1;land;false;forest;6
7497;113;216;1;land;false;jungle;6
7498;50;203;1;land;false;jungle;6
7499;98;171;1;land;false;jungle;6
7500;35;203;1;land;false;jungle;6
7501;53;173;1;land;false;jungle;6
7502;52;215;1;land;false;jungle;6
7503;217;180;1;land;false;hills;6
7504;251;142;1;land;false;plains;6
7505;241;202;1;land;false;plains;6
7506;242;181;1;land;false;plains;6
7507;251;55;1;land;false;forest;6
7508;247;99;1;land;false;forest;6
7509;213;94;1;land;false;forest;6
7510;234;67;1;land;false;plains;6
7511;241;91;1;land;false;forest;6
7512;225;88;1;land;false;forest;6
7513;222;52;1;land;false;forest;6
7514;225;101;1;land;false;forest;6
7515;242;66;1;land;false;plains;6
7516;220;65;1;land;false;urban;6
7517;220;81;1;land;false;forest;6
7518;246;98;1;land;false;plains;6
7519;243;64;1;land;false;plains;6
7520;252;65;1;land;false;forest;6
7521;216;158;1;land;false;plains;6
7522;250;126;1;land;false;plains;6
7523;242;172;1;land;false;plains;6
7524;192;196;1;land;false;forest;6
7525;203;188;1;land;false;forest;6
7526;205;127;1;land;false;plains;6
7527;138;88;1;land;true;plains;6
7528;130;96;1;land;false;plains;6
7529;172;99;1;land;false;plains;6
7530;194;78;1;land;false;plains;6
7531;200;66;1;land;false;plains;6
7532;137;39;1;land;true;plains;6
7533;189;18;1;land;true;plains;6
7534;178;62;1;land;false;plains;6
7535;37;6;1;land;false;jungle;6
7536;44;28;1;land;false;jungle;6
7537;27;49;1;land;false;jungle;6
7538;45;25;1;land;false;jungle;6
7539;17;43;1;land;false;jungle;6
7540;3;25;1;land;false;jungle;6
7541;32;1;1;land;false;jungle;6
7542;213;116;1;land;false;forest;6
7543;178;134;1;land;false;plains;6
7544;199;157;1;land;false;forest;6
7545;216;162;1;land;false;forest;6
7546;192;150;1;land;false;forest;6
7547;211;157;1;land;false;forest;6
7548;204;125;1;land;false;forest;6
7549;201;145;1;land;false;forest;6
7550;185;120;1;land;false;forest;6
7551;75;66;1;land;false;forest;6
7552;107;142;1;land;false;hills;6
7553;103;73;1;land;false;plains;6
7554;105;124;1;land;false;plains;6
7555;124;66;1;land;false;hills;6
7556;89;91;1;land;false;forest;6
7557;137;128;1;land;false;forest;6
7558;120;83;1;land;false;plains;6
7559;26;48;1;land;false;plains;6
7560;42;2;1;land;false;plains;6
7561;63;21;1;land;false;urban;6
7562;12;30;1;land;false;plains;6
7563;62;15;1;land;false;forest;6
7564;55;53;1;land;false;plains;6
7565;64;23;1;land;false;plains;6
7566;59;1;1;land;true;plains;6
7567;79;53;1;land;false;plains;6
7568;51;14;1;land;false;plains;6
7569;29;23;1;land;true;forest;6
7570;31;30;1;land;true;forest;6
7571;59;56;1;land;false;plains;6
7572;44;24;1;land;false;forest;6
7573;53;49;1;land;true;forest;6
7574;74;44;1;land;false;plains;6
7575;79;26;1;land;false;plains;6
7576;28;59;1;land;true;forest;6
7577;11;5;1;land;false;plains;6
7578;28;56;1;land;false;plains;6
7579;33;59;1;land;false;forest;6
7580;45;29;1;land;true;forest;6
7581;90;38;1;land;false;forest;6
7582;115;11;1;land;false;forest;6
7583;83;43;1;land;false;jungle;6
7584;61;49;1;land;false;forest;6
7585;115;10;1;land;false;forest;6
7586;67;18;1;land;false;forest;6
7587;116;42;1;land;false;forest;6
7588;105;46;1;land;false;forest;6
7589;85;16;1;land;false;forest;6
7590;27;4;1;land;true;forest;6
7591;35;2;1;land;true;forest;6
7592;215;39;1;land;false;plains;6
7593;241;46;1;land;false;plains;6
7594;212;112;1;land;false;plains;6
7595;193;48;1;land;false;plains;6
7596;238;72;1;land;false;plains;6
7597;221;69;1;land;false;plains;6
7598;206;54;1;land;false;plains;6
7599;182;79;1;land;false;plains;6
7600;169;77;1;land;false;plains;6
7601;180;86;1;land;false;plains;6
7602;204;73;1;land;false;plains;6
7603;226;89;1;land;false;plains;6
7604;179;77;1;land;false;plains;6
7605;221;91;1;land;false;plains;6
7606;167;96;1;land;false;plains;6
7607;234;34;1;land;false;plains;6
7608;69;170;1;land;false;jungle;6
7609;86;199;1;land;false;jungle;6
7610;106;216;1;land;true;jungle;6
7611;77;199;1;land;false;jungle;6
7612;70;198;1;land;true;jungle;6
7613;130;169;1;land;true;jungle;6
7614;71;165;1;land;true;jungle;6
7615;56;147;1;land;true;forest;6
7616;81;213;1;land;true;jungle;6
7617;87;147;1;land;true;jungle;6
7618;129;171;1;land;false;jungle;6
7619;69;219;1;land;false;jungle;6
7620;95;146;1;land;false;jungle;6
7621;247;171;1;land;true;forest;6
7622;216;152;1;land;true;forest;6
7623;214;137;1;land;true;plains;6
7624;207;107;1;land;false;plains;6
7625;228;166;1;land;false;plains;6
7626;243;140;1;land;false;plains;6
7627;242;180;1;land;true;plains;6
7628;185;161;1;land;false;plains;6
7629;232;179;1;land;true;forest;6
7630;195;111;1;land;false;plains;6
7631;218;122;1;land;false;plains;6
7632;63;116;1;land;false;plains;6
7633;97;67;1;land;false;hills;6
7634;56;92;1;land;false;hills;6
7635;48;119;1;land;false;plains;6
7636;45;129;1;land;false;forest;6
7637;58;58;1;land;false;hills;6
7638;92;115;1;land;false;forest;6
7639;103;83;1;land;false;hills;6
7640;73;100;1;land;false;plains;6
7641;71;51;1;land;false;plains;6
7642;168;40;1;land;false;plains;6
7643;167;8;1;land;false;plains;6
7644;179;57;1;land;false;plains;6
7645;135;46;1;land;false;forest;6
7646;128;25;1;land;false;plains;6
7647;145;13;1;land;false;plains;6
7648;136;5;1;land;false;plains;6
7649;201;58;1;land;false;plains;6
7650;177;5;1;land;false;plains;6
7651;130;19;1;land;false;plains;6
7652;157;14;1;land;false;plains;6
7653;170;11;1;land;false;plains;6
7654;230;205;1;land;false;plains;6
7655;236;242;1;land;false;plains;6
7656;225;220;1;land;false;plains;6
7657;225;218;1;land;false;plains;6
7658;204;253;1;land;false;plains;6
7659;119;103;1;land;false;plains;6
7660;93;143;1;land;false;plains;6
7661;96;160;1;land;false;plains;6
7662;10;102;1;land;true;plains;6
7663;0;115;1;land;true;plains;6
7664;39;70;1;land;true;plains;6
7665;19;87;1;land;false;plains;6
7666;25;46;1;land;false;forest;6
7667;72;119;1;land;false;jungle;6
7668;31;111;1;land;false;forest;6
7669;89;67;1;land;false;jungle;6
7670;65;99;1;land;false;jungle;6
7671;68;81;1;land;false;jungle;6
7672;31;57;1;land;false;jungle;6
7673;93;107;1;land;false;plains;6
7674;92;76;1;land;false;jungle;6
7675;77;64;1;land;false;jungle;6
7676;94;84;1;land;false;jungle;6
7677;55;107;1;land;false;jungle;6
7678;64;62;1;land;false;forest;6
7679;91;78;1;land;false;jungle;6
7680;26;94;1;land;false;jungle;6
7681;51;122;1;land;false;jungle;6
7682;29;114;1;land;false;jungle;6
7683;31;119;1;land;false;jungle;6
7684;25;60;1;land;false;plains;6
7685;70;100;1;land;false;forest;6
7686;27;76;1;land;false;jungle;6
7687;45;73;1;land;false;jungle;6
7688;28;97;1;land;false;forest;6
7689;90;122;1;land;false;jungle;6
7690;17;83;1;land;false;jungle;6
7691;20;113;1;land;false;jungle;6
7692;18;60;1;land;false;jungle;6
7693;59;64;1;land;false;jungle;6
7694;44;86;1;land;false;jungle;6
7695;59;113;1;land;false;jungle;6
7696;212;174;1;land;false;plains;6
7697;244;169;1;land;true;plains;6
7698;210;206;1;land;true;plains;6
7699;210;186;1;land;false;plains;6
7700;216;151;1;land;false;plains;6
7701;240;209;1;land;true;plains;6
7702;236;185;1;land;false;plains;6
7703;209;154;1;land;false;plains;6
7704;248;162;1;land;false;plains;6
7705;246;167;1;land;true;plains;6
7706;250;203;1;land;true;plains;6
7707;211;132;1;land;false;plains;6
7708;233;208;1;land;true;plains;6
7709;217;169;1;land;false;plains;6
7710;225;196;1;land;true;plains;6
7711;217;201;1;land;true;plains;6
7712;34;66;1;land;false;forest;6
7713;44;120;1;land;false;forest;6
7714;50;124;1;land;false;forest;6
7715;42;109;1;land;true;forest;6
7716;31;61;1;land;true;forest;6
7717;32;110;1;land;false;forest;6
7718;29;56;1;land;true;forest;6
7719;188;129;1;land;false;forest;6
7720;194;120;1;land;false;jungle;6
7721;157;118;1;land;false;forest;6
7722;197;150;1;land;false;forest;6
7723;220;139;1;land;false;forest;6
7724;174;90;1;land;false;forest;6
7725;162;127;1;land;true;jungle;6
7726;223;120;1;land;false;forest;6
7727;181;163;1;land;false;jungle;6
7728;215;104;1;land;false;hills;6
7729;199;167;1;land;false;jungle;6
7730;166;117;1;land;true;jungle;6
7731;206;146;1;land;false;forest;6
7732;196;117;1;land;true;jungle;6
7733;179;114;1;land;false;forest;6
7734;198;124;1;land;false;forest;6
7735;181;155;1;land;false;forest;6
7736;178;88;1;land;false;forest;6
7737;156;99;1;land;false;hills;6
7738;212;158;1;land;false;hills;6
7739;221;145;1;land;false;forest;6
7740;188;117;1;land;false;forest;6
7741;194;166;1;land;false;forest;6
7742;199;138;1;land;false;forest;6
7743;167;155;1;land;false;forest;6
7744;182;98;1;land;false;forest;6
7745;190;119;1;land;false;jungle;6
7746;175;166;1;land;false;jungle;6
7747;205;141;1;land;false;jungle;6
7748;178;164;1;land;false;forest;6
7749;216;166;1;land;false;jungle;6
7750;165;121;1;land;false;jungle;6
7751;145;111;1;land;false;forest;6
7752;148;96;1;land;false;forest;6
7753;168;122;1;land;false;jungle;6
7754;193;118;1;land;false;jungle;6
7755;208;113;1;land;false;forest;6
7756;202;90;1;land;false;jungle;6
7757;206;140;1;land;false;mountain;6
7758;217;165;1;land;false;forest;6
7759;178;160;1;land;false;jungle;6
7760;186;99;1;land;false;forest;6
7761;173;88;1;land;false;forest;6
7762;207;125;1;land;false;forest;6
7763;175;164;1;land;false;forest;6
7764;220;164;1;land;false;forest;6
7765;180;145;1;land;false;forest;6
7766;168;149;1;land;true;jungle;6
7767;164;146;1;land;false;forest;6
7768;173;116;1;land;false;forest;6
7769;195;142;1;land;true;forest;6
7770;190;159;1;land;true;forest;6
7771;147;103;1;land;false;forest;6
7772;221;111;1;land;false;jungle;6
7773;184;143;1;land;false;forest;6
7774;246;47;1;land;false;plains;6
7775;196;50;1;land;false;jungle;6
7776;254;98;1;land;false;plains;6
7777;219;94;1;land;false;plains;6
7778;224;104;1;land;false;plains;6
7779;242;74;1;land;false;hills;6
7780;198;100;1;land;false;plains;6
7781;191;67;1;land;false;jungle;6
7782;220;52;1;land;false;hills;6
7783;164;230;1;land;false;forest;6
7784;161;218;1;land;true;plains;6
7785;159;173;1;land;false;forest;6
7786;154;194;1;land;true;forest;6
7787;126;196;1;land;false;forest;6
7788;136;163;1;land;false;hills;6
7789;122;186;1;land;false;jungle;6
7790;129;175;1;land;false;hills;6
7791;164;161;1;land;true;forest;6
7792;164;164;1;land;false;forest;6
7793;91;225;1;land;false;forest;6
7794;119;231;1;land;true;forest;6
7795;140;177;1;land;false;forest;6
7796;124;224;1;land;true;forest;6
7797;139;174;1;land;true;forest;6
7798;165;228;1;land;false;jungle;6
7799;126;214;1;land;false;forest;6
7800;103;181;1;land;true;jungle;6
7801;95;202;1;land;false;forest;6
7802;94;202;1;land;false;hills;6
7803;8;195;1;land;false;forest;6
7804;34;210;1;land;true;plains;6
7805;40;150;1;land;true;forest;6
7806;68;194;1;land;true;forest;6
7807;20;223;1;land;true;forest;6
7808;48;205;1;land;false;forest;6
7809;20;201;1;land;false;forest;6
7810;9;191;1;land;false;plains;6
7811;72;169;1;land;true;plains;6
7812;134;25;1;land;false;plains;6
7813;129;6;1;land;false;hills;6
7814;166;39;1;land;false;plains;6
7815;154;38;1;land;false;forest;6
7816;149;1;1;land;false;hills;6
7817;129;48;1;land;false;hills;6
7818;180;39;1;land;false;hills;6
7819;171;30;1;land;false;mountain;6
7820;171;25;1;land;false;hills;6
7821;167;17;1;land;false;hills;6
7822;185;38;1;land;false;plains;6
7823;127;57;1;land;false;forest;6
7824;137;48;1;land;false;hills;6
7825;133;18;1;land;false;hills;6
7826;128;120;1;land;true;plains;6
7827;179;99;1;land;true;plains;6
7828;166;103;1;land;false;plains;6
7829;171;138;1;land;true;plains;6
7830;110;135;1;land;true;plains;6
7831;148;149;1;land;false;plains;6
7832;66;71;1;land;false;plains;6
7833;3;31;1;land;false;plains;6
7834;34;99;1;land;false;forest;6
7835;28;36;1;land;false;plains;6
7836;17;108;1;land;false;plains;6
7837;43;83;1;land;false;plains;6
7838;191;188;1;land;false;plains;6
7839;202;241;1;land;false;plains;6
7840;145;188;1;land;false;plains;6
7841;171;202;1;land;true;plains;6
7842;203;190;1;land;true;plains;6
7843;211;235;1;land;false;plains;6
7844;185;231;1;land;false;plains;6
7845;175;201;1;land;false;plains;6
7846;227;42;1;land;false;plains;6
7847;241;54;1;land;false;plains;6
7848;229;59;1;land;false;plains;6
7849;210;94;1;land;false;forest;6
7850;253;90;1;land;false;plains;6
7851;235;63;1;land;false;forest;6
7852;232;112;1;land;false;plains;6
7853;215;63;1;land;false;plains;6
7854;249;113;1;land;false;plains;6
7855;225;100;1;land;false;plains;6
7856;55;77;1;land;false;plains;6
7857;58;52;1;land;false;plains;6
7858;35;84;1;land;false;plains;6
7859;47;77;1;land;false;plains;6
7860;8;88;1;land;false;plains;6
7861;39;48;1;land;false;plains;6
7862;6;105;1;land;false;plains;6
7863;22;137;1;land;false;forest;6
7864;36;208;1;land;false;forest;6
7865;23;177;1;land;false;forest;6
7866;11;142;1;land;false;forest;6
7867;4;205;1;land;false;forest;6
7868;44;148;1;land;false;forest;6
7869;41;161;1;land;false;hills;6
7870;13;149;1;land;false;plains;6
7871;14;204;1;land;false;hills;6
7872;5;155;1;land;false;hills;6
7873;1;199;1;land;false;forest;6
7874;1;137;1;land;false;forest;6
7875;28;195;1;land;false;plains;6
7876;0;146;1;land;false;urban;6
7877;34;192;1;land;false;hills;6
7878;49;147;1;land;false;forest;6
7879;19;185;1;land;false;forest;6
7880;5;200;1;land;false;forest;6
7881;24;187;1;land;false;plains;6
7882;26;147;1;land;false;forest;6
7883;13;156;1;land;false;forest;6
7884;4;141;1;land;false;hills;6
7885;15;149;1;land;false;forest;6
7886;18;163;1;land;false;plains;6
7887;8;200;1;land;false;jungle;6
7888;27;178;1;land;false;jungle;6
7889;16;149;1;land;false;jungle;6
7890;26;207;1;land;false;forest;6
7891;24;139;1;land;false;jungle;6
7892;34;200;1;land;false;jungle;6
7893;13;203;1;land;false;jungle;6
7894;33;187;1;land;false;jungle;6
7895;15;148;1;land;false;jungle;6
7896;20;176;1;land;false;jungle;6
7897;32;157;1;land;false;forest;6
7898;34;148;1;land;false;jungle;6
7899;1;175;1;land;false;jungle;6
7900;14;143;1;land;false;jungle;6
7901;79;37;1;land;false;plains;6
7902;83;13;1;land;false;plains;6
7903;69;0;1;land;false;plains;6
7904;81;9;1;land;false;plains;6
7905;110;3;1;land;false;plains;6
7906;77;22;1;land;false;forest;6
7907;15;169;1;land;false;forest;6
7908;38;175;1;land;true;forest;6
7909;35;186;1;land;true;plains;6
7910;6;148;1;land;false;urban;6
7911;10;171;1;land;false;plains;6
7912;31;175;1;land;true;forest;6
7913;13;188;1;land;true;plains;6
7914;33;202;1;land;false;plains;6
7915;69;143;1;land;false;plains;6
7916;66;168;1;land;false;plains;6
7917;75;157;1;land;false;plains;6
7918;43;166;1;land;false;plains;6
7919;40;149;1;land;false;plains;6
7920;60;173;1;land;false;plains;6
7921;52;165;1;land;true;plains;6
7922;35;149;1;land;true;plains;6
7923;96;119;1;land;false;plains;6
7924;124;86;1;land;false;hills;6
7925;137;135;1;land;false;plains;6
7926;129;128;1;land;false;forest;6
7927;62;128;1;land;false;plains;6
7928;72;103;1;land;false;hills;6
7929;117;99;1;land;false;plains;6
7930;120;89;1;land;false;hills;6
7931;108;103;1;land;false;forest;6
7932;92;146;1;land;false;hills;6
7933;129;152;1;land;false;hills;6
7934;114;92;1;land;false;plains;6
7935;81;134;1;land;false;hills;6
7936;85;80;1;land;false;hills;6
7937;121;125;1;land;false;hills;6
7938;73;149;1;land;false;plains;6
7939;98;100;1;land;false;plains;6
7940;79;99;1;land;false;mountain;6
7941;133;103;1;land;false;forest;6
7942;76;122;1;land;false;mountain;6
7943;92;85;1;land;false;plains;6
7944;117;98;1;land;false;hills;6
7945;120;149;1;land;false;forest;6
7946;94;79;1;land;false;forest;6
7947;95;106;1;land;false;hills;6
7948;130;109;1;land;false;plains;6
7949;93;75;1;land;false;forest;6
7950;109;134;1;land;false;hills;6
7951;72;81;1;land;false;hills;6
7952;128;80;1;land;false;hills;6
7953;172;181;1;land;true;plains;6
7954;193;236;1;land;true;plains;6
7955;241;176;1;land;false;plains;6
7956;174;222;1;land;false;plains;6
7957;217;228;1;land;false;plains;6
7958;206;216;1;land;true;plains;6
7959;220;222;1;land;false;plains;6
7960;230;252;1;land;false;plains;6
7961;186;239;1;land;true;plains;6
7962;247;190;1;land;true;plains;6
7963;235;230;1;land;false;plains;6
7964;135;216;1;land;false;plains;6
7965;119;221;1;land;false;plains;6
7966;103;179;1;land;false;plains;6
7967;150;203;1;land;false;plains;6
7968;94;239;1;land;false;plains;6
7969;111;238;1;land;false;plains;6
7970;112;220;1;land;false;plains;6
7971;88;213;1;land;false;plains;6
7972;147;212;1;land;false;plains;6
7973;144;228;1;land;false;forest;6
7974;122;194;1;land;false;forest;6
7975;122;247;1;land;false;plains;6
7976;93;240;1;land;false;plains;6
7977;124;198;1;land;false;plains;6
7978;154;231;1;land;false;plains;6
7979;89;185;1;land;false;plains;6
7980;79;70;1;land;false;jungle;6
7981;71;76;1;land;false;forest;6
7982;16;125;1;land;false;jungle;6
7983;54;117;1;land;false;jungle;6
7984;46;61;1;land;false;jungle;6
7985;8;57;1;land;false;jungle;6
7986;18;76;1;land;false;jungle;6
7987;52;105;1;land;false;forest;6
7988;41;57;1;land;false;jungle;6
7989;46;129;1;land;false;jungle;6
7990;6;114;1;land;false;jungle;6
7991;11;73;1;land;false;forest;6
7992;50;82;1;land;false;jungle;6
7993;74;98;1;land;false;forest;6
7994;13;99;1;land;false;forest;6
7995;34;68;1;land;false;jungle;6
7996;200;57;1;land;false;forest;6
7997;187;23;1;land;false;forest;6
7998;195;57;1;land;false;plains;6
7999;205;6;1;land;false;plains;6
8000;183;67;1;land;false;forest;6
8001;221;42;1;land;false;plains;6
8002;167;31;1;land;false;plains;6
8003;156;29;1;land;false;forest;6
8004;193;3;1;land;false;plains;6
8005;186;13;1;land;false;plains;6
8006;191;28;1;land;false;forest;6
8007;80;242;1;land;false;jungle;6
8008;62;247;1;land;false;jungle;6
8009;74;247;1;land;false;forest;6
8010;88;221;1;land;false;forest;6
8011;92;221;1;land;false;jungle;6
8012;89;224;1;land;false;forest;6
8013;97;249;1;land;false;forest;6
8014;90;218;1;land;false;jungle;6
8015;83;224;1;land;false;forest;6
8016;38;235;1;land;false;jungle;6
8017;95;244;1;land;false;forest;6
8018;76;214;1;land;false;jungle;6
8019;69;254;1;land;false;jungle;6
8020;48;246;1;land;false;jungle;6
8021;59;234;1;land;false;forest;6
8022;64;224;1;land;false;jungle;6
8023;74;214;1;land;false;jungle;6
8024;28;217;1;land;false;forest;6
8025;98;241;1;land;false;forest;6
8026;101;217;1;land;false;jungle;6
8027;55;228;1;land;false;jungle;6
8028;27;225;1;land;false;jungle;6
8029;70;243;1;land;false;hills;6
8030;93;241;1;land;false;jungle;6
8031;26;250;1;land;false;forest;6
8032;73;252;1;land;false;forest;6
8033;40;225;1;land;false;jungle;6
8034;52;217;1;land;false;jungle;6
8035;252;172;1;land;false;hills;6
8036;246;151;1;land;false;mountain;6
8037;234;107;1;land;false;forest;6
8038;220;178;1;land;false;hills;6
8039;218;161;1;land;false;hills;6
8040;228;135;1;land;false;hills;6
8041;249;169;1;land;false;mountain;6
8042;239;117;1;land;false;forest;6
8043;225;146;1;land;false;mountain;6
8044;221;106;1;land;false;hills;6
8045;217;137;1;land;false;plains;6
8046;221;163;1;land;false;forest;6
8047;232;172;1;land;false;plains;6
8048;233;130;1;land;false;forest;6
8049;234;124;1;land;false;plains;6
8050;232;128;1;land;false;hills;6
8051;236;168;1;land;false;plains;6
8052;234;140;1;land;false;plains;6
8053;5;240;1;land;false;forest;6
8054;43;209;1;land;false;forest;6
8055;35;212;1;land;false;forest;6
8056;11;251;1;land;false;urban;6
8057;48;252;1;land;false;forest;6
8058;2;245;1;land;false;forest;6
8059;0;222;1;land;false;forest;6
8060;40;235;1;land;false;forest;6
8061;34;241;1;land;false;plains;6
8062;13;237;1;land;false;forest;6
8063;0;211;1;land;false;forest;6
8064;7;204;1;land;false;forest;6
8065;69;155;1;land;false;plains;6
8066;50;158;1;land;false;plains;6
8067;23;103;1;land;false;plains;6
8068;13;105;1;land;false;forest;6
8069;71;36;1;land;false;forest;6
8070;24;59;1;land;false;plains;6
8071;48;33;1;land;false;plains;6
8072;5;35;1;land;false;forest;6
8073;66;61;1;land;false;plains;6
8074;53;36;1;land;false;forest;6
8075;74;109;1;land;false;plains;6
8076;21;90;1;land;false;forest;6
8077;62;73;1;land;false;forest;6
8078;25;86;1;land;false;forest;6
8079;88;214;1;land;false;plains;6
8080;33;240;1;land;false;plains;6
8081;53;219;1;land;false;plains;6
8082;87;230;1;land;false;plains;6
8083;147;190;1;land;false;plains;6
8084;125;169;1;land;false;forest;6
8085;128;207;1;land;false;plains;6
8086;150;216;1;land;false;plains;6
8087;183;227;1;land;false;plains;6
8088;188;208;1;land;false;forest;6
8089;160;213;1;land;false;plains;6
8090;147;187;1;land;false;forest;6
8091;138;183;1;land;false;plains;6
8092;146;170;1;land;false;plains;6
8093;66;211;1;land;true;plains;6
8094;32;189;1;land;true;plains;6
8095;97;185;1;land;true;plains;6
8096;64;221;1;land;true;plains;6
8097;96;148;1;land;true;plains;6
8098;82;201;1;land;false;plains;6
8099;71;163;1;land;true;plains;6
8100;196;38;1;land;false;forest;6
8101;171;3;1;land;false;jungle;6
8102;157;30;1;land;false;forest;6
8103;182;39;1;land;false;forest;6
8104;193;33;1;land;false;jungle;6
8105;168;45;1;land;false;forest;6
8106;140;72;1;land;false;forest;6
8107;206;48;1;land;false;forest;6
8108;189;67;1;land;false;forest;6
8109;141;33;1;land;false;forest;6
8110;210;29;1;land;false;jungle;6
8111;175;4;1;land;false;forest;6
8112;140;29;1;land;false;jungle;6
8113;194;26;1;land;false;jungle;6
8114;203;42;1;land;false;forest;6
8115;199;62;1;land;false;forest;6
8116;208;38;1;land;false;forest;6
8117;139;57;1;land;false;forest;6
8118;167;66;1;land;false;forest;6
8119;181;35;1;land;false;forest;6
8120;174;3;1;land;false;jungle;6
8121;206;20;1;land;false;forest;6
8122;190;69;1;land;false;jungle;6
8123;90;100;1;land;false;forest;6
8124;134;89;1;land;false;hills;6
8125;143;137;1;land;false;hills;6
8126;102;126;1;land;false;plains;6
8127;131;106;1;land;false;mountain;6
8128;114;156;1;land;false;hills;6
8129;137;126;1;land;false;hills;6
8130;123;92;1;land;false;mountain;6
8131;79;105;1;land;false;mountain;6
8132;140;129;1;land;false;mountain;6
8133;135;88;1;land;false;forest;6
8134;87;154;1;land;false;hills;6
8135;155;110;1;land;false;hills;6
8136;124;120;1;land;false;mountain;6
8137;14;254;1;land;false;plains;6
8138;23;211;1;land;false;plains;6
8139;59;208;1;land;false;forest;6
8140;20;198;1;land;true;forest;6
8141;58;195;1;land;false;plains;6
8142;37;216;1;land;true;forest;6
8143;13;197;1;land;false;plains;6
8144;62;239;1;land;true;plains;6
8145;60;202;1;land;false;plains;6
8146;57;227;1;land;false;plains;6
8147;41;233;1;land;true;plains;6
8148;11;231;1;land;false;plains;6
8149;55;224;1;land;false;forest;6
8150;27;224;1;land;true;plains;6
8151;45;237;1;land;false;plains;6
8152;62;248;1;land;false;plains;6
8153;250;240;1;land;false;jungle;6
8154;204;190;1;land;false;forest;6
8155;222;225;1;land;false;forest;6
8156;236;220;1;land;false;jungle;6
8157;224;182;1;land;false;jungle;6
8158;226;217;1;land;false;forest;6
8159;228;223;1;land;false;forest;6
8160;224;254;1;land;false;forest;6
8161;216;241;1;land;false;forest;6
8162;209;240;1;land;false;jungle;6
8163;207;220;1;land;false;forest;6
8164;200;218;1;land;false;jungle;6
8165;211;226;1;land;false;jungle;6
8166;201;237;1;land;false;jungle;6
8167;221;237;1;land;false;forest;6
8168;248;221;1;land;false;jungle;6
8169;242;245;1;land;false;forest;6
8170;210;232;1;land;false;forest;6
8171;205;190;1;land;false;jungle;6
8172;228;227;1;land;false;forest;6
8173;203;186;1;land;false;forest;6
8174;239;197;1;land;false;forest;6
8175;249;180;1;land;false;jungle;6
8176;240;244;1;land;false;jungle;6
8177;222;227;1;land;false;forest;6
8178;230;220;1;land;false;jungle;6
8179;200;232;1;land;false;forest;6
8180;223;252;1;land;false;forest;6
8181;229;227;1;land;false;jungle;6
8182;227;219;1;land;false;jungle;6
8183;226;247;1;land;false;jungle;6
8184;224;208;1;land;false;jungle;6
8185;227;212;1;land;false;forest;6
8186;211;225;1;land;false;jungle;6
8187;217;184;1;land;false;forest;6
8188;210;211;1;land;false;forest;6
8189;231;206;1;land;false;jungle;6
8190;221;200;1;land;false;jungle;6
8191;207;210;1;land;false;jungle;6
8192;218;249;1;land;false;jungle;6
8193;185;156;1;land;false;forest;6
8194;177;157;1;land;false;forest;6
8195;164;116;1;land;false;forest;6
8196;139;135;1;land;false;mountain;6
8197;161;157;1;land;false;forest;6
8198;213;107;1;land;false;forest;6
8199;174;111;1;land;false;mountain;6
8200;170;161;1;land;false;plains;6
8201;199;133;1;land;false;hills;6
8202;180;99;1;land;false;forest;6
8203;205;143;1;land;false;forest;6
8204;186;161;1;land;false;forest;6
8205;197;110;1;land;false;forest;6
8206;171;174;1;land;false;forest;6
8207;138;157;1;land;false;forest;6
8208;209;95;1;land;false;forest;6
8209;147;125;1;land;false;hills;6
8210;161;121;1;land;false;forest;6
8211;208;108;1;land;false;forest;6
8212;177;149;1;land;false;plains;6
8213;202;143;1;land;false;mountain;6
8214;23;121;1;land;false;forest;6
8215;32;111;1;land;false;forest;6
8216;20;102;1;land;false;forest;6
8217;13;98;1;land;false;forest;6
8218;19;122;1;land;false;forest;6
8219;90;79;1;land;false;forest;6
8220;17;69;1;land;false;forest;6
8221;208;206;1;land;false;plains;6
8222;171;210;1;land;false;plains;6
8223;198;235;1;land;true;forest;6
8224;171;212;1;land;true;plains;6
8225;191;246;1;land;false;plains;6
8226;177;223;1;land;false;plains;6
8227;172;198;1;land;false;plains;6
8228;172;210;1;land;false;plains;6
8229;183;192;1;land;true;plains;6
8230;209;209;1;land;true;plains;6
8231;221;154;1;land;true;plains;6
8232;228;159;1;land;true;plains;6
8233;246;209;1;land;false;urban;6
8234;134;23;1;land;false;forest;6
8235;133;48;1;land;false;forest;6
8236;168;77;1;land;false;forest;6
8237;142;51;1;land;false;forest;6
8238;128;50;1;land;false;forest;6
8239;229;38;1;land;false;forest;6
8240;176;86;1;land;false;forest;6
8241;210;24;1;land;false;plains;6
8242;223;22;1;land;false;plains;6
8243;196;99;1;land;false;plains;6
8244;244;71;1;land;false;plains;6
8245;218;90;1;land;false;plains;6
8246;180;74;1;land;false;forest;6
8247;243;58;1;land;false;forest;6
8248;199;26;1;land;false;plains;6
8249;198;43;1;land;false;plains;6
8250;216;57;1;land;false;forest;6
8251;233;78;1;land;false;forest;6
8252;202;77;1;land;false;forest;6
8253;251;165;1;land;false;hills;6
8254;254;117;1;land;false;plains;6
8255;246;122;1;land;false;hills;6
8256;236;175;1;land;false;hills;6
8257;236;146;1;land;false;forest;6
8258;192;185;1;land;false;hills;6
8259;241;170;1;land;false;mountain;6
8260;216;182;1;land;false;hills;6
8261;245;117;1;land;false;hills;6
8262;219;189;1;land;false;plains;6
8263;200;194;1;land;false;hills;6
8264;203;176;1;land;false;hills;6
8265;223;178;1;land;false;forest;6
8266;248;121;1;land;false;hills;6
8267;190;110;1;land;false;plains;6
8268;225;168;1;land;false;plains;6
8269;169;104;1;land;false;plains;6
8270;164;149;1;land;false;plains;6
8271;200;177;1;land;false;plains;6
8272;211;162;1;land;false;plains;6
8273;201;132;1;land;false;plains;6
8274;161;167;1;land;false;plains;6
8275;177;195;1;land;false;forest;6
8276;95;82;1;land;false;jungle;6
8277;84;116;1;land;false;jungle;6
8278;57;111;1;land;true;forest;6
8279;63;66;1;land;false;jungle;6
8280;36;106;1;land;false;jungle;6
8281;83;118;1;land;true;forest;6
8282;94;131;1;land;false;jungle;6
8283;63;69;1;land;false;jungle;6
8284;94;62;1;land;false;jungle;6
8285;82;65;1;land;true;jungle;6
8286;27;138;1;land;true;jungle;6
8287;54;73;1;land;true;jungle;6
8288;46;65;1;land;false;forest;6
8289;62;125;1;land;false;jungle;6
8290;76;98;1;land;false;jungle;6
8291;47;89;1;land;true;forest;6
8292;66;169;1;land;false;hills;6
8293;5;160;1;land;false;hills;6
8294;9;176;1;land;false;hills;6
8295;39;185;1;land;false;plains;6
8296;26;135;1;land;false;hills;6
8297;28;132;1;land;false;forest;6
8298;22;166;1;land;false;hills;6
8299;9;185;1;land;false;hills;6
8300;137;154;1;land;false;plains;6
8301;122;83;1;land;false;hills;6
8302;142;142;1;land;false;plains;6
8303;117;104;1;land;false;plains;6
8304;29;253;1;land;true;forest;6
8305;20;244;1;land;true;forest;6
8306;43;248;1;land;false;forest;6
8307;0;249;1;land;false;forest;6
8308;14;245;1;land;true;plains;6
8309;51;225;1;land;false;plains;6
8310;117;191;1;land;false;plains;6
8311;183;47;1;land;false;mountain;6
8312;231;21;1;land;false;hills;6
8313;225;15;1;land;false;mountain;6
8314;243;25;1;land;false;mountain;6
8315;193;14;1;land;false;mountain;6
8316;196;11;1;land;false;mountain;6
8317;224;7;1;land;false;mountain;6
8318;203;69;1;land;false;mountain;6
8319;208;31;1;land;false;mountain;6
8320;187;65;1;land;false;mountain;6
8321;218;12;1;land;false;hills;6
8322;212;19;1;land;false;mountain;6
8323;63;71;1;land;false;plains;6
8324;85;73;1;land;false;hills;6
8325;53;62;1;land;false;hills;6
8326;110;69;1;land;false;hills;6
8327;50;57;1;land;false;mountain;6
8328;50;50;1;land;false;plains;6
8329;110;35;1;land;false;mountain;6
8330;103;64;1;land;false;hills;6
8331;49;61;1;land;false;hills;6
8332;59;150;1;land;true;forest;6
8333;31;122;1;land;false;plains;6
8334;36;128;1;land;false;forest;6
8335;92;144;1;land;false;forest;6
8336;86;158;1;land;false;forest;6
8337;34;172;1;land;true;forest;6
8338;30;130;1;land;true;forest;6
8339;30;182;1;land;false;plains;6
8340;38;193;1;land;false;forest;6
8341;35;173;1;land;false;forest;6
8342;235;227;1;land;false;forest;6
8343;191;235;1;land;false;forest;6
8344;209;236;1;land;false;forest;6
8345;145;85;1;land;true;plains;6
8346;148;119;1;land;false;jungle;6
8347;86;129;1;land;false;forest;6
8348;100;142;1;land;false;forest;6
8349;97;142;1;land;false;jungle;6
8350;91;139;1;land;false;forest;6
8351;98;94;1;land;false;jungle;6
8352;133;90;1;land;false;forest;6
8353;76;88;1;land;false;plains;6
8354;76;138;1;land;false;plains;6
8355;117;129;1;land;true;plains;6
8356;145;88;1;land;false;jungle;6
8357;124;121;1;land;false;jungle;6
8358;97;71;1;land;false;forest;6
8359;132;121;1;land;false;forest;6
8360;123;138;1;land;false;forest;6
8361;149;82;1;land;false;forest;6
8362;114;100;1;land;false;plains;6
8363;89;80;1;land;false;forest;6
8364;141;147;1;land;false;jungle;6
8365;130;100;1;land;false;jungle;6
8366;94;146;1;land;false;forest;6
8367;124;110;1;land;false;forest;6
8368;110;131;1;land;false;jungle;6
8369;119;141;1;land;false;jungle;6
8370;158;209;1;land;false;plains;6
8371;173;228;1;land;false;plains;6
8372;180;229;1;land;false;forest;6
8373;129;222;1;land;false;forest;6
8374;144;197;1;land;false;forest;6
8375;142;223;1;land;false;plains;6
8376;129;203;1;land;false;forest;6
8377;189;235;1;land;false;plains;6
8378;126;220;1;land;false;plains;6
8379;114;237;1;land;false;plains;6
8380;171;250;1;land;false;plains;6
8381;144;211;1;land;false;plains;6
8382;118;217;1;land;false;forest;6
8383;150;217;1;land;false;plains;6
8384;111;222;1;land;false;forest;6
8385;150;219;1;land;false;plains;6
8386;140;221;1;land;false;plains;6
8387;53;44;1;land;false;jungle;6
8388;96;51;1;land;false;jungle;6
8389;86;26;1;land;false;jungle;6
8390;69;20;1;land;false;jungle;6
8391;46;11;1;land;false;jungle;6
8392;67;23;1;land;true;jungle;6
8393;32;51;1;land;false;jungle;6
8394;33;1;1;land;false;jungle;6
8395;71;37;1;land;false;jungle;6
8396;45;30;1;land;false;jungle;6
8397;102;4;1;land;false;jungle;6
8398;65;0;1;land;true;forest;6
8399;30;24;1;land;true;jungle;6
8400;83;21;1;land;false;jungle;6
8401;58;48;1;land;true;jungle;6
8402;26;11;1;land;false;forest;6
8403;81;3;1;land;false;jungle;6
8404;80;24;1;land;false;forest;6
8405;72;5;1;land;true;jungle;6
8406;99;28;1;land;false;jungle;6
8407;63;54;1;land;false;forest;6
8408;69;17;1;land;false;jungle;6
8409;43;1;1;land;false;jungle;6
8410;56;54;1;land;false;jungle;6
8411;79;21;1;land;false;jungle;6
8412;33;46;1;land;false;jungle;6
8413;74;36;1;land;false;jungle;6
8414;192;92;1;land;false;hills;6
8415;219;104;1;land;false;plains;6
8416;200;98;1;land;false;plains;6
8417;232;92;1;land;false;plains;6
8418;198;150;1;land;false;forest;6
8419;223;142;1;land;false;forest;6
8420;247;122;1;land;true;forest;6
8421;195;150;1;land;false;plains;6
8422;237;114;1;land;false;forest;6
8423;188;102;1;land;true;plains;6
8424;243;120;1;land;false;hills;6
8425;226;116;1;land;false;plains;6
8426;199;123;1;land;true;plains;6
8427;246;149;1;land;false;plains;6
8428;192;109;1;land;false;hills;6
8429;218;88;1;land;true;forest;6
8430;199;164;1;land;false;forest;6
8431;187;144;1;land;false;plains;6
8432;201;131;1;land;false;plains;6
8433;227;114;1;land;false;plains;6
8434;224;158;1;land;false;forest;6
8435;210;104;1;land;false;forest;6
8436;210;105;1;land;true;plains;6
8437;234;199;1;land;false;hills;6
8438;253;212;1;land;false;hills;6
8439;203;154;1;land;false;hills;6
8440;50;56;1;land;false;hills;6
8441;56;95;1;land;false;hills;6
8442;89;36;1;land;true;plains;6
8443;82;104;1;land;true;plains;6
8444;66;80;1;land;false;mountain;6
8445;81;87;1;land;true;forest;6
8446;49;64;1;land;false;hills;6
8447;77;102;1;land;false;mountain;6
8448;56;112;1;land;false;mountain;6
8449;67;79;1;land;false;plains;6
8450;83;41;1;land;false;plains;6
8451;69;110;1;land;false;hills;6
8452;54;34;1;land;true;plains;6
8453;75;63;1;land;false;forest;6
8454;73;34;1;land;false;hills;6
8455;44;106;1;land;false;mountain;6
8456;64;95;1;land;true;plains;6
8457;23;91;1;land;false;plains;6
8458;69;60;1;land;false;hills;6
8459;49;38;1;land;false;hills;6
8460;49;52;1;land;false;mountain;6
8461;213;181;1;land;true;forest;6
8462;208;138;1;land;true;jungle;6
8463;210;131;1;land;true;jungle;6
8464;234;127;1;land;true;jungle;6
8465;239;129;1;land;true;forest;6
8466;231;173;1;land;true;forest;6
8467;185;136;1;land;false;jungle;6
8468;229;137;1;land;true;forest;6
8469;194;159;1;land;true;jungle;6
8470;232;200;1;land;true;jungle;6
8471;204;130;1;land;true;forest;6
8472;194;205;1;land;true;forest;6
8473;195;148;1;land;true;forest;6
8474;186;173;1;land;true;forest;6
8475;53;249;1;land;true;jungle;6
8476;84;239;1;land;false;forest;6
8477;53;251;1;land;false;jungle;6
8478;122;232;1;land;false;jungle;6
8479;107;252;1;land;false;jungle;6
8480;76;237;1;land;false;jungle;6
8481;69;235;1;land;true;jungle;6
8482;47;221;1;land;false;jungle;6
8483;101;212;1;land;false;jungle;6
8484;77;219;1;land;false;jungle;6
8485;46;222;1;land;false;forest;6
8486;112;231;1;land;false;jungle;6
8487;91;251;1;land;false;jungle;6
8488;93;234;1;land;true;jungle;6
8489;92;248;1;land;true;jungle;6
8490;55;249;1;land;true;jungle;6
8491;82;224;1;land;false;jungle;6
8492;122;251;1;land;false;jungle;6
8493;100;231;1;land;false;jungle;6
8494;63;226;1;land;false;jungle;6
8495;77;231;1;land;false;jungle;6
8496;120;226;1;land;false;forest;6
8497;96;223;1;land;false;jungle;6
8498;88;247;1;land;false;forest;6
8499;103;254;1;land;false;jungle;6
8500;56;222;1;land;false;jungle;6
8501;59;252;1;land;false;jungle;6
8502;67;241;1;land;false;jungle;6
8503;91;212;1;land;false;forest;6
8504;98;254;1;land;false;jungle;6
8505;227;217;1;land;false;hills;6
8506;250;253;1;land;false;hills;6
8507;230;225;1;land;false;hills;6
8508;225;215;1;land;false;hills;6
8509;20;74;1;land;false;plains;6
8510;58;10;1;land;false;forest;6
8511;55;66;1;land;true;plains;6
8512;53;9;1;land;true;forest;6
8513;49;35;1;land;true;plains;6
8514;66;20;1;land;false;forest;6
8515;60;32;1;land;false;forest;6
8516;34;4;1;land;false;plains;6
8517;44;71;1;land;false;forest;6
8518;26;25;1;land;false;forest;6
8519;70;17;1;land;false;forest;6
8520;90;66;1;land;false;forest;6
8521;54;72;1;land;false;plains;6
8522;65;53;1;land;true;forest;6
8523;33;43;1;land;false;forest;6
8524;46;25;1;land;true;forest;6
8525;36;64;1;land;false;forest;6
8526;47;5;1;land;false;hills;6
8527;15;13;1;land;false;plains;6
8528;41;29;1;land;false;plains;6
8529;34;43;1;land;false;plains;6
8530;11;58;1;land;false;mountain;6
8531;5;23;1;land;false;plains;6
8532;32;10;1;land;false;plains;6
8533;29;46;1;land;false;hills;6
8534;7;15;1;land;false;hills;6
8535;39;16;1;land;false;hills;6
8536;48;48;1;land;false;hills;6
8537;1;3;1;land;false;plains;6
8538;36;6;1;land;false;plains;6
8539;3;38;1;land;false;hills;6
8540;14;57;1;land;false;hills;6
8541;50;60;1;land;false;mountain;6
8542;36;50;1;land;false;hills;6
8543;24;26;1;land;false;plains;6
8544;6;7;1;land;false;plains;6
8545;21;4;1;land;false;plains;6
8546;28;46;1;land;false;hills;6
8547;29;50;1;land;false;hills;6
8548;24;48;1;land;false;mountain;6
8549;53;47;1;land;false;mountain;6
8550;23;50;1;land;false;hills;6
8551;52;58;1;land;false;hills;6
8552;21;25;1;land;false;hills;6
8553;28;32;1;land;false;hills;6
8554;21;0;1;land;false;plains;6
8555;176;49;1;land;false;plains;6
8556;138;4;1;land;false;plains;6
8557;209;38;1;land;false;hills;6
8558;73;218;1;land;false;plains;6
8559;88;223;1;land;false;plains;6
8560;50;211;1;land;false;plains;6
8561;62;211;1;land;false;plains;6
8562;21;197;1;land;false;plains;6
8563;19;237;1;land;false;plains;6
8564;37;232;1;land;false;plains;6
8565;81;240;1;land;false;plains;6
8566;192;249;1;land;false;hills;6
8567;234;252;1;land;false;plains;6
8568;195;240;1;land;false;hills;6
8569;237;224;1;land;true;plains;6
8570;202;252;1;land;false;hills;6
8571;204;193;1;land;true;plains;6
8572;186;249;1;land;true;plains;6
8573;208;200;1;land;false;plains;6
8574;236;190;1;land;false;plains;6
8575;245;228;1;land;true;plains;6
8576;249;187;1;land;false;plains;6
8577;230;250;1;land;true;plains;6
8578;201;206;1;land;false;hills;6
8579;247;249;1;land;false;forest;6
8580;252;246;1;land;true;plains;6
8581;226;198;1;land;false;hills;6
8582;209;231;1;land;true;plains;6
8583;228;238;1;land;false;hills;6
8584;199;221;1;land;false;hills;6
8585;240;212;1;land;false;hills;6
8586;234;254;1;land;false;plains;6
8587;182;208;1;land;true;plains;6
8588;194;188;1;land;false;plains;6
8589;218;202;1;land;false;plains;6
8590;238;227;1;land;false;plains;6
8591;180;191;1;land;false;plains;6
8592;231;211;1;land;false;hills;6
8593;226;213;1;land;false;mountain;6
8594;198;250;1;land;false;plains;6
8595;226;207;1;land;false;plains;6
8596;239;248;1;land;false;plains;6
8597;243;216;1;land;true;plains;6
8598;218;239;1;land;true;plains;6
8599;235;74;1;land;false;hills;6
8600;213;31;1;land;false;hills;6
8601;253;45;1;land;false;hills;6
8602;198;65;1;land;false;hills;6
8603;203;53;1;land;false;hills;6
8604;199;52;1;land;false;hills;6
8605;233;52;1;land;false;plains;6
8606;237;60;1;land;false;hills;6
8607;202;35;1;land;false;hills;6
8608;190;231;1;land;false;plains;6
8609;156;224;1;land;true;forest;6
8610;141;249;1;land;true;plains;6
8611;50;66;1;land;false;forest;6
8612;39;111;1;land;false;plains;6
8613;110;92;1;land;false;urban;6
8614;77;134;1;land;false;plains;6
8615;47;133;1;land;false;forest;6
8616;103;88;1;land;false;plains;6
8617;101;117;1;land;false;plains;6
8618;45;84;1;land;false;plains;6
8619;40;107;1;land;false;plains;6
8620;62;116;1;land;false;plains;6
8621;80;108;1;land;false;plains;6
8622;38;60;1;land;false;plains;6
8623;103;132;1;land;false;forest;6
8624;82;114;1;land;false;forest;6
8625;97;79;1;land;false;forest;6
8626;65;74;1;land;false;forest;6
8627;64;118;1;land;false;plains;6
8628;42;98;1;land;false;plains;6
8629;9;192;1;land;false;plains;6
8630;32;150;1;land;false;plains;6
8631;6;173;1;land;false;forest;6
8632;16;144;1;land;false;plains;6
8633;28;169;1;land;false;plains;6
8634;36;217;1;land;false;plains;6
8635;3;193;1;land;false;plains;6
8636;4;176;1;land;false;plains;6
8637;39;109;1;land;false;forest;6
8638;47;70;1;land;false;forest;6
8639;70;70;1;land;false;forest;6
8640;66;86;1;land;false;forest;6
8641;43;110;1;land;false;forest;6
8642;8;65;1;land;false;forest;6
8643;177;148;1;land;true;forest;6
8644;172;204;1;land;false;forest;6
8645;222;185;1;land;true;forest;6
8646;139;167;1;land;false;plains;6
8647;125;229;1;land;false;mountain;6
8648;96;233;1;land;false;hills;6
8649;121;166;1;land;false;mountain;6
8650;145;217;1;land;true;forest;6
8651;119;179;1;land;false;mountain;6
8652;125;220;1;land;false;hills;6
8653;141;228;1;land;false;mountain;6
8654;136;238;1;land;false;mountain;6
8655;135;200;1;land;false;mountain;6
8656;142;206;1;land;false;mountain;6
8657;108;213;1;land;false;mountain;6
8658;150;214;1;land;false;mountain;6
8659;96;210;1;land;false;mountain;6
8660;146;208;1;land;false;mountain;6
8661;143;232;1;land;true;plains;6
8662;84;216;1;land;false;mountain;6
8663;152;199;1;land;true;hills;6
8664;143;163;1;land;false;mountain;6
8665;150;237;1;land;false;forest;6
8666;95;160;1;land;false;mountain;6
8667;137;219;1;land;false;mountain;6
8668;139;187;1;land;false;mountain;6
8669;104;172;1;land;false;hills;6
8670;88;165;1;land;false;hills;6
8671;142;40;1;land;false;plains;6
8672;122;16;1;land;false;forest;6
8673;97;50;1;land;false;plains;6
8674;121;51;1;land;false;plains;6
8675;149;35;1;land;false;plains;6
8676;134;40;1;land;false;forest;6
8677;153;22;1;land;false;plains;6
8678;88;43;1;land;false;forest;6
8679;37;58;1;land;true;plains;6
8680;25;84;1;land;true;plains;6
8681;48;43;1;land;true;plains;6
8682;45;48;1;land;true;plains;6
8683;62;20;1;land;true;plains;6
8684;59;31;1;land;true;plains;6
8685;11;87;1;land;false;plains;6
8686;166;250;1;land;false;forest;6
8687;190;187;1;land;false;plains;6
8688;190;236;1;land;false;plains;6
8689;242;202;1;land;false;plains;6
8690;175;224;1;land;false;plains;6
8691;197;221;1;land;false;urban;6
8692;192;234;1;land;false;plains;6
8693;182;209;1;land;false;forest;6
8694;214;221;1;land;false;forest;6
8695;170;203;1;land;true;plains;6
8696;239;207;1;land;false;plains;6
8697;218;199;1;land;false;plains;6
8698;179;236;1;land;false;forest;6
8699;201;233;1;land;true;plains;6
8700;207;228;1;land;false;plains;6
8701;197;195;1;land;true;forest;6
8702;235;196;1;land;false;forest;6
8703;174;239;1;land;false;plains;6
8704;186;187;1;land;false;plains;6
8705;196;240;1;land;false;plains;6
8706;225;185;1;land;false;forest;6
8707;189;205;1;land;false;plains;6
8708;196;234;1;land;false;plains;6
8709;169;238;1;land;false;forest;6
8710;113;32;1;land;false;mountain;6
8711;66;5;1;land;false;forest;6
8712;63;32;1;land;false;hills;6
8713;43;34;1;land;false;plains;6
8714;56;45;1;land;false;hills;6
8715;64;24;1;land;false;plains;6
8716;48;36;1;land;false;forest;6
8717;31;20;1;land;false;hills;6
8718;61;11;1;land;false;plains;6
8719;106;23;1;land;false;plains;6
8720;47;36;1;land;false;forest;6
8721;52;37;1;land;false;plains;6
8722;96;198;1;land;false;forest;6
8723;83;182;1;land;false;hills;6
8724;110;190;1;land;false;forest;6
8725;88;224;1;land;false;hills;6
8726;92;208;1;land;false;forest;6
8727;97;222;1;land;false;plains;6
8728;124;203;1;land;false;forest;6
8729;102;242;1;land;false;plains;6
8730;123;186;1;land;false;plains;6
8731;147;208;1;land;false;plains;6
8732;120;209;1;land;false;forest;6
8733;175;154;1;land;false;jungle;6
8734;145;114;1;land;false;jungle;6
8735;129;132;1;land;false;forest;6
8736;177;111;1;land;false;forest;6
8737;130;79;1;land;false;forest;6
8738;154;82;1;land;false;jungle;6
8739;115;137;1;land;false;jungle;6
8740;131;141;1;land;false;forest;6
8741;174;117;1;land;false;jungle;6
8742;125;195;1;land;false;hills;6
8743;170;237;1;land;false;hills;6
8744;123;206;1;land;false;forest;6
8745;147;248;1;land;false;mountain;6
8746;140;222;1;land;false;hills;6
8747;193;207;1;land;false;mountain;6
8748;154;185;1;land;false;plains;6
8749;125;189;1;land;false;forest;6
8750;147;177;1;land;true;plains;6
8751;137;232;1;land;false;hills;6
8752;193;244;1;land;false;hills;6
8753;192;187;1;land;false;forest;6
8754;168;214;1;land;false;mountain;6
8755;172;192;1;land;false;hills;6
8756;161;247;1;land;false;hills;6
8757;195;200;1;land;false;hills;6
8758;155;246;1;land;false;forest;6
8759;161;245;1;land;false;plains;6
8760;183;219;1;land;false;hills;6
8761;148;244;1;land;false;forest;6
8762;159;189;1;land;true;plains;6
8763;190;250;1;land;true;forest;6
8764;132;225;1;land;false;hills;6
8765;186;185;1;land;false;hills;6
8766;191;229;1;land;false;mountain;6
8767;200;213;1;land;false;hills;6
8768;155;141;1;land;false;hills;6
8769;229;78;1;land;false;jungle;6
8770;219;149;1;land;false;mountain;6
8771;176;139;1;land;false;jungle;6
8772;170;114;1;land;true;forest;6
8773;198;111;1;land;false;forest;6
8774;160;133;1;land;false;forest;6
8775;163;143;1;land;false;mountain;6
8776;211;144;1;land;false;mountain;6
8777;178;112;1;land;false;jungle;6
8778;227;130;1;land;false;jungle;6
8779;152;78;1;land;true;jungle;6
8780;163;96;1;land;false;forest;6
8781;189;147;1;land;false;mountain;6
8782;224;110;1;land;false;mountain;6
8783;215;93;1;land;false;hills;6
8784;195;78;1;land;true;jungle;6
8785;214;148;1;land;true;jungle;6
8786;156;123;1;land;false;forest;6
8787;156;75;1;land;false;hills;6
8788;161;152;1;land;false;mountain;6
8789;173;130;1;land;false;mountain;6
8790;194;118;1;land;false;jungle;6
8791;229;116;1;land;false;hills;6
8792;152;94;1;land;false;jungle;6
8793;195;94;1;land;false;jungle;6
8794;176;72;1;land;true;jungle;6
8795;22;188;1;land;false;plains;6
8796;9;209;1;land;false;plains;6
8797;24;150;1;land;false;plains;6
8798;14;171;1;land;false;plains;6
8799;50;150;1;land;false;plains;6
8800;57;164;1;land;false;plains;6
8801;28;171;1;land;false;plains;6
8802;38;148;1;land;false;plains;6
8803;39;180;1;land;false;plains;6
8804;254;8;1;land;false;plains;6
8805;234;69;1;land;false;plains;6
8806;221;56;1;land;true;plains;6
8807;202;31;1;land;true;urban;6
8808;214;32;1;land;false;plains;6
8809;229;17;1;land;false;plains;6
8810;226;55;1;land;false;plains;6
8811;209;55;1;land;false;plains;6
8812;228;58;1;land;true;plains;6
8813;249;4;1;land;true;plains;6
8814;233;25;1;land;true;plains;6
8815;213;28;1;land;true;plains;6
8816;203;75;1;land;false;plains;6
8817;207;73;1;land;false;plains;6
8818;226;34;1;land;true;plains;6
8819;228;39;1;land;true;plains;6
8820;241;72;1;land;false;plains;6
8821;226;18;1;land;false;plains;6
8822;239;66;1;land;false;plains;6
8823;215;56;1;land;false;plains;6
8824;243;251;1;land;false;hills;6
8825;253;242;1;land;false;hills;6
8826;243;212;1;land;false;hills;6
8827;236;184;1;land;false;hills;6
8828;237;223;1;land;false;hills;6
8829;246;235;1;land;false;hills;6
8830;231;199;1;land;false;plains;6
8831;233;205;1;land;false;hills;6
8832;236;237;1;land;false;plains;6
8833;224;235;1;land;false;forest;6
8834;216;188;1;land;false;plains;6
8835;228;249;1;land;false;hills;6
8836;223;235;1;land;false;hills;6
8837;230;241;1;land;false;hills;6
8838;138;248;1;land;false;jungle;7
8839;84;230;1;land;false;jungle;7
8840;154;218;1;land;true;jungle;7
8841;83;213;1;land;false;jungle;7
8842;148;230;1;land;false;jungle;7
8843;110;254;1;land;false;jungle;7
8844;89;252;1;land;false;jungle;7
8845;89;244;1;land;false;jungle;7
8846;90;248;1;land;false;forest;7
8847;161;233;1;land;true;jungle;7
8848;109;237;1;land;false;jungle;7
8849;159;230;1;land;false;forest;7
8850;157;226;1;land;true;jungle;7
8851;146;254;1;land;false;jungle;7
8852;142;217;1;land;false;jungle;7
8853;98;244;1;land;true;jungle;7
8854;204;143;1;land;false;jungle;7
8855;221;119;1;land;true;jungle;7
8856;217;95;1;land;false;jungle;7
8857;253;119;1;land;false;forest;7
8858;228;148;1;land;false;jungle;7
8859;196;119;1;land;false;jungle;7
8860;213;137;1;land;false;jungle;7
8861;218;82;1;land;true;jungle;7
8862;206;85;1;land;false;jungle;7
8863;209;117;1;land;false;jungle;7
8864;204;128;1;land;true;jungle;7
8865;202;94;1;land;false;jungle;7
8866;222;147;1;land;false;jungle;7
8867;242;86;1;land;false;jungle;7
8868;234;81;1;land;false;forest;7
8869;237;77;1;land;false;jungle;7
8870;225;83;1;land;false;jungle;7
8871;252;100;1;land;false;jungle;7
8872;212;147;1;land;false;jungle;7
8873;207;102;1;land;false;jungle;7
8874;184;128;1;land;true;jungle;7
8875;208;95;1;land;false;forest;7
8876;238;134;1;land;true;jungle;7
8877;192;107;1;land;false;jungle;7
8878;233;95;1;land;false;jungle;7
8879;206;142;1;land;true;jungle;7
8880;233;128;1;land;false;jungle;7
8881;245;138;1;land;false;forest;7
8882;227;80;1;land;true;jungle;7
8883;232;83;1;land;false;jungle;7
8884;204;77;1;land;false;jungle;7
8885;206;120;1;land;false;forest;7
8886;212;97;1;land;true;jungle;7
8887;233;81;1;land;false;jungle;7
8888;57;191;1;land;false;jungle;7
8889;81;201;1;land;true;forest;7
8890;61;205;1;land;true;jungle;7
8891;60;252;1;land;true;jungle;7
8892;86;224;1;land;false;jungle;7
8893;115;181;1;land;true;jungle;7
8894;95;220;1;land;false;jungle;7
8895;104;206;1;land;false;jungle;7
8896;67;231;1;land;false;forest;7
8897;93;225;1;land;false;jungle;7
8898;118;175;1;land;true;jungle;7
8899;77;180;1;land;true;jungle;7
8900;107;208;1;land;false;jungle;7
8901;63;189;1;land;true;jungle;7
8902;84;249;1;land;false;jungle;7
8903;128;180;1;land;true;jungle;7
8904;39;27;1;land;false;forest;7
8905;78;15;1;land;true;jungle;7
8906;43;25;1;land;false;jungle;7
8907;99;22;1;land;false;jungle;7
8908;91;14;1;land;true;jungle;7
8909;93;19;1;land;false;jungle;7
8910;100;33;1;land;true;jungle;7
8911;107;12;1;land;false;jungle;7
8912;101;14;1;land;true;forest;7
8913;108;3;1;land;false;jungle;7
8914;60;19;1;land;true;jungle;7
8915;39;25;1;land;false;forest;7
8916;92;30;1;land;false;jungle;7
8917;212;79;1;land;false;forest;7
8918;233;107;1;land;false;jungle;7
8919;227;127;1;land;false;jungle;7
8920;214;125;1;land;false;jungle;7
8921;228;59;1;land;false;forest;7
8922;221;80;1;land;false;forest;7
8923;233;62;1;land;false;forest;7
8924;231;68;1;land;false;forest;7
8925;254;126;1;land;false;forest;7
8926;246;239;1;land;false;jungle;7
8927;209;194;1;land;false;jungle;7
8928;232;190;1;land;false;forest;7
8929;234;248;1;land;false;jungle;7
8930;235;189;1;land;false;jungle;7
8931;237;189;1;land;false;jungle;7
8932;239;210;1;land;false;forest;7
8933;242;190;1;land;false;forest;7
8934;249;198;1;land;false;jungle;7
8935;212;228;1;land;false;forest;7
8936;254;216;1;land;false;forest;7
8937;206;204;1;land;false;forest;7
8938;226;249;1;land;false;jungle;7
8939;223;203;1;land;false;jungle;7
8940;245;207;1;land;false;jungle;7
8941;218;248;1;land;false;jungle;7
8942;216;246;1;land;false;forest;7
8943;225;222;1;land;false;forest;7
8944;218;222;1;land;false;jungle;7
8945;206;192;1;land;false;forest;7
8946;246;213;1;land;false;hills;7
8947;223;207;1;land;false;forest;7
8948;230;216;1;land;false;jungle;7
8949;226;248;1;land;false;jungle;7
8950;218;246;1;land;false;jungle;7
8951;227;193;1;land;false;forest;7
8952;251;247;1;land;false;jungle;7
8953;252;200;1;land;false;jungle;7
8954;232;221;1;land;false;jungle;7
8955;215;208;1;land;false;jungle;7
8956;218;207;1;land;false;jungle;7
8957;206;209;1;land;false;jungle;7
8958;227;251;1;land;false;hills;7
8959;245;30;1;land;false;forest;7
8960;236;75;1;land;false;hills;7
8961;252;41;1;land;false;jungle;7
8962;205;84;1;land;false;hills;7
8963;198;56;1;land;false;hills;7
8964;212;57;1;land;false;hills;7
8965;246;53;1;land;false;jungle;7
8966;211;51;1;land;false;forest;7
8967;248;86;1;land;false;forest;7
8968;200;35;1;land;false;forest;7
8969;196;18;1;land;false;hills;7
8970;220;64;1;land;false;forest;7
8971;218;69;1;land;false;forest;7
8972;212;38;1;land;false;forest;7
8973;200;29;1;land;false;jungle;7
8974;210;87;1;land;false;forest;7
8975;251;66;1;land;false;hills;7
8976;223;82;1;land;false;hills;7
8977;232;36;1;land;false;mountain;7
8978;224;93;1;land;false;jungle;7
8979;219;61;1;land;false;forest;7
8980;233;77;1;land;false;hills;7
8981;234;26;1;land;false;hills;7
8982;209;22;1;land;false;forest;7
8983;251;43;1;land;false;forest;7
8984;145;185;1;land;true;jungle;7
8985;149;215;1;land;false;hills;7
8986;117;150;1;land;false;jungle;7
8987;104;211;1;land;false;jungle;7
8988;123;160;1;land;true;jungle;7
8989;79;170;1;land;true;jungle;7
8990;148;210;1;land;true;jungle;7
8991;121;204;1;land;false;forest;7
8992;115;193;1;land;true;jungle;7
8993;120;193;1;land;false;hills;7
8994;149;164;1;land;true;jungle;7
8995;97;161;1;land;false;forest;7
8996;129;156;1;land;true;jungle;7
8997;101;196;1;land;true;jungle;7
8998;145;207;1;land;false;jungle;7
8999;116;175;1;land;false;hills;7
9000;93;187;1;land;false;forest;7
9001;138;156;1;land;true;jungle;7
9002;76;195;1;land;false;jungle;7
9003;148;176;1;land;true;forest;7
9004;116;195;1;land;false;jungle;7
9005;96;177;1;land;true;jungle;7
9006;138;178;1;land;false;jungle;7
9007;108;171;1;land;true;jungle;7
9008;108;214;1;land;false;hills;7
9009;128;200;1;land;false;jungle;7
9010;118;210;1;land;false;forest;7
9011;118;207;1;land;true;jungle;7
9012;105;202;1;land;true;jungle;7
9013;137;159;1;land;true;jungle;7
9014;95;221;1;land;false;jungle;7
9015;188;21;1;land;false;jungle;7
9016;203;43;1;land;false;forest;7
9017;191;29;1;land;false;jungle;7
9018;217;1;1;land;false;jungle;7
9019;217;61;1;land;false;jungle;7
9020;204;41;1;land;false;jungle;7
9021;146;23;1;land;false;jungle;7
9022;151;19;1;land;false;forest;7
9023;185;59;1;land;false;jungle;7
9024;146;9;1;land;false;jungle;7
9025;160;27;1;land;false;jungle;7
9026;158;2;1;land;false;forest;7
9027;183;9;1;land;false;forest;7
9028;170;68;1;land;false;jungle;7
9029;200;52;1;land;false;jungle;7
9030;207;14;1;land;false;forest;7
9031;208;58;1;land;false;jungle;7
9032;225;46;1;land;false;jungle;7
9033;179;25;1;land;false;jungle;7
9034;166;72;1;land;false;forest;7
9035;160;49;1;land;false;forest;7
9036;225;49;1;land;false;forest;7
9037;169;2;1;land;false;jungle;7
9038;175;63;1;land;false;forest;7
9039;186;2;1;land;false;jungle;7
9040;174;5;1;land;false;jungle;7
9041;151;78;1;land;false;forest;7
9042;166;27;1;land;false;jungle;7
9043;192;61;1;land;false;forest;7
9044;176;2;1;land;false;jungle;7
9045;225;22;1;land;false;jungle;7
9046;197;3;1;land;false;jungle;7
9047;196;4;1;land;false;jungle;7
9048;254;44;1;land;true;forest;7
9049;246;12;1;land;true;jungle;7
9050;235;10;1;land;false;forest;7
9051;254;45;1;land;false;jungle;7
9052;233;15;1;land;false;forest;7
9053;235;36;1;land;true;jungle;7
9054;246;19;1;land;false;jungle;7
9055;226;15;1;land;true;jungle;7
9056;248;43;1;land;false;jungle;7
9057;253;41;1;land;true;jungle;7
9058;229;0;1;land;false;forest;7
9059;236;5;1;land;false;forest;7
9060;237;44;1;land;false;jungle;7
9061;229;30;1;land;false;forest;7
9062;250;14;1;land;true;jungle;7
9063;236;14;1;land;false;jungle;7
9064;219;10;1;land;true;jungle;7
9065;236;34;1;land;false;forest;7
9066;234;7;1;land;false;jungle;7
9067;250;22;1;land;true;jungle;7
9068;216;5;1;land;true;jungle;7
9069;243;9;1;land;true;jungle;7
9070;245;42;1;land;false;forest;7
9071;217;27;1;land;false;jungle;7
9072;239;5;1;land;false;jungle;7
9073;222;27;1;land;false;forest;7
9074;225;14;1;land;false;jungle;7
9075;254;28;1;land;false;forest;7
9076;252;5;1;land;true;forest;7
9077;240;40;1;land;false;jungle;7
9078;217;16;1;land;false;forest;7
9079;241;10;1;land;false;jungle;7
9080;252;1;1;land;false;forest;7
9081;216;0;1;land;true;jungle;7
9082;218;26;1;land;false;forest;7
9083;85;60;1;land;false;jungle;7
9084;120;62;1;land;false;jungle;7
9085;56;113;1;land;false;forest;7
9086;58;96;1;land;false;jungle;7
9087;59;130;1;land;false;jungle;7
9088;64;114;1;land;false;jungle;7
9089;108;98;1;land;true;jungle;7
9090;111;94;1;land;false;jungle;7
9091;76;66;1;land;false;jungle;7
9092;53;119;1;land;false;jungle;7
9093;82;129;1;land;false;jungle;7
9094;61;88;1;land;false;jungle;7
9095;98;57;1;land;false;jungle;7
9096;102;69;1;land;false;jungle;7
9097;105;96;1;land;false;jungle;7
9098;113;80;1;land;false;jungle;7
9099;65;108;1;land;false;jungle;7
9100;53;128;1;land;true;jungle;7
9101;95;120;1;land;false;jungle;7
9102;97;63;1;land;true;forest;7
9103;100;111;1;land;true;forest;7
9104;67;82;1;land;false;jungle;7
9105;127;60;1;land;true;forest;7
9106;124;69;1;land;false;jungle;7
9107;74;62;1;land;false;jungle;7
9108;120;122;1;land;false;forest;7
9109;94;86;1;land;false;jungle;7
9110;124;99;1;land;false;hills;7
9111;60;129;1;land;false;jungle;7
9112;48;80;1;land;false;jungle;7
9113;100;73;1;land;false;forest;7
9114;75;71;1;land;false;jungle;7
9115;125;61;1;land;false;jungle;7
9116;72;69;1;land;false;jungle;7
9117;64;107;1;land;false;forest;7
9118;126;123;1;land;true;forest;7
9119;104;52;1;land;false;jungle;7
9120;56;64;1;land;false;jungle;7
9121;77;78;1;land;false;forest;7
9122;94;13;1;land;false;jungle;7
9123;90;80;1;land;false;forest;7
9124;89;18;1;land;false;forest;7
9125;64;56;1;land;false;forest;7
9126;122;55;1;land;false;jungle;7
9127;82;14;1;land;false;jungle;7
9128;126;22;1;land;false;forest;7
9129;69;39;1;land;false;jungle;7
9130;123;82;1;land;false;forest;7
9131;127;37;1;land;false;jungle;7
9132;122;11;1;land;false;jungle;7
9133;127;20;1;land;false;forest;7
9134;116;25;1;land;false;jungle;7
9135;65;3;1;land;false;jungle;7
9136;72;10;1;land;false;forest;7
9137;98;25;1;land;false;jungle;7
9138;70;33;1;land;false;jungle;7
9139;143;63;1;land;false;forest;7
9140;107;31;1;land;false;forest;7
9141;108;28;1;land;false;forest;7
9142;81;7;1;land;false;jungle;7
9143;93;56;1;land;false;jungle;7
9144;82;70;1;land;false;forest;7
9145;137;72;1;land;false;forest;7
9146;140;149;1;land;false;jungle;7
9147;105;150;1;land;false;jungle;7
9148;113;157;1;land;false;jungle;7
9149;135;217;1;land;false;jungle;7
9150;105;210;1;land;false;forest;7
9151;79;221;1;land;false;forest;7
9152;142;204;1;land;false;forest;7
9153;81;163;1;land;false;jungle;7
9154;137;185;1;land;false;forest;7
9155;82;207;1;land;false;jungle;7
9156;74;145;1;land;false;forest;7
9157;128;179;1;land;false;jungle;7
9158;93;162;1;land;false;forest;7
9159;130;184;1;land;false;jungle;7
9160;98;222;1;land;false;jungle;7
9161;137;202;1;land;false;jungle;7
9162;94;199;1;land;false;forest;7
9163;115;169;1;land;false;jungle;7
9164;120;164;1;land;false;jungle;7
9165;146;210;1;land;false;jungle;7
9166;85;191;1;land;false;forest;7
9167;87;152;1;land;false;forest;7
9168;82;154;1;land;false;jungle;7
9169;84;189;1;land;false;jungle;7
9170;83;188;1;land;false;forest;7
9171;92;167;1;land;false;forest;7
9172;104;214;1;land;false;jungle;7
9173;93;209;1;land;false;jungle;7
9174;141;154;1;land;false;forest;7
9175;115;158;1;land;false;jungle;7
9176;103;221;1;land;false;jungle;7
9177;67;176;1;land;false;jungle;7
9178;78;157;1;land;false;forest;7
9179;109;145;1;land;false;jungle;7
9180;71;211;1;land;false;jungle;7
9181;68;172;1;land;false;jungle;7
9182;140;215;1;land;false;jungle;7
9183;96;178;1;land;false;forest;7
9184;82;166;1;land;false;jungle;7
9185;97;189;1;land;false;forest;7
9186;135;206;1;land;false;jungle;7
9187;80;210;1;land;false;forest;7
9188;140;145;1;land;false;forest;7
9189;89;216;1;land;false;jungle;7
9190;120;222;1;land;false;jungle;7
9191;101;173;1;land;false;forest;7
9192;117;177;1;land;false;jungle;7
9193;103;9;1;land;true;forest;7
9194;129;0;1;land;true;forest;7
9195;111;32;1;land;false;forest;7
9196;96;24;1;land;true;forest;7
9197;117;31;1;land;false;forest;7
9198;170;2;1;land;false;plains;7
9199;167;60;1;land;false;forest;7
9200;172;19;1;land;true;plains;7
9201;124;58;1;land;false;forest;7
9202;110;37;1;land;false;forest;7
9203;117;48;1;land;false;forest;7
9204;166;18;1;land;false;forest;7
9205;127;25;1;land;false;plains;7
9206;160;19;1;land;false;forest;7
9207;105;4;1;land;false;forest;7
9208;149;28;1;land;false;forest;7
9209;124;5;1;land;false;forest;7
9210;118;18;1;land;true;forest;7
9211;100;8;1;land;true;forest;7
9212;135;27;1;land;false;plains;7
9213;135;52;1;land;false;forest;7
9214;147;27;1;land;true;plains;7
9215;102;25;1;land;false;forest;7
9216;123;48;1;land;false;forest;7
9217;217;88;1;land;true;forest;7
9218;196;142;1;land;false;forest;7
9219;194;137;1;land;false;forest;7
9220;173;154;1;land;true;forest;7
9221;208;101;1;land;false;forest;7
9222;208;132;1;land;true;forest;7
9223;210;165;1;land;false;forest;7
9224;198;117;1;land;false;forest;7
9225;170;130;1;land;true;forest;7
9226;233;90;1;land;false;forest;7
9227;204;137;1;land;false;forest;7
9228;217;143;1;land;false;forest;7
9229;189;96;1;land;false;forest;7
9230;205;92;1;land;true;forest;7
9231;214;103;1;land;false;forest;7
9232;12;132;1;land;false;jungle;7
9233;78;87;1;land;false;jungle;7
9234;8;128;1;land;false;forest;7
9235;32;84;1;land;true;jungle;7
9236;9;120;1;land;false;jungle;7
9237;47;135;1;land;false;jungle;7
9238;80;106;1;land;false;jungle;7
9239;58;69;1;land;false;jungle;7
9240;18;116;1;land;true;jungle;7
9241;74;73;1;land;true;forest;7
9242;69;99;1;land;false;jungle;7
9243;63;140;1;land;false;jungle;7
9244;49;122;1;land;false;jungle;7
9245;45;86;1;land;false;forest;7
9246;68;118;1;land;false;jungle;7
9247;73;112;1;land;false;jungle;7
9248;19;89;1;land;false;forest;7
9249;35;69;1;land;false;jungle;7
9250;228;101;1;land;false;jungle;7
9251;189;85;1;land;false;forest;7
9252;192;113;1;land;false;jungle;7
9253;183;116;1;land;false;jungle;7
9254;253;55;1;land;false;forest;7
9255;217;63;1;land;false;jungle;7
9256;198;76;1;land;false;jungle;7
9257;217;76;1;land;false;hills;7
9258;230;90;1;land;false;jungle;7
9259;229;46;1;land;false;jungle;7
9260;233;117;1;land;false;jungle;7
9261;248;90;1;land;false;forest;7
9262;202;88;1;land;false;jungle;7
9263;233;46;1;land;false;jungle;7
9264;216;109;1;land;false;jungle;7
9265;184;46;1;land;false;hills;7
9266;212;54;1;land;false;jungle;7
9267;192;101;1;land;false;forest;7
9268;201;51;1;land;false;forest;7
9269;189;118;1;land;false;hills;7
9270;238;58;1;land;false;jungle;7
9271;216;88;1;land;false;jungle;7
9272;186;41;1;land;false;jungle;7
9273;180;43;1;land;false;jungle;7
9274;234;108;1;land;false;jungle;7
9275;242;104;1;land;false;hills;7
9276;190;74;1;land;false;forest;7
9277;241;107;1;land;false;jungle;7
9278;252;80;1;land;false;jungle;7
9279;197;58;1;land;false;jungle;7
9280;180;65;1;land;false;jungle;7
9281;211;93;1;land;false;forest;7
9282;60;105;1;land;false;forest;7
9283;43;84;1;land;false;jungle;7
9284;39;135;1;land;false;hills;7
9285;57;139;1;land;false;forest;7
9286;14;113;1;land;false;forest;7
9287;20;72;1;land;false;forest;7
9288;49;75;1;land;false;forest;7
9289;21;136;1;land;false;jungle;7
9290;13;71;1;land;false;hills;7
9291;25;78;1;land;false;forest;7
9292;16;119;1;land;false;hills;7
9293;43;134;1;land;false;forest;7
9294;49;133;1;land;false;forest;7
9295;43;74;1;land;false;jungle;7
9296;76;114;1;land;false;forest;7
9297;14;115;1;land;false;hills;7
9298;55;110;1;land;false;hills;7
9299;68;127;1;land;false;forest;7
9300;81;130;1;land;false;hills;7
9301;83;19;1;land;false;forest;7
9302;57;13;1;land;false;forest;7
9303;20;49;1;land;true;forest;7
9304;57;32;1;land;true;forest;7
9305;64;2;1;land;false;jungle;7
9306;41;39;1;land;true;forest;7
9307;73;36;1;land;false;forest;7
9308;94;43;1;land;true;forest;7
9309;80;27;1;land;false;forest;7
9310;56;10;1;land;false;jungle;7
9311;49;23;1;land;false;forest;7
9312;44;150;1;land;false;forest;7
9313;29;141;1;land;false;forest;7
9314;60;186;1;land;false;hills;7
9315;56;130;1;land;false;hills;7
9316;14;166;1;land;false;forest;7
9317;0;130;1;land;false;jungle;7
9318;35;160;1;land;false;forest;7
9319;50;117;1;land;false;jungle;7
9320;63;188;1;land;false;forest;7
9321;62;117;1;land;false;jungle;7
9322;18;110;1;land;false;jungle;7
9323;55;155;1;land;false;jungle;7
9324;23;183;1;land;false;jungle;7
9325;4;135;1;land;false;forest;7
9326;33;171;1;land;false;jungle;7
9327;0;116;1;land;false;forest;7
9328;9;112;1;land;false;jungle;7
9329;132;114;1;land;true;forest;7
9330;128;99;1;land;false;forest;7
9331;129;139;1;land;true;forest;7
9332;69;138;1;land;false;forest;7
9333;87;92;1;land;false;forest;7
9334;117;142;1;land;true;forest;7
9335;67;122;1;land;false;forest;7
9336;86;119;1;land;true;forest;7
9337;124;147;1;land;false;forest;7
9338;93;141;1;land;false;forest;7
9339;80;124;1;land;false;forest;7
9340;68;27;1;land;false;jungle;7
9341;69;37;1;land;false;jungle;7
9342;65;37;1;land;false;jungle;7
9343;132;34;1;land;false;jungle;7
9344;132;21;1;land;false;hills;7
9345;87;12;1;land;false;jungle;7
9346;105;6;1;land;false;jungle;7
9347;95;31;1;land;false;jungle;7
9348;92;18;1;land;false;jungle;7
9349;102;14;1;land;false;jungle;7
9350;90;27;1;land;false;forest;7
9351;84;35;1;land;false;jungle;7
9352;97;3;1;land;false;jungle;7
9353;58;27;1;land;false;jungle;7
9354;87;29;1;land;false;jungle;7
9355;78;29;1;land;false;jungle;7
9356;80;14;1;land;false;jungle;7
9357;118;38;1;land;false;jungle;7
9358;59;35;1;land;false;jungle;7
9359;105;20;1;land;false;jungle;7
9360;94;219;1;land;false;forest;7
9361;122;161;1;land;false;hills;7
9362;110;170;1;land;true;jungle;7
9363;106;236;1;land;false;jungle;7
9364;95;205;1;land;true;jungle;7
9365;99;216;1;land;false;forest;7
9366;102;241;1;land;false;hills;7
9367;70;164;1;land;false;jungle;7
9368;94;174;1;land;false;hills;7
9369;55;223;1;land;false;hills;7
9370;72;239;1;land;true;jungle;7
9371;46;212;1;land;false;jungle;7
9372;111;200;1;land;false;hills;7
9373;124;162;1;land;false;jungle;7
9374;112;196;1;land;true;jungle;7
9375;54;194;1;land;false;hills;7
9376;51;171;1;land;false;jungle;7
9377;105;233;1;land;false;hills;7
9378;75;214;1;land;false;jungle;7
9379;88;238;1;land;false;hills;7
9380;63;220;1;land;false;hills;7
9381;91;202;1;land;true;jungle;7
9382;122;217;1;land;true;jungle;7
9383;87;215;1;land;false;jungle;7
9384;60;206;1;land;false;hills;7
9385;45;164;1;land;false;mountain;7
9386;72;211;1;land;false;jungle;7
9387;81;229;1;land;true;jungle;7
9388;116;183;1;land;false;hills;7
9389;20;204;1;land;false;jungle;7
9390;17;189;1;land;false;forest;7
9391;28;207;1;land;false;jungle;7
9392;25;156;1;land;false;jungle;7
9393;18;136;1;land;true;jungle;7
9394;41;211;1;land;false;forest;7
9395;36;157;1;land;false;forest;7
9396;13;194;1;land;true;plains;7
9397;0;192;1;land;false;forest;7
9398;36;141;1;land;true;jungle;7
9399;38;149;1;land;false;jungle;7
9400;39;140;1;land;false;jungle;7
9401;19;205;1;land;false;forest;7
9402;19;203;1;land;false;forest;7
9403;15;213;1;land;true;jungle;7
9404;4;143;1;land;true;forest;7
9405;28;200;1;land;false;hills;7
9406;5;157;1;land;true;forest;7
9407;10;164;1;land;false;jungle;7
9408;0;193;1;land;false;jungle;7
9409;27;167;1;land;false;jungle;7
9410;40;140;1;land;false;jungle;7
9411;20;189;1;land;false;jungle;7
9412;18;141;1;land;false;jungle;7
9413;12;202;1;land;false;forest;7
9414;87;172;1;land;true;jungle;7
9415;53;198;1;land;false;jungle;7
9416;29;155;1;land;false;jungle;7
9417;67;161;1;land;false;forest;7
9418;51;168;1;land;false;forest;7
9419;91;179;1;land;true;jungle;7
9420;62;156;1;land;false;forest;7
9421;89;122;1;land;true;jungle;7
9422;57;185;1;land;true;jungle;7
9423;53;139;1;land;false;jungle;7
9424;87;127;1;land;false;jungle;7
9425;64;128;1;land;false;jungle;7
9426;79;123;1;land;true;jungle;7
9427;48;188;1;land;false;forest;7
9428;79;197;1;land;false;jungle;7
9429;30;162;1;land;false;hills;7
9430;53;190;1;land;false;hills;7
9431;69;158;1;land;false;jungle;7
9432;44;144;1;land;false;hills;7
9433;56;172;1;land;false;jungle;7
9434;90;182;1;land;false;forest;7
9435;54;153;1;land;false;jungle;7
9436;32;143;1;land;false;jungle;7
9437;68;159;1;land;true;jungle;7
9438;28;152;1;land;false;jungle;7
9439;57;182;1;land;false;jungle;7
9440;79;129;1;land;true;jungle;7
9441;62;186;1;land;false;jungle;7
9442;61;158;1;land;false;jungle;7
9443;51;175;1;land;false;jungle;7
9444;81;168;1;land;false;hills;7
9445;38;130;1;land;false;jungle;7
9446;57;119;1;land;false;forest;7
9447;27;177;1;land;false;jungle;7
9448;24;159;1;land;false;forest;7
9449;60;98;1;land;false;jungle;7
9450;44;128;1;land;false;jungle;7
9451;78;99;1;land;false;forest;7
9452;2;69;1;land;false;forest;7
9453;2;121;1;land;false;jungle;7
9454;2;130;1;land;false;jungle;7
9455;61;114;1;land;false;forest;7
9456;71;105;1;land;false;forest;7
9457;4;66;1;land;false;forest;7
9458;64;84;1;land;false;forest;7
9459;16;116;1;land;false;jungle;7
9460;45;83;1;land;false;forest;7
9461;67;78;1;land;false;jungle;7
9462;19;61;1;land;false;forest;7
9463;71;123;1;land;false;forest;7
9464;7;74;1;land;false;jungle;7
9465;30;97;1;land;false;jungle;7
9466;64;74;1;land;false;jungle;7
9467;122;195;1;land;false;jungle;7
9468;117;198;1;land;true;jungle;7
9469;124;194;1;land;false;jungle;7
9470;129;174;1;land;false;jungle;7
9471;124;201;1;land;false;jungle;7
9472;139;147;1;land;true;jungle;7
9473;201;67;1;land;false;plains;7
9474;80;218;1;land;false;forest;7
9475;70;207;1;land;false;forest;7
9476;52;246;1;land;false;jungle;7
9477;48;225;1;land;false;forest;7
9478;18;208;1;land;false;jungle;7
9479;63;242;1;land;false;jungle;7
9480;26;223;1;land;false;jungle;7
9481;36;224;1;land;false;forest;7
9482;61;251;1;land;false;forest;7
9483;67;223;1;land;false;jungle;7
9484;28;208;1;land;false;forest;7
9485;28;225;1;land;false;forest;7
9486;24;203;1;land;false;jungle;7
9487;134;179;1;land;false;jungle;7
9488;131;235;1;land;false;forest;7
9489;76;211;1;land;false;forest;7
9490;127;176;1;land;false;jungle;7
9491;80;211;1;land;false;jungle;7
9492;122;205;1;land;false;hills;7
9493;104;244;1;land;false;jungle;7
9494;84;175;1;land;false;jungle;7
9495;102;174;1;land;false;jungle;7
9496;96;232;1;land;false;forest;7
9497;105;201;1;land;false;jungle;7
9498;140;237;1;land;false;forest;7
9499;151;235;1;land;false;jungle;7
9500;116;248;1;land;false;jungle;7
9501;143;225;1;land;false;jungle;7
9502;121;213;1;land;false;forest;7
9503;75;208;1;land;false;jungle;7
9504;103;196;1;land;false;jungle;7
9505;102;247;1;land;false;jungle;7
9506;101;220;1;land;false;jungle;7
9507;96;200;1;land;false;jungle;7
9508;98;181;1;land;false;forest;7
9509;127;188;1;land;true;jungle;7
9510;78;216;1;land;false;forest;7
9511;83;212;1;land;false;jungle;7
9512;101;226;1;land;false;jungle;7
9513;89;234;1;land;false;forest;7
9514;147;200;1;land;true;jungle;7
9515;122;219;1;land;false;jungle;7
9516;143;172;1;land;false;forest;7
9517;86;207;1;land;false;forest;7
9518;122;196;1;land;false;hills;7
9519;135;183;1;land;false;forest;7
9520;93;176;1;land;false;hills;7
9521;148;211;1;land;false;jungle;7
9522;87;247;1;land;false;jungle;7
9523;99;212;1;land;false;jungle;7
9524;107;193;1;land;false;jungle;7
9525;122;188;1;land;true;forest;7
9526;128;225;1;land;false;jungle;7
9527;115;248;1;land;false;jungle;7
9528;92;250;1;land;true;forest;7
9529;110;224;1;land;false;forest;7
9530;112;239;1;land;false;jungle;7
9531;78;196;1;land;false;jungle;7
9532;106;224;1;land;false;jungle;7
9533;81;184;1;land;false;jungle;7
9534;149;240;1;land;false;forest;7
9535;139;235;1;land;false;jungle;7
9536;138;222;1;land;true;forest;7
9537;98;230;1;land;false;jungle;7
9538;115;209;1;land;false;forest;7
9539;76;247;1;land;false;hills;7
9540;143;204;1;land;false;jungle;7
9541;119;236;1;land;false;jungle;7
9542;138;193;1;land;false;jungle;7
9543;132;211;1;land;false;jungle;7
9544;107;225;1;land;false;jungle;7
9545;103;218;1;land;false;forest;7
9546;142;232;1;land;false;jungle;7
9547;124;217;1;land;false;forest;7
9548;95;185;1;land;false;jungle;7
9549;93;194;1;land;false;jungle;7
9550;148;191;1;land;true;jungle;7
9551;134;245;1;land;false;jungle;7
9552;90;224;1;land;false;forest;7
9553;76;216;1;land;false;forest;7
9554;237;117;1;land;false;forest;7
9555;228;122;1;land;true;jungle;7
9556;191;125;1;land;true;jungle;7
9557;166;139;1;land;false;jungle;7
9558;217;186;1;land;false;jungle;7
9559;212;119;1;land;false;jungle;7
9560;206;118;1;land;false;jungle;7
9561;236;133;1;land;false;jungle;7
9562;234;177;1;land;true;jungle;7
9563;224;175;1;land;true;jungle;7
9564;219;171;1;land;false;jungle;7
9565;229;120;1;land;false;forest;7
9566;182;134;1;land;false;jungle;7
9567;187;159;1;land;false;jungle;7
9568;230;165;1;land;false;jungle;7
9569;227;166;1;land;false;jungle;7
9570;210;132;1;land;false;jungle;7
9571;207;143;1;land;false;jungle;7
9572;127;59;1;land;false;jungle;7
9573;60;97;1;land;false;hills;7
9574;78;90;1;land;false;forest;7
9575;104;116;1;land;false;forest;7
9576;75;62;1;land;false;jungle;7
9577;70;75;1;land;false;forest;7
9578;109;81;1;land;false;forest;7
9579;117;89;1;land;false;jungle;7
9580;86;82;1;land;false;forest;7
9581;60;46;1;land;false;jungle;7
9582;61;50;1;land;false;forest;7
9583;124;97;1;land;false;jungle;7
9584;112;55;1;land;false;jungle;7
9585;121;72;1;land;false;hills;7
9586;102;122;1;land;false;forest;7
9587;82;103;1;land;false;forest;7
9588;165;50;1;land;false;jungle;7
9589;161;44;1;land;false;forest;7
9590;158;71;1;land;false;forest;7
9591;187;34;1;land;true;jungle;7
9592;147;46;1;land;false;jungle;7
9593;148;17;1;land;false;forest;7
9594;189;69;1;land;false;jungle;7
9595;158;45;1;land;false;jungle;7
9596;193;37;1;land;false;forest;7
9597;122;25;1;land;false;forest;7
9598;131;65;1;land;false;forest;7
9599;175;91;1;land;false;jungle;7
9600;158;69;1;land;false;jungle;7
9601;123;49;1;land;true;jungle;7
9602;170;89;1;land;false;forest;7
9603;187;26;1;land;false;hills;7
9604;118;51;1;land;false;hills;7
9605;137;23;1;land;false;jungle;7
9606;179;43;1;land;true;forest;7
9607;167;13;1;land;false;jungle;7
9608;181;77;1;land;true;forest;7
9609;152;26;1;land;false;forest;7
9610;183;18;1;land;false;forest;7
9611;150;61;1;land;false;jungle;7
9612;196;83;1;land;false;hills;7
9613;118;43;1;land;false;forest;7
9614;128;69;1;land;false;forest;7
9615;150;87;1;land;true;jungle;7
9616;156;56;1;land;false;jungle;7
9617;190;18;1;land;false;forest;7
9618;121;25;1;land;false;forest;7
9619;135;34;1;land;false;forest;7
9620;178;54;1;land;true;jungle;7
9621;125;60;1;land;false;jungle;7
9622;119;27;1;land;false;forest;7
9623;170;80;1;land;false;hills;7
9624;139;66;1;land;false;jungle;7
9625;118;77;1;land;true;forest;7
9626;176;13;1;land;false;forest;7
9627;146;70;1;land;true;jungle;7
9628;142;16;1;land;false;jungle;7
9629;179;65;1;land;false;jungle;7
9630;141;67;1;land;false;jungle;7
9631;152;22;1;land;false;forest;7
9632;138;56;1;land;false;jungle;7
9633;133;173;1;land;false;jungle;7
9634;100;210;1;land;false;jungle;7
9635;118;177;1;land;false;forest;7
9636;148;163;1;land;false;jungle;7
9637;77;169;1;land;false;jungle;7
9638;114;167;1;land;false;jungle;7
9639;151;214;1;land;false;jungle;7
9640;118;168;1;land;false;jungle;7
9641;99;172;1;land;false;jungle;7
9642;85;170;1;land;false;forest;7
9643;128;170;1;land;false;forest;7
9644;139;142;1;land;false;jungle;7
9645;73;169;1;land;false;jungle;7
9646;18;171;1;land;false;jungle;7
9647;67;193;1;land;false;jungle;7
9648;80;222;1;land;false;jungle;7
9649;76;202;1;land;false;forest;7
9650;53;221;1;land;false;forest;7
9651;29;196;1;land;false;forest;7
9652;93;226;1;land;false;forest;7
9653;54;215;1;land;false;jungle;7
9654;81;191;1;land;false;forest;7
9655;16;192;1;land;false;jungle;7
9656;82;173;1;land;false;jungle;7
9657;55;211;1;land;false;jungle;7
9658;30;214;1;land;false;forest;7
9659;87;164;1;land;false;forest;7
9660;73;216;1;land;false;jungle;7
9661;49;164;1;land;false;jungle;7
9662;203;143;1;land;true;forest;7
9663;187;109;1;land;true;forest;7
9664;237;164;1;land;false;jungle;7
9665;251;124;1;land;false;forest;7
9666;221;165;1;land;false;forest;7
9667;204;163;1;land;false;forest;7
9668;232;162;1;land;false;hills;7
9669;228;157;1;land;false;forest;7
9670;232;150;1;land;false;hills;7
9671;226;186;1;land;false;hills;7
9672;215;182;1;land;false;forest;7
9673;253;172;1;land;false;hills;7
9674;214;129;1;land;false;forest;7
9675;224;195;1;land;false;jungle;7
9676;209;170;1;land;false;hills;7
9677;243;192;1;land;false;jungle;7
9678;208;147;1;land;false;forest;7
9679;245;144;1;land;false;jungle;7
9680;221;155;1;land;false;forest;7
9681;248;190;1;land;false;hills;7
9682;218;41;1;land;false;jungle;7
9683;246;32;1;land;true;jungle;7
9684;223;25;1;land;false;jungle;7
9685;181;9;1;land;false;jungle;7
9686;235;34;1;land;true;jungle;7
9687;228;42;1;land;false;jungle;7
9688;197;30;1;land;false;forest;7
9689;167;23;1;land;true;jungle;7
9690;204;44;1;land;false;jungle;7
9691;201;22;1;land;false;forest;7
9692;198;13;1;land;true;forest;7
9693;232;10;1;land;false;jungle;7
9694;209;14;1;land;false;forest;7
9695;224;30;1;land;true;forest;7
9696;195;37;1;land;true;forest;7
9697;200;34;1;land;false;forest;7
9698;195;30;1;land;true;jungle;7
9699;223;23;1;land;true;jungle;7
9700;216;43;1;land;false;jungle;7
9701;223;6;1;land;true;jungle;7
9702;176;29;1;land;false;jungle;7
9703;231;22;1;land;false;jungle;7
9704;173;7;1;land;false;jungle;7
9705;230;23;1;land;true;jungle;7
9706;236;41;1;land;false;forest;7
9707;176;24;1;land;true;jungle;7
9708;191;18;1;land;true;forest;7
9709;197;41;1;land;false;jungle;7
9710;210;43;1;land;false;jungle;7
9711;178;8;1;land;true;forest;7
9712;201;14;1;land;false;jungle;7
9713;202;21;1;land;false;jungle;7
9714;191;34;1;land;false;forest;7
9715;186;7;1;land;false;jungle;7
9716;224;43;1;land;false;forest;7
9717;181;15;1;land;false;jungle;7
9718;229;11;1;land;false;jungle;7
9719;195;45;1;land;false;forest;7
9720;236;17;1;land;false;forest;7
9721;121;242;1;land;true;jungle;7
9722;108;220;1;land;false;jungle;7
9723;147;238;1;land;false;jungle;7
9724;107;238;1;land;false;forest;7
9725;130;226;1;land;false;forest;7
9726;117;230;1;land;false;forest;7
9727;132;203;1;land;true;forest;7
9728;121;234;1;land;false;forest;7
9729;96;226;1;land;false;jungle;7
9730;84;248;1;land;false;forest;7
9731;133;218;1;land;true;forest;7
9732;134;201;1;land;false;jungle;7
9733;117;224;1;land;false;jungle;7
9734;162;197;1;land;false;jungle;7
9735;113;246;1;land;false;forest;7
9736;102;228;1;land;false;forest;7
9737;145;229;1;land;false;jungle;7
9738;120;219;1;land;false;forest;7
9739;106;237;1;land;false;forest;7
9740;103;251;1;land;false;jungle;7
9741;154;226;1;land;true;jungle;7
9742;141;239;1;land;true;jungle;7
9743;162;244;1;land;true;jungle;7
9744;86;204;1;land;true;forest;7
9745;140;217;1;land;true;forest;7
9746;144;245;1;land;false;jungle;7
9747;125;233;1;land;false;forest;7
9748;144;234;1;land;true;plains;7
9749;144;248;1;land;false;forest;7
9750;157;235;1;land;false;jungle;7
9751;147;207;1;land;false;forest;7
9752;158;217;1;land;false;forest;7
9753;117;236;1;land;false;forest;7
9754;128;237;1;land;false;forest;7
9755;143;199;1;land;true;forest;7
9756;104;202;1;land;true;forest;7
9757;107;206;1;land;false;jungle;7
9758;124;244;1;land;false;jungle;7
9759;144;237;1;land;false;forest;7
9760;161;246;1;land;true;forest;7
9761;96;244;1;land;true;forest;7
9762;158;228;1;land;true;jungle;7
9763;105;230;1;land;true;forest;7
9764;98;204;1;land;false;jungle;7
9765;131;204;1;land;true;jungle;7
9766;155;250;1;land;false;jungle;7
9767;90;242;1;land;true;forest;7
9768;120;229;1;land;false;forest;7
9769;106;226;1;land;false;jungle;7
9770;156;212;1;land;false;forest;7
9771;154;242;1;land;false;forest;7
9772;109;203;1;land;false;forest;7
9773;156;222;1;land;false;jungle;7
9774;105;252;1;land;false;jungle;7
9775;89;254;1;land;false;jungle;7
9776;137;215;1;land;false;jungle;7
9777;127;205;1;land;false;jungle;7
9778;160;204;1;land;false;forest;7
9779;100;203;1;land;false;forest;7
9780;101;231;1;land;false;forest;7
9781;90;211;1;land;false;jungle;7
9782;88;243;1;land;true;forest;7
9783;88;202;1;land;true;forest;7
9784;150;246;1;land;false;forest;7
9785;95;230;1;land;true;forest;7
9786;145;244;1;land;false;forest;7
9787;135;233;1;land;false;jungle;7
9788;124;205;1;land;false;forest;7
9789;88;217;1;land;false;forest;7
9790;158;202;1;land;true;jungle;7
9791;100;209;1;land;false;forest;7
9792;112;248;1;land;false;jungle;7
9793;141;235;1;land;true;jungle;7
9794;145;200;1;land;false;forest;7
9795;94;208;1;land;false;forest;7
9796;136;202;1;land;false;forest;7
9797;94;203;1;land;true;jungle;7
9798;126;254;1;land;false;forest;7
9799;128;196;1;land;false;jungle;7
9800;91;199;1;land;true;jungle;7
9801;162;223;1;land;false;forest;7
9802;97;200;1;land;true;forest;7
9803;117;228;1;land;false;forest;7
9804;96;196;1;land;false;jungle;7
9805;114;250;1;land;false;forest;7
9806;133;239;1;land;false;jungle;7
9807;160;243;1;land;true;forest;7
9808;92;241;1;land;false;forest;7
9809;41;192;1;land;false;forest;7
9810;15;226;1;land;false;forest;7
9811;32;214;1;land;false;jungle;7
9812;68;226;1;land;false;jungle;7
9813;79;213;1;land;false;forest;7
9814;19;180;1;land;false;forest;7
9815;42;240;1;land;false;forest;7
9816;61;235;1;land;false;forest;7
9817;4;209;1;land;false;jungle;7
9818;8;177;1;land;false;jungle;7
9819;32;204;1;land;false;jungle;7
9820;35;189;1;land;false;forest;7
9821;47;183;1;land;false;forest;7
9822;13;186;1;land;false;forest;7
9823;29;180;1;land;false;jungle;7
9824;55;180;1;land;false;jungle;7
9825;28;215;1;land;false;jungle;7
9826;43;182;1;land;false;forest;7
9827;60;184;1;land;false;forest;7
9828;6;189;1;land;false;jungle;7
9829;77;240;1;land;false;forest;7
9830;49;226;1;land;false;jungle;7
9831;4;220;1;land;false;jungle;7
9832;59;216;1;land;false;forest;7
9833;56;207;1;land;false;forest;7
9834;59;219;1;land;false;forest;7
9835;36;172;1;land;false;jungle;7
9836;68;221;1;land;false;forest;7
9837;12;179;1;land;false;forest;7
9838;51;232;1;land;false;jungle;7
9839;74;168;1;land;false;jungle;7
9840;79;199;1;land;false;forest;7
9841;39;190;1;land;false;forest;7
9842;40;210;1;land;false;jungle;7
9843;2;208;1;land;false;forest;7
9844;9;174;1;land;false;jungle;7
9845;38;183;1;land;false;jungle;7
9846;67;207;1;land;false;forest;7
9847;69;196;1;land;false;jungle;7
9848;40;243;1;land;false;forest;7
9849;41;227;1;land;false;jungle;7
9850;43;185;1;land;false;forest;7
9851;6;201;1;land;false;forest;7
9852;5;178;1;land;false;hills;7
9853;175;71;1;land;false;jungle;7
9854;108;84;1;land;false;jungle;7
9855;132;70;1;land;false;jungle;7
9856;169;98;1;land;false;jungle;7
9857;137;64;1;land;false;jungle;7
9858;102;112;1;land;false;jungle;7
9859;125;85;1;land;true;jungle;7
9860;146;58;1;land;false;jungle;7
9861;161;75;1;land;false;jungle;7
9862;171;113;1;land;false;jungle;7
9863;141;72;1;land;false;forest;7
9864;106;81;1;land;false;jungle;7
9865;168;112;1;land;true;jungle;7
9866;147;65;1;land;false;jungle;7
9867;142;61;1;land;false;jungle;7
9868;116;80;1;land;false;jungle;7
9869;115;104;1;land;true;forest;7
9870;100;76;1;land;true;jungle;7
9871;169;57;1;land;false;forest;7
9872;107;125;1;land;false;jungle;7
9873;135;70;1;land;true;forest;7
9874;146;57;1;land;false;forest;7
9875;113;133;1;land;false;forest;7
9876;119;124;1;land;false;jungle;7
9877;138;91;1;land;false;jungle;7
9878;127;83;1;land;false;jungle;7
9879;116;89;1;land;true;jungle;7
9880;140;57;1;land;false;jungle;7
9881;134;126;1;land;false;jungle;7
9882;132;127;1;land;false;jungle;7
9883;139;128;1;land;true;forest;7
9884;145;61;1;land;true;jungle;7
9885;168;79;1;land;false;forest;7
9886;107;91;1;land;false;jungle;7
9887;99;78;1;land;false;forest;7
9888;109;93;1;land;true;forest;7
9889;171;57;1;land;false;jungle;7
9890;171;80;1;land;false;jungle;7
9891;108;124;1;land;true;jungle;7
9892;105;92;1;land;false;forest;7
9893;139;87;1;land;true;jungle;7
9894;164;126;1;land;false;jungle;7
9895;131;124;1;land;false;forest;7
9896;154;105;1;land;false;jungle;7
9897;171;104;1;land;false;jungle;7
9898;126;115;1;land;false;forest;7
9899;161;88;1;land;false;jungle;7
9900;145;82;1;land;false;forest;7
9901;162;71;1;land;false;jungle;7
9902;175;66;1;land;false;jungle;7
9903;149;66;1;land;false;jungle;7
9904;125;80;1;land;false;jungle;7
9905;164;85;1;land;false;jungle;7
9906;155;78;1;land;false;jungle;7
9907;140;127;1;land;false;forest;7
9908;140;119;1;land;false;forest;7
9909;122;105;1;land;false;jungle;7
9910;155;74;1;land;false;forest;7
9911;165;123;1;land;false;jungle;7
9912;104;112;1;land;false;jungle;7
9913;153;65;1;land;false;jungle;7
9914;123;116;1;land;false;jungle;7
9915;159;81;1;land;false;jungle;7
9916;141;68;1;land;true;jungle;7
9917;100;80;1;land;true;forest;7
9918;152;111;1;land;false;jungle;7
9919;116;28;1;land;true;jungle;7
9920;153;31;1;land;false;plains;7
9921;160;59;1;land;false;plains;7
9922;152;8;1;land;false;plains;7
9923;154;53;1;land;false;jungle;7
9924;148;74;1;land;false;forest;7
9925;168;78;1;land;false;plains;7
9926;158;76;1;land;true;jungle;7
9927;141;53;1;land;false;forest;7
9928;174;22;1;land;false;plains;7
9929;118;81;1;land;false;plains;7
9930;124;9;1;land;true;plains;7
9931;128;40;1;land;false;jungle;7
9932;29;58;1;land;true;jungle;7
9933;22;65;1;land;false;jungle;7
9934;24;13;1;land;false;forest;7
9935;24;49;1;land;false;jungle;7
9936;34;77;1;land;false;forest;7
9937;29;67;1;land;true;forest;7
9938;8;18;1;land;true;forest;7
9939;20;36;1;land;false;forest;7
9940;9;49;1;land;false;forest;7
9941;7;45;1;land;true;forest;7
9942;37;23;1;land;true;forest;7
9943;10;26;1;land;false;forest;7
9944;26;19;1;land;false;forest;7
9945;9;13;1;land;false;forest;7
9946;10;30;1;land;false;forest;7
9947;28;74;1;land;false;jungle;7
9948;14;79;1;land;false;forest;7
9949;17;29;1;land;false;jungle;7
9950;7;30;1;land;false;jungle;7
9951;31;14;1;land;false;jungle;7
9952;37;21;1;land;false;forest;7
9953;11;26;1;land;true;forest;7
9954;4;80;1;land;false;forest;7
9955;40;68;1;land;true;forest;7
9956;25;31;1;land;true;forest;7
9957;11;47;1;land;false;forest;7
9958;13;68;1;land;false;forest;7
9959;26;67;1;land;false;forest;7
9960;11;57;1;land;false;forest;7
9961;19;22;1;land;false;jungle;7
9962;40;25;1;land;false;forest;7
9963;1;19;1;land;false;forest;7
9964;13;15;1;land;false;forest;7
9965;0;27;1;land;false;jungle;7
9966;14;53;1;land;false;jungle;7
9967;31;80;1;land;false;forest;7
9968;7;11;1;land;false;forest;7
9969;22;80;1;land;false;jungle;7
9970;119;234;1;land;false;jungle;7
9971;158;213;1;land;false;jungle;7
9972;147;225;1;land;false;jungle;7
9973;152;235;1;land;false;jungle;7
9974;158;241;1;land;false;jungle;7
9975;132;246;1;land;false;jungle;7
9976;115;228;1;land;false;jungle;7
9977;130;216;1;land;false;jungle;7
9978;141;217;1;land;false;jungle;7
9979;164;212;1;land;false;jungle;7
9980;167;228;1;land;false;jungle;7
9981;188;234;1;land;false;jungle;7
9982;145;210;1;land;false;jungle;7
9983;153;234;1;land;false;jungle;7
9984;130;223;1;land;false;forest;7
9985;164;233;1;land;false;jungle;7
9986;134;223;1;land;false;jungle;7
9987;14;42;1;land;false;jungle;7
9988;11;49;1;land;false;forest;7
9989;31;24;1;land;false;forest;7
9990;4;67;1;land;false;forest;7
9991;51;22;1;land;false;jungle;7
9992;5;84;1;land;true;jungle;7
9993;44;33;1;land;false;forest;7
9994;46;82;1;land;false;jungle;7
9995;15;44;1;land;true;forest;7
9996;16;77;1;land;false;jungle;7
9997;14;25;1;land;false;forest;7
9998;9;38;1;land;false;jungle;7
9999;39;54;1;land;false;forest;7
10000;58;44;1;land;true;jungle;7
10001;14;38;1;land;false;jungle;7
10002;25;87;1;land;false;jungle;7
10003;10;23;1;land;false;forest;7
10004;12;18;1;land;false;jungle;7
10005;243;214;1;land;true;plains;7
10006;238;216;1;land;true;plains;7
10007;30;122;1;land;true;forest;7
10008;30;95;1;land;true;jungle;7
10009;23;125;1;land;false;jungle;7
10010;25;115;1;land;false;jungle;7
10011;18;124;1;land;true;jungle;7
10012;46;118;1;land;false;jungle;7
10013;61;137;1;land;true;forest;7
10014;24;88;1;land;false;jungle;7
10015;55;139;1;land;false;forest;7
10016;216;85;1;land;true;jungle;7
10017;178;138;1;land;true;forest;7
10018;173;142;1;land;true;jungle;7
10019;198;73;1;land;true;jungle;7
10020;187;83;1;land;false;jungle;7
10021;238;148;1;land;false;jungle;7
10022;190;152;1;land;false;jungle;7
10023;181;92;1;land;false;jungle;7
10024;198;94;1;land;false;jungle;7
10025;110;51;1;land;false;jungle;7
10026;100;59;1;land;false;jungle;7
10027;145;91;1;land;false;jungle;7
10028;124;53;1;land;false;jungle;7
10029;104;90;1;land;false;jungle;7
10030;106;78;1;land;false;jungle;7
10031;103;87;1;land;false;jungle;7
10032;165;70;1;land;false;jungle;7
10033;164;98;1;land;false;jungle;7
10034;142;104;1;land;false;jungle;7
10035;124;119;1;land;false;jungle;7
10036;103;76;1;land;false;jungle;7
10037;137;94;1;land;false;jungle;7
10038;141;93;1;land;false;hills;7
10039;108;92;1;land;false;jungle;7
10040;154;95;1;land;false;jungle;7
10041;124;85;1;land;false;jungle;7
10042;123;104;1;land;false;jungle;7
10043;124;52;1;land;false;jungle;7
10044;105;64;1;land;false;jungle;7
10045;120;81;1;land;false;jungle;7
10046;153;126;1;land;false;jungle;7
10047;158;253;1;land;false;jungle;7
10048;111;239;1;land;false;forest;7
10049;140;227;1;land;false;forest;7
10050;119;209;1;land;false;jungle;7
10051;171;214;1;land;false;forest;7
10052;130;204;1;land;false;forest;7
10053;116;224;1;land;false;jungle;7
10054;142;230;1;land;false;forest;7
10055;144;213;1;land;false;jungle;7
10056;112;244;1;land;false;jungle;7
10057;98;19;1;land;true;jungle;7
10058;108;25;1;land;false;jungle;7
10059;111;40;1;land;false;forest;7
10060;106;15;1;land;true;forest;7
10061;94;16;1;land;true;jungle;7
10062;100;38;1;land;false;forest;7
10063;108;38;1;land;false;forest;7
10064;81;15;1;land;false;jungle;7
10065;84;9;1;land;false;forest;7
10066;118;4;1;land;true;jungle;7
10067;80;49;1;land;false;jungle;7
10068;100;7;1;land;false;jungle;7
10069;133;55;1;land;true;forest;7
10070;63;49;1;land;true;jungle;7
10071;111;52;1;land;false;jungle;7
10072;125;6;1;land;false;forest;7
10073;121;2;1;land;true;jungle;7
10074;77;25;1;land;true;jungle;7
10075;120;17;1;land;true;jungle;7
10076;62;28;1;land;false;jungle;7
10077;123;43;1;land;true;forest;7
10078;108;17;1;land;false;forest;7
10079;129;10;1;land;false;forest;7
10080;131;4;1;land;false;jungle;7
10081;87;16;1;land;false;forest;7
10082;109;46;1;land;true;forest;7
10083;100;41;1;land;false;forest;7
10084;105;49;1;land;true;jungle;7
10085;56;18;1;land;false;forest;7
10086;90;49;1;land;true;jungle;7
10087;101;3;1;land;false;jungle;7
10088;127;54;1;land;true;jungle;7
10089;117;25;1;land;false;jungle;7
10090;112;12;1;land;true;jungle;7
10091;104;1;1;land;false;jungle;7
10092;78;34;1;land;true;forest;7
10093;194;135;1;land;false;forest;7
10094;208;174;1;land;true;forest;7
10095;192;129;1;land;false;jungle;7
10096;232;131;1;land;true;jungle;7
10097;221;110;1;land;true;jungle;7
10098;209;119;1;land;true;plains;7
10099;226;124;1;land;false;jungle;7
10100;243;156;1;land;true;urban;7
10101;204;166;1;land;false;forest;7
10102;235;117;1;land;false;jungle;7
10103;173;172;1;land;false;jungle;7
10104;236;117;1;land;false;jungle;7
10105;237;119;1;land;true;forest;7
10106;208;119;1;land;true;forest;7
10107;177;122;1;land;true;jungle;7
10108;211;99;1;land;false;jungle;7
10109;247;145;1;land;false;forest;7
10110;212;146;1;land;true;forest;7
10111;217;172;1;land;false;jungle;7
10112;231;165;1;land;false;jungle;7
10113;190;135;1;land;true;forest;7
10114;182;161;1;land;false;forest;7
10115;243;100;1;land;true;forest;7
10116;75;83;1;land;false;jungle;7
10117;74;34;1;land;false;jungle;7
10118;81;77;1;land;false;forest;7
10119;87;56;1;land;false;forest;7
10120;95;45;1;land;false;jungle;7
10121;50;8;1;land;false;jungle;7
10122;86;52;1;land;false;jungle;7
10123;94;19;1;land;false;jungle;7
10124;81;72;1;land;false;jungle;7
10125;51;21;1;land;false;forest;7
10126;118;78;1;land;false;jungle;7
10127;67;61;1;land;false;jungle;7
10128;87;76;1;land;false;forest;7
10129;68;24;1;land;false;jungle;7
10130;122;32;1;land;false;jungle;7
10131;82;8;1;land;false;jungle;7
10132;122;67;1;land;false;jungle;7
10133;108;53;1;land;false;jungle;7
10134;60;55;1;land;false;jungle;7
10135;241;172;1;land;false;jungle;7
10136;234;141;1;land;false;forest;7
10137;220;177;1;land;false;forest;7
10138;238;165;1;land;false;jungle;7
10139;222;124;1;land;false;forest;7
10140;246;157;1;land;false;jungle;7
10141;235;178;1;land;false;jungle;7
10142;210;149;1;land;false;jungle;7
10143;246;146;1;land;false;jungle;7
10144;226;175;1;land;false;jungle;7
10145;213;138;1;land;false;jungle;7
10146;221;125;1;land;false;jungle;7
10147;234;180;1;land;false;jungle;7
10148;244;172;1;land;false;jungle;7
10149;214;116;1;land;false;forest;7
10150;216;171;1;land;false;jungle;7
10151;239;137;1;land;false;jungle;7
10152;247;119;1;land;false;jungle;7
10153;248;134;1;land;false;jungle;7
10154;227;139;1;land;false;jungle;7
10155;230;179;1;land;false;forest;7
10156;57;163;1;land;false;jungle;7
10157;134;131;1;land;false;jungle;7
10158;60;146;1;land;false;jungle;7
10159;113;129;1;land;false;forest;7
10160;83;163;1;land;true;jungle;7
10161;126;138;1;land;false;jungle;7
10162;57;131;1;land;false;forest;7
10163;83;155;1;land;false;jungle;7
10164;84;162;1;land;false;forest;7
10165;86;142;1;land;false;jungle;7
10166;60;193;1;land;false;forest;7
10167;111;122;1;land;false;jungle;7
10168;107;171;1;land;true;jungle;7
10169;124;185;1;land;true;jungle;7
10170;100;138;1;land;false;forest;7
10171;64;140;1;land;false;jungle;7
10172;97;197;1;land;false;jungle;7
10173;61;159;1;land;false;forest;7
10174;96;153;1;land;true;jungle;7
10175;66;190;1;land;false;forest;7
10176;108;151;1;land;false;forest;7
10177;72;128;1;land;false;jungle;7
10178;129;166;1;land;false;forest;7
10179;73;175;1;land;false;forest;7
10180;72;175;1;land;false;jungle;7
10181;112;178;1;land;true;jungle;7
10182;67;157;1;land;false;jungle;7
10183;71;149;1;land;true;jungle;7
10184;68;173;1;land;false;forest;7
10185;117;171;1;land;false;forest;7
10186;61;128;1;land;false;jungle;7
10187;71;133;1;land;false;jungle;7
10188;89;175;1;land;false;forest;7
10189;133;137;1;land;false;forest;7
10190;135;121;1;land;false;forest;7
10191;131;176;1;land;false;jungle;7
10192;103;151;1;land;false;jungle;7
10193;85;161;1;land;false;jungle;7
10194;74;122;1;land;false;jungle;7
10195;74;190;1;land;false;jungle;7
10196;85;163;1;land;false;jungle;7
10197;49;233;1;land;false;forest;7
10198;60;163;1;land;false;forest;7
10199;11;160;1;land;false;forest;7
10200;63;171;1;land;false;jungle;7
10201;77;209;1;land;false;forest;7
10202;24;169;1;land;false;jungle;7
10203;16;221;1;land;false;forest;7
10204;69;228;1;land;false;jungle;7
10205;78;165;1;land;false;jungle;7
10206;55;212;1;land;false;forest;7
10207;44;206;1;land;false;jungle;7
10208;67;184;1;land;false;forest;7
10209;71;203;1;land;false;jungle;7
10210;11;229;1;land;false;forest;7
10211;37;197;1;land;false;forest;7
10212;49;206;1;land;false;jungle;7
10213;62;238;1;land;false;forest;7
10214;36;165;1;land;false;forest;7
10215;16;170;1;land;false;forest;7
10216;8;183;1;land;false;forest;7
10217;79;164;1;land;false;forest;7
10218;80;178;1;land;false;forest;7
10219;43;179;1;land;false;jungle;7
10220;1;223;1;land;false;forest;7
10221;51;229;1;land;false;jungle;7
10222;76;190;1;land;false;forest;7
10223;39;236;1;land;false;jungle;7
10224;72;194;1;land;false;forest;7
10225;62;180;1;land;false;jungle;7
10226;48;203;1;land;false;forest;7
10227;32;201;1;land;false;hills;7
10228;25;190;1;land;false;forest;7
10229;42;169;1;land;false;forest;7
10230;177;70;1;land;false;jungle;7
10231;179;63;1;land;false;jungle;7
10232;200;72;1;land;false;forest;7
10233;197;23;1;land;true;jungle;7
10234;231;52;1;land;true;jungle;7
10235;236;23;1;land;false;jungle;7
10236;201;88;1;land;true;jungle;7
10237;202;55;1;land;false;forest;7
10238;191;45;1;land;false;jungle;7
10239;182;43;1;land;false;forest;7
10240;207;34;1;land;false;jungle;7
10241;168;72;1;land;false;forest;7
10242;173;64;1;land;false;jungle;7
10243;210;92;1;land;false;jungle;7
10244;172;52;1;land;false;jungle;7
10245;193;88;1;land;false;forest;7
10246;192;30;1;land;false;forest;7
10247;213;66;1;land;false;forest;7
10248;192;91;1;land;true;jungle;7
10249;212;64;1;land;false;jungle;7
10250;166;84;1;land;false;jungle;7
10251;12;185;1;land;true;forest;7
10252;7;188;1;land;true;forest;7
10253;15;140;1;land;true;jungle;7
10254;63;185;1;land;true;forest;7
10255;64;151;1;land;false;forest;7
10256;24;195;1;land;true;forest;7
10257;62;167;1;land;true;forest;7
10258;5;186;1;land;false;forest;7
10259;62;193;1;land;true;plains;7
10260;17;203;1;land;false;plains;7
10261;25;173;1;land;true;forest;7
10262;22;179;1;land;true;jungle;7
10263;18;152;1;land;false;forest;7
10264;14;133;1;land;true;forest;7
10265;175;200;1;land;false;forest;7
10266;227;196;1;land;false;forest;7
10267;219;239;1;land;false;forest;7
10268;183;197;1;land;false;forest;7
10269;218;210;1;land;false;forest;7
10270;224;181;1;land;true;forest;7
10271;178;231;1;land;false;forest;7
10272;168;202;1;land;false;forest;7
10273;182;206;1;land;false;forest;7
10274;223;188;1;land;false;forest;7
10275;157;208;1;land;false;forest;7
10276;174;174;1;land;false;forest;7
10277;207;178;1;land;false;jungle;7
10278;217;101;1;land;false;jungle;7
10279;205;150;1;land;false;jungle;7
10280;200;127;1;land;true;forest;7
10281;175;100;1;land;true;jungle;7
10282;183;125;1;land;false;forest;7
10283;239;177;1;land;true;jungle;7
10284;184;166;1;land;false;forest;7
10285;184;175;1;land;false;forest;7
10286;182;123;1;land;false;forest;7
10287;232;157;1;land;false;jungle;7
10288;243;154;1;land;false;forest;7
10289;229;103;1;land;false;forest;7
10290;198;101;1;land;false;forest;7
10291;207;131;1;land;false;forest;7
10292;216;234;1;land;false;hills;7
10293;200;233;1;land;false;jungle;7
10294;176;213;1;land;false;forest;7
10295;226;241;1;land;false;hills;7
10296;163;248;1;land;false;hills;7
10297;161;231;1;land;false;forest;7
10298;220;199;1;land;false;jungle;7
10299;232;237;1;land;false;jungle;7
10300;193;252;1;land;false;hills;7
10301;235;215;1;land;false;jungle;7
10302;236;200;1;land;false;forest;7
10303;207;235;1;land;false;hills;7
10304;182;252;1;land;false;jungle;7
10305;141;229;1;land;false;jungle;7
10306;165;214;1;land;false;jungle;7
10307;182;193;1;land;true;plains;7
10308;121;222;1;land;false;plains;7
10309;156;195;1;land;false;jungle;7
10310;191;206;1;land;false;jungle;7
10311;157;248;1;land;false;jungle;7
10312;121;187;1;land;true;plains;7
10313;137;187;1;land;false;jungle;7
10314;128;246;1;land;true;plains;7
10315;228;204;1;land;true;jungle;7
10316;223;185;1;land;false;jungle;7
10317;165;187;1;land;true;jungle;7
10318;228;196;1;land;true;jungle;7
10319;202;203;1;land;false;jungle;7
10320;204;236;1;land;true;jungle;7
10321;58;213;1;land;false;forest;7
10322;6;231;1;land;false;hills;7
10323;10;249;1;land;false;forest;7
10324;35;234;1;land;false;forest;7
10325;23;243;1;land;false;forest;7
10326;56;249;1;land;false;forest;7
10327;4;216;1;land;false;jungle;7
10328;5;219;1;land;false;jungle;7
10329;73;221;1;land;false;forest;7
10330;4;226;1;land;false;hills;7
10331;18;253;1;land;false;forest;7
10332;26;224;1;land;false;hills;7
10333;44;222;1;land;false;forest;7
10334;64;226;1;land;false;forest;7
10335;71;250;1;land;false;hills;7
10336;27;232;1;land;false;jungle;7
10337;71;239;1;land;false;forest;7
10338;58;249;1;land;false;forest;7
10339;15;220;1;land;false;jungle;7
10340;181;205;1;land;false;jungle;7
10341;219;244;1;land;false;jungle;7
10342;214;229;1;land;false;jungle;7
10343;178;226;1;land;false;jungle;7
10344;199;239;1;land;false;jungle;7
10345;231;213;1;land;false;jungle;7
10346;190;240;1;land;false;jungle;7
10347;172;201;1;land;false;jungle;7
10348;195;211;1;land;false;jungle;7
10349;213;198;1;land;true;jungle;7
10350;233;236;1;land;true;jungle;7
10351;243;223;1;land;false;jungle;7
10352;253;206;1;land;false;forest;7
10353;228;208;1;land;false;jungle;7
10354;220;228;1;land;true;forest;7
10355;240;245;1;land;true;jungle;7
10356;214;237;1;land;false;forest;7
10357;226;252;1;land;false;forest;7
10358;239;235;1;land;false;forest;7
10359;251;233;1;land;false;jungle;7
10360;227;209;1;land;false;jungle;7
10361;226;216;1;land;false;jungle;7
10362;252;217;1;land;false;jungle;7
10363;235;197;1;land;true;forest;7
10364;217;253;1;land;false;forest;7
10365;245;210;1;land;true;forest;7
10366;230;231;1;land;false;jungle;7
10367;215;213;1;land;false;forest;7
10368;228;233;1;land;false;forest;7
10369;219;221;1;land;true;forest;7
10370;220;226;1;land;false;urban;7
10371;239;240;1;land;false;jungle;7
10372;198;183;1;land;false;jungle;7
10373;239;205;1;land;false;forest;7
10374;234;225;1;land;false;jungle;7
10375;222;193;1;land;false;jungle;7
10376;189;231;1;land;false;forest;7
10377;232;236;1;land;false;jungle;7
10378;244;229;1;land;false;jungle;7
10379;228;182;1;land;false;jungle;7
10380;187;215;1;land;false;forest;7
10381;217;231;1;land;false;jungle;7
10382;241;245;1;land;false;jungle;7
10383;221;215;1;land;false;forest;7
10384;186;244;1;land;false;forest;7
10385;187;181;1;land;false;jungle;7
10386;251;186;1;land;false;jungle;7
10387;201;241;1;land;false;jungle;7
10388;243;253;1;land;false;jungle;7
10389;246;237;1;land;false;jungle;7
10390;177;253;1;land;false;jungle;7
10391;191;184;1;land;false;jungle;7
10392;207;252;1;land;false;jungle;7
10393;188;216;1;land;false;jungle;7
10394;213;245;1;land;true;jungle;7
10395;231;207;1;land;false;jungle;7
10396;176;243;1;land;false;forest;7
10397;252;245;1;land;false;jungle;7
10398;230;228;1;land;true;jungle;7
10399;177;202;1;land;false;jungle;7
10400;238;250;1;land;false;jungle;7
10401;197;184;1;land;false;jungle;7
10402;201;227;1;land;false;jungle;7
10403;214;232;1;land;false;jungle;7
10404;217;187;1;land;false;forest;7
10405;254;245;1;land;false;jungle;7
10406;224;204;1;land;false;jungle;7
10407;191;233;1;land;false;jungle;7
10408;218;225;1;land;false;jungle;7
10409;208;227;1;land;false;forest;7
10410;224;218;1;land;false;jungle;7
10411;241;224;1;land;false;jungle;7
10412;213;179;1;land;true;jungle;7
10413;216;191;1;land;false;jungle;7
10414;215;201;1;land;false;jungle;7
10415;203;185;1;land;false;jungle;7
10416;201;194;1;land;false;forest;7
10417;242;221;1;land;false;jungle;7
10418;217;254;1;land;false;jungle;7
10419;241;251;1;land;false;jungle;7
10420;250;235;1;land;false;jungle;7
10421;187;198;1;land;false;jungle;7
10422;254;195;1;land;false;jungle;7
10423;202;216;1;land;false;forest;7
10424;202;185;1;land;true;jungle;7
10425;207;234;1;land;true;forest;7
10426;201;250;1;land;false;jungle;7
10427;180;241;1;land;false;forest;7
10428;221;209;1;land;false;forest;7
10429;252;215;1;land;false;jungle;7
10430;213;220;1;land;false;jungle;7
10431;220;217;1;land;false;forest;7
10432;238;195;1;land;false;jungle;7
10433;191;190;1;land;false;jungle;7
10434;190;213;1;land;false;jungle;7
10435;185;182;1;land;false;jungle;7
10436;192;206;1;land;false;jungle;7
10437;177;236;1;land;false;jungle;7
10438;174;227;1;land;false;jungle;7
10439;139;201;1;land;false;jungle;7
10440;145;208;1;land;false;jungle;7
10441;160;183;1;land;false;jungle;7
10442;137;210;1;land;true;jungle;7
10443;178;201;1;land;false;jungle;7
10444;191;199;1;land;false;jungle;7
10445;119;175;1;land;true;jungle;7
10446;190;202;1;land;false;jungle;7
10447;137;193;1;land;false;jungle;7
10448;195;214;1;land;false;jungle;7
10449;184;229;1;land;false;jungle;7
10450;150;226;1;land;false;jungle;7
10451;144;168;1;land;false;jungle;7
10452;151;163;1;land;false;jungle;7
10453;130;235;1;land;false;jungle;7
10454;121;168;1;land;false;jungle;7
10455;164;181;1;land;false;jungle;7
10456;152;228;1;land;false;jungle;7
10457;118;223;1;land;false;jungle;7
10458;194;194;1;land;true;jungle;7
10459;174;237;1;land;false;jungle;7
10460;139;180;1;land;false;jungle;7
10461;153;196;1;land;false;jungle;7
10462;159;200;1;land;false;jungle;7
10463;142;226;1;land;false;jungle;7
10464;126;182;1;land;false;jungle;7
10465;195;160;1;land;false;jungle;7
10466;152;205;1;land;false;jungle;7
10467;164;179;1;land;false;jungle;7
10468;174;211;1;land;false;jungle;7
10469;141;206;1;land;true;jungle;7
10470;154;238;1;land;false;jungle;7
10471;159;161;1;land;false;jungle;7
10472;192;189;1;land;false;jungle;7
10473;147;172;1;land;false;jungle;7
10474;121;219;1;land;false;jungle;7
10475;152;55;1;land;false;jungle;7
10476;183;69;1;land;false;jungle;7
10477;198;95;1;land;false;forest;7
10478;222;31;1;land;false;jungle;7
10479;144;19;1;land;false;jungle;7
10480;151;52;1;land;true;forest;7
10481;189;50;1;land;false;jungle;7
10482;166;80;1;land;false;jungle;7
10483;220;36;1;land;false;jungle;7
10484;174;79;1;land;false;jungle;7
10485;199;45;1;land;false;jungle;7
10486;173;44;1;land;false;jungle;7
10487;176;97;1;land;false;jungle;7
10488;214;68;1;land;true;forest;7
10489;166;78;1;land;false;jungle;7
10490;149;44;1;land;false;jungle;7
10491;162;85;1;land;false;jungle;7
10492;200;21;1;land;false;jungle;7
10493;191;57;1;land;false;jungle;7
10494;153;21;1;land;false;jungle;7
10495;215;52;1;land;false;jungle;7
10496;159;39;1;land;false;jungle;7
10497;161;55;1;land;true;forest;7
10498;197;38;1;land;false;jungle;7
10499;190;36;1;land;false;jungle;7
10500;173;223;1;land;true;plains;7
10501;176;184;1;land;true;plains;7
10502;171;208;1;land;true;forest;7
10503;206;77;1;land;false;forest;7
10504;228;1;1;land;false;jungle;7
10505;179;3;1;land;false;jungle;7
10506;178;19;1;land;false;jungle;7
10507;164;46;1;land;true;forest;7
10508;222;26;1;land;false;jungle;7
10509;210;8;1;land;false;forest;7
10510;190;50;1;land;true;forest;7
10511;175;15;1;land;false;forest;7
10512;187;131;1;land;true;forest;7
10513;190;132;1;land;false;jungle;7
10514;195;129;1;land;true;forest;7
10515;175;105;1;land;true;forest;7
10516;228;154;1;land;false;forest;7
10517;178;136;1;land;false;hills;7
10518;185;96;1;land;false;jungle;7
10519;164;158;1;land;true;forest;7
10520;223;137;1;land;false;jungle;7
10521;188;109;1;land;true;jungle;7
10522;226;125;1;land;false;forest;7
10523;165;149;1;land;false;forest;7
10524;200;109;1;land;false;jungle;7
10525;178;113;1;land;true;forest;7
10526;224;157;1;land;false;forest;7
10527;238;155;1;land;false;forest;7
10528;225;124;1;land;false;forest;7
10529;238;111;1;land;false;hills;7
10530;168;156;1;land;true;forest;7
10531;214;108;1;land;false;forest;7
10532;181;144;1;land;false;jungle;7
10533;171;163;1;land;false;hills;7
10534;171;147;1;land;false;forest;7
10535;216;110;1;land;false;forest;7
10536;190;111;1;land;false;forest;7
10537;235;157;1;land;false;jungle;7
10538;204;141;1;land;true;jungle;7
10539;223;115;1;land;true;forest;7
10540;168;166;1;land;false;forest;7
10541;241;132;1;land;false;jungle;7
10542;178;110;1;land;false;forest;7
10543;207;96;1;land;true;jungle;7
10544;223;141;1;land;false;forest;7
10545;173;99;1;land;false;jungle;7
10546;173;91;1;land;false;jungle;7
10547;188;142;1;land;true;jungle;7
10548;210;117;1;land;false;jungle;7
10549;233;133;1;land;false;jungle;7
10550;181;159;1;land;true;jungle;7
10551;190;99;1;land;true;jungle;7
10552;231;149;1;land;false;jungle;7
10553;218;133;1;land;false;jungle;7
10554;182;147;1;land;false;jungle;7
10555;180;124;1;land;true;jungle;7
10556;245;157;1;land;false;forest;7
10557;186;163;1;land;true;forest;7
10558;180;147;1;land;true;jungle;7
10559;184;95;1;land;false;jungle;7
10560;229;97;1;land;false;jungle;7
10561;164;2;1;land;false;jungle;7
10562;169;37;1;land;false;jungle;7
10563;161;6;1;land;true;jungle;7
10564;140;33;1;land;false;jungle;7
10565;153;10;1;land;false;jungle;7
10566;163;35;1;land;true;jungle;7
10567;106;63;1;land;false;jungle;7
10568;170;40;1;land;false;forest;7
10569;142;9;1;land;false;jungle;7
10570;132;0;1;land;false;jungle;7
10571;146;37;1;land;false;jungle;7
10572;103;58;1;land;false;forest;7
10573;102;15;1;land;false;jungle;7
10574;145;46;1;land;true;forest;7
10575;131;72;1;land;false;jungle;7
10576;131;45;1;land;false;jungle;7
10577;139;61;1;land;false;jungle;7
10578;119;39;1;land;false;forest;7
10579;125;29;1;land;false;jungle;7
10580;137;9;1;land;false;jungle;7
10581;165;58;1;land;false;jungle;7
10582;146;2;1;land;false;jungle;7
10583;143;64;1;land;false;jungle;7
10584;139;51;1;land;false;jungle;7
10585;93;2;1;land;false;jungle;7
10586;157;48;1;land;false;jungle;7
10587;150;26;1;land;false;forest;7
10588;138;75;1;land;false;forest;7
10589;93;13;1;land;false;jungle;7
10590;108;18;1;land;true;jungle;7
10591;121;64;1;land;false;jungle;7
10592;157;8;1;land;false;jungle;7
10593;133;2;1;land;false;jungle;7
10594;121;20;1;land;false;jungle;7
10595;159;40;1;land;false;jungle;7
10596;138;23;1;land;false;jungle;7
10597;95;46;1;land;false;jungle;7
10598;128;37;1;land;false;jungle;7
10599;148;52;1;land;true;forest;7
10600;160;40;1;land;false;forest;7
10601;99;39;1;land;false;jungle;7
10602;120;75;1;land;false;forest;7
10603;110;61;1;land;false;jungle;7
10604;160;65;1;land;false;jungle;7
10605;124;78;1;land;true;jungle;7
10606;135;23;1;land;false;jungle;7
10607;116;31;1;land;false;jungle;7
10608;146;29;1;land;false;jungle;7
10609;126;73;1;land;false;jungle;7
10610;109;126;1;land;false;forest;7
10611;72;117;1;land;false;forest;7
10612;115;50;1;land;false;forest;7
10613;124;63;1;land;false;hills;7
10614;59;79;1;land;false;jungle;7
10615;78;120;1;land;false;jungle;7
10616;88;55;1;land;false;forest;7
10617;133;127;1;land;false;forest;7
10618;128;64;1;land;false;forest;7
10619;61;87;1;land;false;forest;7
10620;71;107;1;land;false;forest;7
10621;88;108;1;land;false;jungle;7
10622;71;126;1;land;false;forest;7
10623;105;111;1;land;false;forest;7
10624;71;114;1;land;false;jungle;7
10625;135;102;1;land;false;forest;7
10626;131;52;1;land;false;forest;7
10627;112;72;1;land;false;forest;7
10628;118;55;1;land;false;forest;7
10629;62;77;1;land;false;forest;7
10630;129;49;1;land;false;jungle;7
10631;114;80;1;land;false;jungle;7
10632;123;105;1;land;false;jungle;7
10633;129;99;1;land;false;forest;7
10634;66;58;1;land;false;forest;7
10635;70;68;1;land;false;jungle;7
10636;129;70;1;land;false;forest;7
10637;73;95;1;land;false;jungle;7
10638;106;99;1;land;false;jungle;7
10639;76;109;1;land;false;jungle;7
10640;136;88;1;land;false;forest;7
10641;58;111;1;land;false;jungle;7
10642;91;119;1;land;false;forest;7
10643;62;53;1;land;false;forest;7
10644;61;126;1;land;false;jungle;7
10645;102;87;1;land;false;jungle;7
10646;88;47;1;land;false;jungle;7
10647;93;104;1;land;false;jungle;7
10648;114;102;1;land;false;jungle;7
10649;96;60;1;land;false;forest;7
10650;88;51;1;land;false;jungle;7
10651;116;115;1;land;false;forest;7
10652;136;69;1;land;false;forest;7
10653;77;73;1;land;false;forest;7
10654;102;119;1;land;false;hills;7
10655;81;76;1;land;false;jungle;7
10656;121;71;1;land;false;jungle;7
10657;125;107;1;land;false;jungle;7
10658;109;56;1;land;false;forest;7
10659;117;70;1;land;false;forest;7
10660;89;62;1;land;false;jungle;7
10661;60;106;1;land;false;forest;7
10662;84;64;1;land;false;forest;7
10663;80;116;1;land;false;jungle;7
10664;110;70;1;land;false;forest;7
10665;74;15;1;land;false;jungle;7
10666;100;57;1;land;false;forest;7
10667;126;38;1;land;false;forest;7
10668;96;40;1;land;false;forest;7
10669;74;0;1;land;false;jungle;7
10670;118;58;1;land;false;forest;7
10671;124;35;1;land;false;jungle;7
10672;81;39;1;land;false;jungle;7
10673;87;2;1;land;false;jungle;7
10674;64;18;1;land;false;jungle;7
10675;63;30;1;land;false;jungle;7
10676;100;1;1;land;true;jungle;7
10677;56;56;1;land;true;jungle;7
10678;130;3;1;land;false;jungle;7
10679;93;0;1;land;false;jungle;7
10680;64;0;1;land;false;forest;7
10681;61;59;1;land;false;forest;7
10682;58;18;1;land;false;forest;7
10683;116;48;1;land;false;jungle;7
10684;130;51;1;land;false;forest;7
10685;126;1;1;land;false;jungle;7
10686;106;155;1;land;true;forest;7
10687;105;166;1;land;false;forest;7
10688;56;190;1;land;false;jungle;7
10689;51;125;1;land;false;forest;7
10690;63;131;1;land;false;forest;7
10691;71;184;1;land;false;forest;7
10692;100;173;1;land;false;forest;7
10693;42;181;1;land;false;jungle;7
10694;104;177;1;land;false;forest;7
10695;65;125;1;land;false;forest;7
10696;80;173;1;land;false;jungle;7
10697;108;138;1;land;false;forest;7
10698;148;105;1;land;true;jungle;7
10699;120;120;1;land;false;forest;7
10700;133;118;1;land;true;jungle;7
10701;92;161;1;land;false;forest;7
10702;108;136;1;land;false;forest;7
10703;121;185;1;land;true;jungle;7
10704;87;107;1;land;false;jungle;7
10705;83;62;1;land;false;jungle;7
10706;126;90;1;land;false;hills;7
10707;72;65;1;land;false;hills;7
10708;76;77;1;land;false;hills;7
10709;100;69;1;land;false;hills;7
10710;103;57;1;land;false;hills;7
10711;82;59;1;land;false;jungle;7
10712;109;95;1;land;false;hills;7
10713;133;119;1;land;false;jungle;7
10714;104;115;1;land;false;jungle;7
10715;96;118;1;land;false;mountain;7
10716;88;111;1;land;false;hills;7
10717;45;50;1;land;false;jungle;7
10718;38;82;1;land;false;forest;7
10719;38;89;1;land;false;forest;7
10720;8;70;1;land;false;forest;7
10721;42;52;1;land;false;forest;7
10722;50;120;1;land;false;jungle;7
10723;44;83;1;land;false;forest;7
10724;25;114;1;land;false;forest;7
10725;25;113;1;land;false;forest;7
10726;45;57;1;land;false;jungle;7
10727;43;55;1;land;false;forest;7
10728;34;61;1;land;false;forest;7
10729;16;63;1;land;false;forest;7
10730;43;118;1;land;false;jungle;7
10731;36;74;1;land;false;forest;7
10732;43;243;1;land;false;jungle;7
10733;60;208;1;land;false;forest;7
10734;61;228;1;land;false;jungle;7
10735;62;233;1;land;false;hills;7
10736;56;224;1;land;false;hills;7
10737;30;216;1;land;false;jungle;7
10738;71;244;1;land;false;jungle;7
10739;5;222;1;land;false;hills;7
10740;196;71;1;land;false;jungle;7
10741;213;109;1;land;false;jungle;7
10742;211;49;1;land;false;jungle;7
10743;203;88;1;land;false;forest;7
10744;195;106;1;land;false;forest;7
10745;248;80;1;land;false;jungle;7
10746;253;98;1;land;false;forest;7
10747;223;68;1;land;false;forest;7
10748;235;86;1;land;false;forest;7
10749;213;50;1;land;false;forest;7
10750;190;96;1;land;false;jungle;7
10751;206;76;1;land;false;forest;7
10752;198;80;1;land;false;jungle;7
10753;241;105;1;land;false;forest;7
10754;233;50;1;land;false;jungle;7
10755;202;33;1;land;false;forest;7
10756;188;104;1;land;false;forest;7
10757;194;34;1;land;false;forest;7
10758;250;37;1;land;false;jungle;7
10759;208;96;1;land;false;forest;7
10760;221;96;1;land;false;jungle;7
10761;246;108;1;land;false;jungle;7
10762;248;47;1;land;false;forest;7
10763;193;35;1;land;false;jungle;7
10764;190;90;1;land;false;jungle;7
10765;252;77;1;land;false;forest;7
10766;242;92;1;land;false;jungle;7
10767;241;55;1;land;false;forest;7
10768;218;89;1;land;false;hills;7
10769;224;96;1;land;false;forest;7
10770;240;102;1;land;false;jungle;7
10771;20;175;1;land;false;jungle;7
10772;42;124;1;land;false;forest;7
10773;24;108;1;land;true;jungle;7
10774;29;167;1;land;false;jungle;7
10775;23;134;1;land;true;jungle;7
10776;47;181;1;land;true;jungle;7
10777;66;110;1;land;false;jungle;7
10778;14;168;1;land;false;jungle;7
10779;3;117;1;land;false;jungle;7
10780;35;107;1;land;false;jungle;7
10781;62;174;1;land;false;forest;7
10782;56;117;1;land;true;jungle;7
10783;38;117;1;land;true;forest;7
10784;12;169;1;land;false;jungle;7
10785;1;165;1;land;false;forest;7
10786;3;106;1;land;true;jungle;7
10787;55;137;1;land;true;jungle;7
10788;6;143;1;land;false;jungle;7
10789;59;118;1;land;false;jungle;7
10790;50;139;1;land;false;forest;7
10791;57;184;1;land;true;forest;7
10792;79;145;1;land;false;jungle;7
10793;11;208;1;land;true;jungle;7
10794;79;172;1;land;true;forest;7
10795;57;174;1;land;false;jungle;7
10796;26;200;1;land;false;forest;7
10797;29;208;1;land;true;jungle;7
10798;85;171;1;land;false;forest;7
10799;156;83;1;land;false;forest;7
10800;127;89;1;land;false;jungle;7
10801;170;127;1;land;false;forest;7
10802;127;91;1;land;false;forest;7
10803;127;100;1;land;false;forest;7
10804;172;93;1;land;false;jungle;7
10805;104;121;1;land;false;jungle;7
10806;142;121;1;land;false;jungle;7
10807;145;119;1;land;false;forest;7
10808;135;127;1;land;false;jungle;7
10809;159;129;1;land;false;jungle;7
10810;112;97;1;land;false;forest;7
10811;111;77;1;land;false;forest;7
10812;160;99;1;land;false;jungle;7
10813;178;64;1;land;false;forest;7
10814;116;77;1;land;false;forest;7
10815;149;118;1;land;false;jungle;7
10816;118;59;1;land;false;forest;7
10817;115;98;1;land;false;jungle;7
10818;111;86;1;land;false;jungle;7
10819;127;129;1;land;false;forest;7
10820;148;122;1;land;false;forest;7
10821;156;104;1;land;false;jungle;7
10822;112;106;1;land;false;jungle;7
10823;141;58;1;land;false;forest;7
10824;167;90;1;land;false;forest;7
10825;145;79;1;land;false;forest;7
10826;119;69;1;land;false;forest;7
10827;88;166;1;land;true;forest;7
10828;36;211;1;land;true;jungle;7
10829;38;216;1;land;true;forest;7
10830;46;161;1;land;true;forest;7
10831;99;179;1;land;false;forest;7
10832;77;218;1;land;false;forest;7
10833;65;184;1;land;true;forest;7
10834;35;205;1;land;false;forest;7
10835;96;173;1;land;false;forest;7
10836;33;148;1;land;true;forest;7
10837;42;156;1;land;false;jungle;7
10838;83;109;1;land;false;forest;7
10839;14;63;1;land;false;forest;7
10840;81;68;1;land;false;forest;7
10841;61;108;1;land;false;forest;7
10842;26;70;1;land;false;forest;7
10843;36;91;1;land;false;forest;7
10844;25;103;1;land;false;jungle;7
10845;54;70;1;land;false;forest;7
10846;208;105;1;land;false;forest;3
10847;215;118;1;land;false;hills;3
10848;209;79;1;land;false;forest;3
10849;210;80;1;land;false;plains;3
10850;201;102;1;land;false;plains;3
10851;192;148;1;land;false;forest;3
10852;237;88;1;land;false;forest;3
10853;235;76;1;land;false;forest;3
10854;207;149;1;land;false;forest;3
10855;164;109;1;land;false;plains;3
10856;197;138;1;land;false;plains;3
10857;218;81;1;land;false;forest;3
10858;156;87;1;land;false;plains;3
10859;177;135;1;land;false;forest;3
10860;153;64;1;land;false;plains;3
10861;163;90;1;land;false;plains;3
10862;198;87;1;land;false;forest;3
10863;216;105;1;land;false;plains;3
10864;186;121;1;land;false;plains;3
10865;174;106;1;land;false;forest;3
10866;184;108;1;land;false;plains;3
10867;205;136;1;land;false;plains;3
10868;181;112;1;land;false;plains;3
10869;161;132;1;land;false;forest;3
10870;147;75;1;land;false;plains;3
10871;114;68;1;land;false;hills;3
10872;144;120;1;land;false;forest;3
10873;150;125;1;land;false;forest;3
10874;118;109;1;land;false;forest;3
10875;134;95;1;land;false;hills;3
10876;149;123;1;land;false;forest;3
10877;179;70;1;land;false;forest;3
10878;110;58;1;land;false;forest;3
10879;171;95;1;land;false;forest;3
10880;156;96;1;land;false;hills;3
10881;142;100;1;land;false;forest;3
10882;183;221;1;land;true;forest;3
10883;182;237;1;land;false;forest;3
10884;247;213;1;land;false;forest;3
10885;228;213;1;land;true;plains;3
10886;235;244;1;land;false;hills;3
10887;232;234;1;land;false;plains;3
10888;199;231;1;land;false;forest;3
10889;223;223;1;land;false;forest;3
10890;198;247;1;land;false;forest;3
10891;181;223;1;land;true;forest;3
10892;184;232;1;land;true;plains;3
10893;186;222;1;land;false;urban;3
10894;202;219;1;land;false;plains;3
10895;211;236;1;land;false;forest;3
10896;203;224;1;land;false;forest;3
10897;200;234;1;land;false;plains;3
10898;245;233;1;land;true;forest;3
10899;155;160;1;land;false;forest;3
10900;134;109;1;land;false;hills;3
10901;149;115;1;land;false;forest;3
10902;151;103;1;land;false;hills;3
10903;144;96;1;land;false;hills;3
10904;79;110;1;land;false;forest;3
10905;120;96;1;land;false;forest;3
10906;90;125;1;land;false;hills;3
10907;155;174;1;land;false;forest;3
10908;116;173;1;land;false;hills;3
10909;140;107;1;land;false;forest;3
10910;103;99;1;land;false;mountain;3
10911;100;143;1;land;false;forest;3
10912;106;172;1;land;false;forest;3
10913;128;219;1;land;false;hills;3
10914;103;204;1;land;false;mountain;3
10915;114;232;1;land;false;mountain;3
10916;111;226;1;land;false;hills;3
10917;137;206;1;land;false;mountain;3
10918;145;222;1;land;false;hills;3
10919;116;206;1;land;false;mountain;3
10920;131;215;1;land;false;mountain;3
10921;155;195;1;land;false;mountain;3
10922;185;157;1;land;false;forest;3
10923;213;123;1;land;false;forest;3
10924;206;133;1;land;false;forest;3
10925;192;119;1;land;false;forest;3
10926;190;174;1;land;false;forest;3
10927;104;47;1;land;false;forest;3
10928;61;3;1;land;false;hills;3
10929;56;59;1;land;false;forest;3
10930;80;53;1;land;false;forest;3
10931;57;59;1;land;false;forest;3
10932;41;76;1;land;false;plains;3
10933;75;26;1;land;false;forest;3
10934;84;63;1;land;false;urban;3
10935;59;32;1;land;false;forest;3
10936;109;48;1;land;false;mountain;3
10937;94;68;1;land;false;forest;3
10938;66;54;1;land;false;forest;3
10939;89;3;1;land;false;forest;3
10940;114;50;1;land;false;forest;3
10941;106;61;1;land;false;forest;3
10942;101;59;1;land;false;forest;3
10943;91;241;1;land;false;forest;3
10944;91;186;1;land;false;plains;3
10945;94;194;1;land;false;forest;3
10946;151;219;1;land;true;plains;3
10947;148;240;1;land;false;forest;3
10948;151;247;1;land;false;forest;3
10949;105;220;1;land;false;forest;3
10950;116;177;1;land;false;forest;3
10951;123;241;1;land;false;forest;3
10952;104;229;1;land;true;plains;3
10953;147;194;1;land;false;plains;3
10954;107;220;1;land;false;plains;3
10955;87;180;1;land;true;forest;3
10956;151;178;1;land;true;forest;3
10957;136;226;1;land;false;forest;3
10958;101;199;1;land;true;forest;3
10959;125;178;1;land;false;forest;3
10960;139;242;1;land;false;forest;3
10961;152;189;1;land;false;forest;3
10962;99;213;1;land;false;plains;3
10963;129;207;1;land;false;forest;3
10964;114;229;1;land;false;forest;3
10965;83;200;1;land;true;forest;3
10966;90;202;1;land;false;forest;3
10967;104;197;1;land;true;forest;3
10968;135;185;1;land;false;forest;3
10969;83;240;1;land;false;forest;3
10970;118;196;1;land;false;plains;3
10971;111;194;1;land;true;forest;3
10972;129;251;1;land;false;forest;3
10973;126;209;1;land;true;forest;3
10974;121;240;1;land;false;forest;3
10975;92;189;1;land;false;forest;3
10976;103;136;1;land;false;plains;3
10977;100;153;1;land;false;plains;3
10978;165;165;1;land;true;plains;3
10979;167;103;1;land;false;urban;3
10980;164;162;1;land;false;hills;3
10981;149;140;1;land;true;plains;3
10982;124;149;1;land;true;plains;3
10983;110;145;1;land;true;plains;3
10984;147;163;1;land;false;plains;3
10985;110;140;1;land;false;plains;3
10986;96;172;1;land;false;forest;3
10987;90;107;1;land;true;plains;3
10988;160;106;1;land;true;forest;3
10989;105;152;1;land;false;plains;3
10990;158;27;1;land;false;forest;3
10991;100;25;1;land;false;plains;3
10992;139;3;1;land;false;hills;3
10993;89;34;1;land;false;hills;3
10994;131;7;1;land;false;forest;3
10995;128;43;1;land;false;forest;3
10996;107;37;1;land;false;forest;3
10997;142;44;1;land;false;hills;3
10998;96;12;1;land;false;forest;3
10999;123;2;1;land;false;plains;3
11000;158;44;1;land;false;hills;3
11001;90;40;1;land;false;forest;3
11002;131;16;1;land;false;hills;3
11003;92;31;1;land;false;forest;3
11004;139;39;1;land;false;forest;3
11005;133;9;1;land;false;forest;3
11006;143;16;1;land;false;forest;3
11007;90;4;1;land;false;plains;3
11008;49;245;1;land;false;plains;3
11009;62;226;1;land;false;forest;3
11010;75;188;1;land;true;forest;3
11011;95;172;1;land;true;urban;3
11012;6;3;1;land;false;forest;3
11013;67;22;1;land;false;forest;3
11014;31;43;1;land;false;forest;3
11015;34;6;1;land;false;forest;3
11016;3;41;1;land;false;forest;3
11017;30;2;1;land;false;forest;3
11018;52;4;1;land;true;forest;3
11019;56;32;1;land;false;forest;3
11020;55;37;1;land;false;forest;3
11021;15;5;1;land;true;forest;3
11022;47;50;1;land;true;forest;3
11023;50;15;1;land;false;forest;3
11024;56;55;1;land;false;forest;3
11025;28;49;1;land;true;forest;3
11026;11;6;1;land;false;urban;3
11027;32;33;1;land;false;forest;3
11028;64;22;1;land;false;forest;3
11029;38;12;1;land;false;forest;3
11030;21;43;1;land;false;forest;3
11031;12;46;1;land;false;forest;3
11032;9;11;1;land;false;forest;3
11033;149;191;1;land;false;forest;3
11034;156;237;1;land;false;hills;3
11035;161;211;1;land;false;hills;3
11036;155;203;1;land;false;forest;3
11037;120;246;1;land;false;hills;3
11038;150;207;1;land;false;forest;3
11039;148;242;1;land;false;hills;3
11040;119;238;1;land;false;hills;3
11041;167;233;1;land;false;hills;3
11042;186;189;1;land;false;forest;3
11043;165;201;1;land;false;hills;3
11044;111;217;1;land;false;plains;3
11045;168;191;1;land;false;hills;3
11046;114;217;1;land;false;forest;3
11047;110;209;1;land;false;hills;3
11048;122;242;1;land;false;hills;3
11049;168;195;1;land;false;forest;3
11050;164;244;1;land;false;hills;3
11051;134;242;1;land;false;forest;3
11052;128;215;1;land;false;hills;3
11053;108;218;1;land;false;hills;3
11054;133;247;1;land;false;hills;3
11055;142;186;1;land;false;forest;3
11056;128;247;1;land;false;hills;3
11057;117;203;1;land;false;forest;3
11058;123;227;1;land;false;forest;3
11059;168;203;1;land;false;hills;3
11060;144;203;1;land;false;forest;3
11061;145;191;1;land;false;hills;3
11062;156;226;1;land;false;hills;3
11063;133;27;1;land;false;hills;3
11064;119;31;1;land;false;plains;3
11065;123;23;1;land;true;plains;3
11066;146;30;1;land;false;plains;3
11067;171;90;1;land;false;hills;3
11068;169;44;1;land;false;forest;3
11069;124;74;1;land;true;plains;3
11070;149;49;1;land;true;plains;3
11071;171;34;1;land;false;hills;3
11072;166;54;1;land;true;plains;3
11073;127;82;1;land;false;hills;3
11074;99;79;1;land;false;mountain;3
11075;140;27;1;land;false;hills;3
11076;135;30;1;land;true;urban;3
11077;136;77;1;land;false;hills;3
11078;166;82;1;land;false;plains;3
11079;119;67;1;land;false;hills;3
11080;117;59;1;land;false;plains;3
11081;128;22;1;land;false;plains;3
11082;125;47;1;land;true;plains;3
11083;100;74;1;land;false;forest;3
11084;125;39;1;land;false;plains;3
11085;128;60;1;land;true;urban;3
11086;103;21;1;land;false;forest;3
11087;80;2;1;land;true;plains;3
11088;92;49;1;land;false;plains;3
11089;120;1;1;land;true;plains;3
11090;138;70;1;land;true;plains;3
11091;99;44;1;land;true;forest;3
11092;103;32;1;land;false;plains;3
11093;108;13;1;land;true;plains;3
11094;91;71;1;land;true;plains;3
11095;85;33;1;land;true;plains;3
11096;120;43;1;land;false;plains;3
11097;104;25;1;land;false;hills;3
11098;85;29;1;land;false;forest;3
11099;137;30;1;land;false;hills;3
11100;110;27;1;land;false;hills;3
11101;104;40;1;land;false;hills;3
11102;98;36;1;land;false;hills;3
11103;131;46;1;land;false;mountain;3
11104;120;6;1;land;false;hills;3
11105;106;20;1;land;false;plains;3
11106;97;9;1;land;false;hills;3
11107;83;40;1;land;false;forest;3
11108;124;6;1;land;false;forest;3
11109;95;48;1;land;false;hills;3
11110;151;6;1;land;false;hills;3
11111;128;30;1;land;false;mountain;3
11112;119;4;1;land;false;forest;3
11113;120;12;1;land;false;plains;3
11114;148;27;1;land;false;hills;3
11115;122;48;1;land;false;plains;3
11116;123;14;1;land;false;mountain;3
11117;222;204;1;land;true;plains;3
11118;248;142;1;land;true;forest;3
11119;237;188;1;land;true;forest;3
11120;241;154;1;land;true;forest;3
11121;226;162;1;land;false;forest;3
11122;244;251;1;land;false;forest;3
11123;248;211;1;land;false;hills;3
11124;210;217;1;land;false;plains;3
11125;213;214;1;land;false;forest;3
11126;209;212;1;land;false;plains;3
11127;234;233;1;land;false;forest;3
11128;215;211;1;land;false;plains;3
11129;230;186;1;land;false;plains;3
11130;228;197;1;land;false;mountain;3
11131;246;202;1;land;false;forest;3
11132;210;243;1;land;false;plains;3
11133;228;231;1;land;false;plains;3
11134;245;224;1;land;false;hills;3
11135;214;244;1;land;false;hills;3
11136;147;188;1;land;true;plains;3
11137;157;207;1;land;false;forest;3
11138;139;193;1;land;true;plains;3
11139;199;159;1;land;false;plains;3
11140;181;220;1;land;false;forest;3
11141;163;223;1;land;true;forest;3
11142;160;172;1;land;false;forest;3
11143;176;231;1;land;true;plains;3
11144;180;185;1;land;false;forest;3
11145;116;185;1;land;false;forest;3
11146;102;147;1;land;false;forest;3
11147;146;193;1;land;true;plains;3
11148;99;181;1;land;true;forest;3
11149;123;184;1;land;true;forest;3
11150;150;146;1;land;true;plains;3
11151;134;176;1;land;false;forest;3
11152;97;182;1;land;true;plains;3
11153;113;201;1;land;false;plains;3
11154;61;171;1;land;false;hills;3
11155;32;172;1;land;false;urban;3
11156;19;189;1;land;false;forest;3
11157;11;187;1;land;false;hills;3
11158;21;121;1;land;false;forest;3
11159;68;144;1;land;false;hills;3
11160;32;151;1;land;false;forest;3
11161;48;192;1;land;false;forest;3
11162;74;133;1;land;false;hills;3
11163;74;182;1;land;false;forest;3
11164;70;160;1;land;false;forest;3
11165;71;178;1;land;false;forest;3
11166;29;151;1;land;false;forest;3
11167;18;166;1;land;false;forest;3
11168;81;128;1;land;false;forest;3
11169;87;157;1;land;false;hills;3
11170;14;128;1;land;false;forest;3
11171;27;175;1;land;false;hills;3
11172;252;160;1;land;true;plains;3
11173;229;146;1;land;false;hills;3
11174;226;123;1;land;false;plains;3
11175;235;136;1;land;false;hills;3
11176;236;105;1;land;false;plains;3
11177;218;121;1;land;false;forest;3
11178;170;231;1;land;false;forest;3
11179;172;180;1;land;false;forest;3
11180;195;173;1;land;false;plains;3
11181;227;216;1;land;false;plains;3
11182;167;188;1;land;false;plains;3
11183;211;193;1;land;false;plains;3
11184;163;176;1;land;false;forest;3
11185;165;212;1;land;false;plains;3
11186;224;174;1;land;false;forest;3
11187;177;233;1;land;false;plains;3
11188;166;177;1;land;false;plains;3
11189;178;183;1;land;false;forest;3
11190;32;173;1;land;false;forest;3
11191;11;165;1;land;true;forest;3
11192;21;184;1;land;true;forest;3
11193;131;22;1;land;false;forest;3
11194;126;9;1;land;false;plains;3
11195;91;3;1;land;false;urban;3
11196;105;52;1;land;false;forest;3
11197;84;18;1;land;false;urban;3
11198;104;65;1;land;false;hills;3
11199;101;32;1;land;false;plains;3
11200;55;51;1;land;false;forest;3
11201;114;30;1;land;false;forest;3
11202;132;1;1;land;false;forest;3
11203;73;17;1;land;false;plains;3
11204;103;34;1;land;false;forest;3
11205;74;18;1;land;false;plains;3
11206;86;55;1;land;false;plains;3
11207;99;31;1;land;false;plains;3
11208;96;64;1;land;false;forest;3
11209;86;33;1;land;false;forest;3
11210;247;110;1;land;false;forest;3
11211;209;122;1;land;false;forest;3
11212;219;147;1;land;false;forest;3
11213;172;147;1;land;true;forest;3
11214;200;182;1;land;true;plains;3
11215;240;135;1;land;true;plains;3
11216;183;176;1;land;false;forest;3
11217;247;117;1;land;false;urban;3
11218;229;115;1;land;true;forest;3
11219;193;145;1;land;false;plains;3
11220;195;125;1;land;false;plains;3
11221;16;90;1;land;true;plains;3
11222;28;83;1;land;false;forest;3
11223;40;86;1;land;true;forest;3
11224;26;96;1;land;false;plains;3
11225;33;99;1;land;false;hills;3
11226;15;89;1;land;true;forest;3
11227;3;88;1;land;false;forest;3
11228;23;110;1;land;true;plains;3
11229;22;67;1;land;false;plains;3
11230;0;102;1;land;true;plains;3
11231;15;90;1;land;true;forest;3
11232;11;108;1;land;false;plains;3
11233;39;210;1;land;false;plains;3
11234;86;192;1;land;false;plains;3
11235;28;201;1;land;false;plains;3
11236;71;160;1;land;false;plains;3
11237;52;162;1;land;false;forest;3
11238;98;173;1;land;false;plains;3
11239;130;12;1;land;false;hills;3
11240;111;1;1;land;false;hills;3
11241;179;32;1;land;false;plains;3
11242;164;31;1;land;false;plains;3
11243;159;9;1;land;false;plains;3
11244;111;42;1;land;false;plains;3
11245;131;38;1;land;false;forest;3
11246;135;3;1;land;false;plains;3
11247;140;18;1;land;false;hills;3
11248;127;43;1;land;false;plains;3
11249;136;32;1;land;false;plains;3
11250;171;159;1;land;false;plains;3
11251;180;161;1;land;false;plains;3
11252;160;128;1;land;false;forest;3
11253;138;100;1;land;false;plains;3
11254;182;132;1;land;false;hills;3
11255;179;167;1;land;false;plains;3
11256;138;111;1;land;false;hills;3
11257;117;119;1;land;false;plains;3
11258;173;105;1;land;false;forest;3
11259;142;108;1;land;false;plains;3
11260;186;110;1;land;false;plains;3
11261;122;130;1;land;false;hills;3
11262;158;162;1;land;false;forest;3
11263;63;176;1;land;false;mountain;3
11264;41;177;1;land;false;plains;3
11265;36;138;1;land;false;hills;3
11266;35;152;1;land;false;hills;3
11267;38;188;1;land;false;plains;3
11268;23;148;1;land;false;forest;3
11269;28;166;1;land;false;hills;3
11270;40;127;1;land;false;hills;3
11271;49;152;1;land;false;hills;3
11272;32;113;1;land;false;hills;3
11273;74;176;1;land;false;hills;3
11274;83;174;1;land;false;forest;3
11275;48;112;1;land;false;hills;3
11276;39;110;1;land;false;hills;3
11277;80;167;1;land;false;plains;3
11278;73;123;1;land;false;hills;3
11279;29;162;1;land;false;hills;3
11280;70;187;1;land;false;plains;3
11281;14;160;1;land;false;hills;3
11282;54;116;1;land;false;forest;3
11283;27;168;1;land;false;hills;3
11284;5;170;1;land;false;plains;3
11285;63;169;1;land;false;forest;3
11286;180;92;1;land;false;forest;3
11287;200;84;1;land;false;forest;3
11288;197;83;1;land;false;forest;3
11289;238;151;1;land;false;forest;3
11290;249;95;1;land;false;forest;3
11291;224;143;1;land;false;forest;3
11292;241;102;1;land;false;forest;3
11293;240;89;1;land;false;urban;3
11294;243;83;1;land;false;forest;3
11295;229;126;1;land;false;forest;3
11296;185;123;1;land;false;forest;3
11297;209;101;1;land;false;forest;3
11298;235;88;1;land;false;forest;3
11299;251;84;1;land;false;forest;3
11300;216;89;1;land;false;forest;3
11301;197;99;1;land;false;forest;3
11302;217;123;1;land;false;forest;3
11303;180;121;1;land;false;forest;3
11304;212;218;1;land;false;plains;3
11305;194;251;1;land;false;plains;3
11306;194;243;1;land;false;plains;3
11307;233;212;1;land;false;forest;3
11308;234;228;1;land;true;plains;3
11309;248;206;1;land;false;forest;3
11310;233;228;1;land;false;plains;3
11311;214;216;1;land;true;plains;3
11312;246;226;1;land;false;plains;3
11313;228;250;1;land;false;plains;3
11314;251;202;1;land;false;forest;3
11315;242;217;1;land;false;plains;3
11316;216;238;1;land;true;forest;3
11317;200;225;1;land;false;forest;3
11318;202;198;1;land;false;plains;3
11319;192;243;1;land;true;plains;3
11320;196;210;1;land;false;forest;3
11321;209;226;1;land;false;hills;3
11322;235;250;1;land;false;plains;3
11323;193;231;1;land;false;plains;3
11324;210;208;1;land;false;plains;3
11325;220;232;1;land;false;plains;3
11326;241;207;1;land;false;forest;3
11327;241;254;1;land;true;plains;3
11328;223;241;1;land;false;plains;3
11329;223;225;1;land;false;forest;3
11330;47;207;1;land;false;hills;3
11331;103;176;1;land;false;hills;3
11332;81;246;1;land;false;hills;3
11333;67;225;1;land;false;hills;3
11334;42;236;1;land;false;hills;3
11335;102;246;1;land;false;hills;3
11336;92;233;1;land;false;mountain;3
11337;235;55;1;land;false;mountain;3
11338;199;50;1;land;false;forest;3
11339;225;65;1;land;false;forest;3
11340;249;86;1;land;false;plains;3
11341;244;98;1;land;false;hills;3
11342;245;60;1;land;false;forest;3
11343;228;94;1;land;false;forest;3
11344;220;38;1;land;false;hills;3
11345;215;55;1;land;false;plains;3
11346;215;50;1;land;false;forest;3
11347;208;109;1;land;false;forest;3
11348;219;76;1;land;false;plains;3
11349;219;79;1;land;false;hills;3
11350;234;90;1;land;false;plains;3
11351;212;71;1;land;false;forest;3
11352;200;40;1;land;false;hills;3
11353;250;68;1;land;false;urban;3
11354;197;88;1;land;false;plains;3
11355;211;137;1;land;true;forest;3
11356;236;157;1;land;false;hills;3
11357;254;108;1;land;false;forest;3
11358;211;115;1;land;true;forest;3
11359;222;143;1;land;false;forest;3
11360;224;152;1;land;false;forest;3
11361;240;107;1;land;false;forest;3
11362;230;102;1;land;false;hills;3
11363;223;95;1;land;false;forest;3
11364;231;155;1;land;true;urban;3
11365;250;99;1;land;false;forest;3
11366;211;143;1;land;false;hills;3
11367;229;104;1;land;false;hills;3
11368;234;159;1;land;true;forest;3
11369;212;106;1;land;false;forest;3
11370;250;170;1;land;false;urban;3
11371;251;112;1;land;false;forest;3
11372;244;150;1;land;false;plains;3
11373;27;251;1;land;false;plains;3
11374;17;211;1;land;false;plains;3
11375;22;213;1;land;false;plains;3
11376;39;242;1;land;false;plains;3
11377;9;234;1;land;true;plains;3
11378;8;220;1;land;false;plains;3
11379;28;214;1;land;false;plains;3
11380;39;251;1;land;false;plains;3
11381;102;217;1;land;false;plains;3
11382;141;234;1;land;false;forest;3
11383;90;234;1;land;false;plains;3
11384;123;198;1;land;false;forest;3
11385;156;227;1;land;false;forest;3
11386;130;208;1;land;false;forest;3
11387;94;167;1;land;false;plains;3
11388;132;207;1;land;false;plains;3
11389;94;207;1;land;false;forest;3
11390;100;201;1;land;false;forest;3
11391;162;210;1;land;false;forest;3
11392;146;207;1;land;false;forest;3
11393;114;169;1;land;false;plains;3
11394;84;232;1;land;false;forest;3
11395;89;230;1;land;false;forest;3
11396;113;221;1;land;false;forest;3
11397;223;114;1;land;false;urban;3
11398;241;110;1;land;true;forest;3
11399;186;119;1;land;true;plains;3
11400;183;119;1;land;false;forest;3
11401;217;125;1;land;false;forest;3
11402;241;119;1;land;true;plains;3
11403;235;90;1;land;true;forest;3
11404;193;120;1;land;false;plains;3
11405;247;91;1;land;false;forest;3
11406;232;84;1;land;false;forest;3
11407;241;112;1;land;false;plains;3
11408;189;70;1;land;true;forest;3
11409;234;129;1;land;false;forest;3
11410;235;50;1;land;true;forest;3
11411;229;60;1;land;false;plains;3
11412;208;77;1;land;false;urban;3
11413;199;57;1;land;true;forest;3
11414;181;123;1;land;false;plains;3
11415;223;126;1;land;true;forest;3
11416;201;113;1;land;false;forest;3
11417;186;52;1;land;true;plains;3
11418;132;65;1;land;true;plains;3
11419;124;49;1;land;true;plains;3
11420;208;37;1;land;false;hills;3
11421;244;36;1;land;false;hills;3
11422;246;99;1;land;false;plains;3
11423;227;41;1;land;false;hills;3
11424;227;91;1;land;false;hills;3
11425;245;64;1;land;false;hills;3
11426;228;49;1;land;false;hills;3
11427;209;62;1;land;false;forest;3
11428;214;84;1;land;false;plains;3
11429;228;83;1;land;false;hills;3
11430;213;58;1;land;false;mountain;3
11431;231;28;1;land;false;plains;3
11432;238;101;1;land;false;hills;3
11433;252;36;1;land;false;hills;3
11434;165;28;1;land;false;urban;3
11435;127;58;1;land;false;forest;3
11436;163;55;1;land;false;forest;3
11437;146;36;1;land;false;forest;3
11438;122;37;1;land;false;plains;3
11439;179;75;1;land;false;forest;3
11440;163;11;1;land;false;plains;3
11441;180;46;1;land;false;forest;3
11442;112;5;1;land;false;plains;3
11443;168;10;1;land;false;forest;3
11444;167;57;1;land;false;forest;3
11445;147;52;1;land;false;plains;3
11446;137;57;1;land;false;forest;3
11447;110;46;1;land;false;forest;3
11448;185;10;1;land;false;forest;3
11449;139;42;1;land;false;forest;3
11450;174;47;1;land;false;plains;3
11451;163;22;1;land;false;forest;3
11452;173;18;1;land;false;forest;3
11453;127;27;1;land;false;forest;3
11454;150;60;1;land;false;forest;3
11455;171;50;1;land;false;forest;3
11456;146;18;1;land;false;plains;3
11457;114;21;1;land;false;plains;3
11458;156;32;1;land;false;forest;3
11459;129;31;1;land;false;plains;3
11460;182;70;1;land;false;forest;3
11461;124;51;1;land;false;forest;3
11462;171;15;1;land;false;forest;3
11463;198;69;1;land;false;hills;3
11464;209;126;1;land;false;forest;3
11465;213;112;1;land;false;hills;3
11466;215;65;1;land;false;plains;3
11467;186;142;1;land;false;forest;3
11468;224;91;1;land;false;forest;3
11469;216;139;1;land;false;forest;3
11470;150;140;1;land;false;hills;3
11471;177;132;1;land;false;plains;3
11472;204;113;1;land;false;forest;3
11473;217;127;1;land;false;plains;3
11474;199;70;1;land;false;forest;3
11475;185;124;1;land;false;hills;3
11476;171;94;1;land;false;plains;3
11477;197;123;1;land;false;plains;3
11478;158;87;1;land;false;plains;3
11479;120;234;1;land;false;forest;3
11480;159;170;1;land;true;plains;3
11481;151;233;1;land;false;plains;3
11482;187;219;1;land;false;plains;3
11483;138;234;1;land;false;plains;3
11484;152;230;1;land;false;forest;3
11485;182;186;1;land;true;forest;3
11486;146;180;1;land;false;forest;3
11487;121;178;1;land;true;forest;3
11488;137;226;1;land;false;plains;3
11489;162;206;1;land;true;plains;3
11490;151;190;1;land;false;plains;3
11491;151;217;1;land;true;forest;3
11492;144;219;1;land;false;hills;3
11493;150;241;1;land;true;plains;3
11494;119;197;1;land;false;hills;3
11495;166;231;1;land;false;forest;3
11496;145;248;1;land;false;plains;3
11497;131;229;1;land;false;plains;3
11498;135;210;1;land;true;plains;3
11499;176;192;1;land;false;plains;3
11500;20;194;1;land;false;plains;3
11501;11;174;1;land;false;forest;3
11502;27;208;1;land;false;forest;3
11503;44;241;1;land;false;plains;3
11504;33;216;1;land;false;plains;3
11505;41;230;1;land;false;plains;3
11506;2;230;1;land;false;forest;3
11507;20;249;1;land;false;forest;3
11508;35;239;1;land;false;forest;3
11509;9;189;1;land;false;plains;3
11510;11;190;1;land;false;forest;3
11511;5;223;1;land;false;plains;3
11512;14;225;1;land;false;plains;3
11513;24;201;1;land;false;forest;3
11514;146;153;1;land;false;plains;3
11515;193;158;1;land;true;plains;3
11516;201;112;1;land;false;plains;3
11517;190;166;1;land;true;plains;3
11518;201;116;1;land;false;plains;3
11519;176;100;1;land;false;plains;3
11520;134;135;1;land;true;plains;3
11521;186;145;1;land;false;plains;3
11522;196;139;1;land;true;plains;3
11523;170;160;1;land;false;plains;3
11524;173;118;1;land;false;plains;3
11525;188;114;1;land;false;plains;3
11526;181;167;1;land;false;plains;3
11527;145;150;1;land;false;plains;3
11528;151;110;1;land;false;hills;3
11529;109;117;1;land;false;hills;3
11530;85;118;1;land;false;plains;3
11531;77;138;1;land;false;forest;3
11532;145;108;1;land;false;plains;3
11533;133;91;1;land;false;forest;3
11534;94;93;1;land;false;forest;3
11535;141;136;1;land;false;forest;3
11536;108;122;1;land;false;hills;3
11537;88;88;1;land;false;urban;3
11538;140;103;1;land;false;forest;3
11539;109;128;1;land;false;hills;3
11540;131;137;1;land;false;forest;3
11541;102;92;1;land;false;forest;3
11542;107;117;1;land;false;hills;3
11543;130;142;1;land;false;forest;3
11544;90;143;1;land;false;forest;3
11545;76;136;1;land;false;hills;3
11546;79;102;1;land;false;forest;3
11547;98;148;1;land;false;plains;3
11548;85;144;1;land;false;mountain;3
11549;132;118;1;land;false;hills;3
11550;119;146;1;land;false;forest;3
11551;104;119;1;land;false;forest;3
11552;122;69;1;land;false;hills;3
11553;127;95;1;land;false;forest;3
11554;98;132;1;land;false;hills;3
11555;122;140;1;land;false;hills;3
11556;15;65;1;land;false;plains;3
11557;50;104;1;land;false;forest;3
11558;1;108;1;land;false;plains;3
11559;68;43;1;land;false;plains;3
11560;60;79;1;land;false;plains;3
11561;45;123;1;land;false;hills;3
11562;0;83;1;land;false;forest;3
11563;19;80;1;land;false;forest;3
11564;1;114;1;land;false;plains;3
11565;67;45;1;land;false;plains;3
11566;22;106;1;land;false;hills;3
11567;12;128;1;land;true;plains;3
11568;55;75;1;land;true;plains;3
11569;23;108;1;land;false;plains;3
11570;112;89;1;land;false;hills;3
11571;124;103;1;land;false;forest;3
11572;96;104;1;land;false;hills;3
11573;130;82;1;land;false;forest;3
11574;90;110;1;land;false;hills;3
11575;132;130;1;land;false;hills;3
11576;155;120;1;land;false;hills;3
11577;110;230;1;land;false;hills;3
11578;114;189;1;land;false;hills;3
11579;167;191;1;land;false;hills;3
11580;115;234;1;land;false;forest;3
11581;166;227;1;land;false;plains;3
11582;121;205;1;land;false;hills;3
11583;169;208;1;land;false;plains;3
11584;134;231;1;land;false;forest;3
11585;119;230;1;land;false;plains;3
11586;132;199;1;land;false;plains;3
11587;112;223;1;land;false;forest;3
11588;130;234;1;land;false;hills;3
11589;135;234;1;land;false;hills;3
11590;119;120;1;land;true;forest;3
11591;113;142;1;land;false;forest;3
11592;101;163;1;land;false;plains;3
11593;102;140;1;land;true;forest;3
11594;110;121;1;land;false;plains;3
11595;131;142;1;land;false;plains;3
11596;146;101;1;land;true;plains;3
11597;128;121;1;land;false;forest;3
11598;135;160;1;land;false;forest;3
11599;15;60;1;land;false;plains;3
11600;30;102;1;land;false;plains;3
11601;10;108;1;land;false;plains;3
11602;25;102;1;land;false;plains;3
11603;33;113;1;land;false;plains;3
11604;239;209;1;land;false;plains;3
11605;199;233;1;land;false;hills;3
11606;245;217;1;land;false;forest;3
11607;249;241;1;land;false;urban;3
11608;204;225;1;land;false;forest;3
11609;242;233;1;land;false;hills;3
11610;205;247;1;land;false;forest;3
11611;210;252;1;land;false;forest;3
11612;246;214;1;land;false;forest;3
11613;199;210;1;land;false;plains;3
11614;222;200;1;land;false;forest;3
11615;250;228;1;land;false;plains;3
11616;239;203;1;land;false;forest;3
11617;208;209;1;land;false;hills;3
11618;209;249;1;land;false;forest;3
11619;223;201;1;land;false;forest;3
11620;218;252;1;land;false;hills;3
11621;201;248;1;land;false;plains;3
11622;223;222;1;land;false;hills;3
11623;247;208;1;land;false;plains;3
11624;209;204;1;land;false;forest;3
11625;199;232;1;land;false;forest;3
11626;47;140;1;land;false;hills;3
11627;108;172;1;land;false;plains;3
11628;72;200;1;land;true;forest;3
11629;53;142;1;land;true;forest;3
11630;45;198;1;land;true;forest;3
11631;36;158;1;land;false;plains;3
11632;55;196;1;land;false;forest;3
11633;93;145;1;land;false;plains;3
11634;89;213;1;land;false;urban;3
11635;102;159;1;land;false;hills;3
11636;108;186;1;land;false;forest;3
11637;57;166;1;land;true;urban;3
11638;99;158;1;land;true;forest;3
11639;78;208;1;land;false;hills;3
11640;46;197;1;land;false;hills;3
11641;101;172;1;land;true;forest;3
11642;97;179;1;land;false;hills;3
11643;77;168;1;land;false;forest;3
11644;61;169;1;land;false;forest;3
11645;55;141;1;land;true;plains;3
11646;102;166;1;land;true;forest;3
11647;45;190;1;land;false;hills;3
11648;49;153;1;land;false;forest;3
11649;51;190;1;land;true;forest;3
11650;38;169;1;land;true;plains;3
11651;60;177;1;land;false;forest;3
11652;24;126;1;land;false;plains;3
11653;18;127;1;land;false;plains;3
11654;54;169;1;land;false;forest;3
11655;8;173;1;land;true;plains;3
11656;6;160;1;land;true;plains;3
11657;6;129;1;land;true;plains;3
11658;17;158;1;land;false;hills;3
11659;44;126;1;land;true;plains;3
11660;14;201;1;land;true;forest;3
11661;57;196;1;land;true;plains;3
11662;50;168;1;land;true;forest;3
11663;7;199;1;land;false;plains;3
11664;11;164;1;land;false;forest;3
11665;53;187;1;land;true;forest;3
11666;48;158;1;land;true;forest;3
11667;65;197;1;land;false;plains;3
11668;13;178;1;land;false;plains;3
11669;170;156;1;land;false;forest;3
11670;190;88;1;land;false;hills;3
11671;195;123;1;land;false;forest;3
11672;148;89;1;land;false;forest;3
11673;125;95;1;land;false;forest;3
11674;173;140;1;land;false;forest;3
11675;166;85;1;land;false;forest;3
11676;147;83;1;land;false;forest;3
11677;195;130;1;land;false;forest;3
11678;155;92;1;land;false;hills;3
11679;133;161;1;land;false;hills;3
11680;125;81;1;land;false;urban;3
11681;185;101;1;land;false;forest;3
11682;137;143;1;land;false;hills;3
11683;106;86;1;land;true;plains;3
11684;77;114;1;land;true;plains;3
11685;87;136;1;land;false;plains;3
11686;126;135;1;land;false;plains;3
11687;135;126;1;land;false;plains;3
11688;102;96;1;land;true;plains;3
11689;80;75;1;land;false;plains;3
11690;90;98;1;land;false;plains;3
11691;75;107;1;land;true;plains;3
11692;116;116;1;land;false;plains;3
11693;93;88;1;land;true;plains;3
11694;69;139;1;land;false;plains;3
11695;107;126;1;land;true;plains;3
11696;168;172;1;land;false;plains;3
11697;113;178;1;land;false;forest;3
11698;108;182;1;land;false;plains;3
11699;110;162;1;land;false;plains;3
11700;132;201;1;land;false;plains;3
11701;169;181;1;land;false;forest;3
11702;129;176;1;land;false;plains;3
11703;60;160;1;land;false;hills;3
11704;54;228;1;land;false;forest;3
11705;21;206;1;land;false;hills;3
11706;22;180;1;land;false;forest;3
11707;57;193;1;land;false;forest;3
11708;10;220;1;land;false;forest;3
11709;66;184;1;land;false;forest;3
11710;216;42;1;land;false;forest;3
11711;196;28;1;land;true;forest;3
11712;193;69;1;land;false;forest;3
11713;163;9;1;land;true;plains;3
11714;185;47;1;land;false;forest;3
11715;202;85;1;land;true;plains;3
11716;230;81;1;land;true;forest;3
11717;208;84;1;land;false;forest;3
11718;178;46;1;land;false;forest;3
11719;200;78;1;land;true;forest;3
11720;196;39;1;land;false;plains;3
11721;198;72;1;land;true;urban;3
11722;204;56;1;land;true;forest;3
11723;218;78;1;land;false;forest;3
11724;165;59;1;land;true;plains;3
11725;182;73;1;land;false;forest;3
11726;171;1;1;land;true;forest;3
11727;141;44;1;land;false;forest;3
11728;185;19;1;land;false;hills;3
11729;175;70;1;land;false;plains;3
11730;133;22;1;land;false;forest;3
11731;176;21;1;land;false;forest;3
11732;140;14;1;land;false;plains;3
11733;196;33;1;land;false;forest;3
11734;170;59;1;land;false;hills;3
11735;152;68;1;land;false;forest;3
11736;159;42;1;land;false;plains;3
11737;168;11;1;land;false;plains;3
11738;141;105;1;land;false;forest;3
11739;152;113;1;land;false;plains;3
11740;103;173;1;land;false;forest;3
11741;151;102;1;land;false;forest;3
11742;168;164;1;land;false;forest;3
11743;144;129;1;land;false;forest;3
11744;155;168;1;land;false;forest;3
11745;98;93;1;land;false;forest;3
11746;151;155;1;land;false;forest;3
11747;144;150;1;land;false;forest;3
11748;125;104;1;land;false;forest;3
11749;12;162;1;land;false;plains;3
11750;45;149;1;land;false;hills;3
11751;41;183;1;land;false;plains;3
11752;46;156;1;land;false;plains;3
11753;50;176;1;land;false;hills;3
11754;19;127;1;land;false;hills;3
11755;42;122;1;land;false;plains;3
11756;225;39;1;land;false;plains;3
11757;217;24;1;land;false;forest;3
11758;220;18;1;land;false;plains;3
11759;236;39;1;land;false;forest;3
11760;241;6;1;land;false;forest;3
11761;227;38;1;land;true;forest;3
11762;241;28;1;land;true;plains;3
11763;253;5;1;land;false;forest;3
11764;240;29;1;land;false;forest;3
11765;222;7;1;land;false;forest;3
11766;243;11;1;land;false;plains;3
11767;225;6;1;land;true;forest;3
11768;217;15;1;land;false;plains;3
11769;215;2;1;land;false;urban;3
11770;225;21;1;land;false;plains;3
11771;237;17;1;land;true;forest;3
11772;226;19;1;land;false;plains;3
11773;254;34;1;land;false;forest;3
11774;237;40;1;land;false;plains;3
11775;51;73;1;land;false;mountain;3
11776;44;70;1;land;false;forest;3
11777;8;55;1;land;false;hills;3
11778;46;98;1;land;false;hills;3
11779;36;48;1;land;false;forest;3
11780;47;59;1;land;false;hills;3
11781;40;81;1;land;false;mountain;3
11782;18;85;1;land;false;mountain;3
11783;28;34;1;land;false;hills;3
11784;9;90;1;land;false;mountain;3
11785;43;105;1;land;false;mountain;3
11786;25;69;1;land;false;hills;3
11787;5;79;1;land;false;mountain;3
11788;37;101;1;land;false;mountain;3
11789;27;94;1;land;false;plains;3
11790;45;39;1;land;false;hills;3
11791;33;39;1;land;false;mountain;3
11792;9;97;1;land;false;mountain;3
11793;22;72;1;land;false;hills;3
11794;195;135;1;land;false;plains;3
11795;165;127;1;land;false;plains;3
11796;184;153;1;land;false;plains;3
11797;176;149;1;land;true;plains;3
11798;161;141;1;land;true;plains;3
11799;200;173;1;land;true;forest;3
11800;183;165;1;land;false;forest;3
11801;149;184;1;land;false;plains;3
11802;147;176;1;land;true;plains;3
11803;192;146;1;land;true;urban;3
11804;185;139;1;land;false;plains;3
11805;147;158;1;land;false;plains;3
11806;193;168;1;land;false;plains;3
11807;217;224;1;land;false;forest;3
11808;238;210;1;land;false;forest;3
11809;204;212;1;land;false;forest;3
11810;233;243;1;land;false;forest;3
11811;243;246;1;land;false;forest;3
11812;184;216;1;land;false;forest;3
11813;206;251;1;land;false;forest;3
11814;231;233;1;land;false;forest;3
11815;193;239;1;land;false;forest;3
11816;104;20;1;land;false;mountain;3
11817;100;43;1;land;false;hills;3
11818;122;17;1;land;false;hills;3
11819;150;27;1;land;false;forest;3
11820;164;1;1;land;false;plains;3
11821;137;52;1;land;false;hills;3
11822;94;3;1;land;false;hills;3
11823;163;58;1;land;false;hills;3
11824;124;11;1;land;false;hills;3
11825;122;58;1;land;false;hills;3
11826;167;4;1;land;false;hills;3
11827;126;54;1;land;false;hills;3
11828;106;36;1;land;false;hills;3
11829;169;27;1;land;false;hills;3
11830;168;20;1;land;false;forest;3
11831;96;43;1;land;false;hills;3
11832;121;3;1;land;false;hills;3
11833;142;19;1;land;false;hills;3
11834;160;13;1;land;false;hills;3
11835;187;91;1;land;true;plains;3
11836;73;176;1;land;true;forest;3
11837;81;176;1;land;false;forest;3
11838;60;145;1;land;false;forest;3
11839;87;220;1;land;false;forest;3
11840;34;195;1;land;false;forest;3
11841;71;166;1;land;false;forest;3
11842;58;194;1;land;false;forest;3
11843;64;208;1;land;false;forest;3
11844;39;179;1;land;false;forest;3
11845;16;202;1;land;false;forest;3
11846;89;195;1;land;false;forest;3
11847;83;219;1;land;false;forest;3
11848;63;199;1;land;false;forest;3
11849;85;223;1;land;false;forest;3
11850;17;184;1;land;false;forest;3
11851;24;176;1;land;false;forest;3
11852;217;114;1;land;true;forest;3
11853;125;24;1;land;true;urban;3
11854;98;23;1;land;false;plains;3
11855;135;11;1;land;false;forest;3
11856;127;33;1;land;true;plains;3
11857;130;11;1;land;false;forest;3
11858;92;29;1;land;true;forest;3
11859;104;42;1;land;false;forest;3
11860;91;42;1;land;true;forest;3
11861;135;5;1;land;true;plains;3
11862;112;24;1;land;false;plains;3
11863;112;25;1;land;false;forest;3
11864;127;36;1;land;false;forest;3
11865;9;22;1;land;false;plains;3
11866;16;4;1;land;true;plains;3
11867;39;42;1;land;false;plains;3
11868;61;15;1;land;false;plains;3
11869;147;126;1;land;false;forest;3
11870;129;90;1;land;false;forest;3
11871;171;129;1;land;true;forest;3
11872;158;145;1;land;false;forest;3
11873;136;121;1;land;false;plains;3
11874;101;140;1;land;true;forest;3
11875;157;106;1;land;false;forest;3
11876;112;69;1;land;false;forest;3
11877;190;140;1;land;false;plains;3
11878;219;159;1;land;false;forest;3
11879;173;100;1;land;true;plains;3
11880;164;101;1;land;true;plains;3
11881;204;102;1;land;true;urban;3
11882;85;34;1;land;false;forest;3
11883;116;32;1;land;true;plains;3
11884;57;3;1;land;false;plains;3
11885;53;31;1;land;true;plains;3
11886;97;10;1;land;false;forest;3
11887;49;20;1;land;false;forest;3
11888;90;24;1;land;false;forest;3
11889;117;26;1;land;false;forest;3
11890;43;38;1;land;false;forest;3
11891;250;98;1;land;false;plains;3
11892;217;86;1;land;true;plains;3
11893;197;107;1;land;false;plains;3
11894;230;69;1;land;false;plains;3
11895;191;59;1;land;false;forest;3
11896;238;43;1;land;false;plains;3
11897;199;112;1;land;true;plains;3
11898;218;42;1;land;false;plains;3
11899;252;49;1;land;true;plains;3
11900;201;57;1;land;false;plains;3
11901;196;82;1;land;false;plains;3
11902;251;34;1;land;false;forest;3
11903;222;76;1;land;false;forest;3
11904;237;81;1;land;false;plains;3
11905;198;97;1;land;true;plains;3
11906;254;86;1;land;false;plains;3
11907;209;73;1;land;false;plains;3
11908;232;75;1;land;true;plains;3
11909;198;38;1;land;false;plains;3
11910;100;113;1;land;false;plains;3
11911;171;96;1;land;false;forest;3
11912;92;67;1;land;false;plains;3
11913;137;113;1;land;false;plains;3
11914;111;128;1;land;false;plains;3
11915;161;91;1;land;false;plains;3
11916;143;101;1;land;false;plains;3
11917;95;199;1;land;false;plains;3
11918;89;191;1;land;true;plains;3
11919;108;191;1;land;false;plains;3
11920;93;184;1;land;false;plains;3
11921;81;152;1;land;true;plains;3
11922;97;147;1;land;false;plains;3
11923;78;155;1;land;true;plains;3
11924;107;222;1;land;false;plains;3
11925;119;204;1;land;false;forest;3
11926;153;201;1;land;true;forest;3
11927;116;181;1;land;true;forest;3
11928;79;152;1;land;false;mountain;3
11929;88;198;1;land;false;plains;3
11930;123;175;1;land;false;plains;3
11931;235;172;1;land;true;plains;3
11932;240;164;1;land;true;forest;3
11933;223;181;1;land;false;forest;3
11934;236;129;1;land;true;forest;3
11935;225;184;1;land;false;forest;3
11936;232;173;1;land;false;plains;3
11937;30;5;1;land;false;forest;3
11938;1;6;1;land;false;forest;3
11939;29;2;1;land;false;urban;3
11940;19;37;1;land;false;forest;3
11941;45;32;1;land;false;hills;3
11942;29;29;1;land;false;forest;3
11943;6;4;1;land;false;forest;3
11944;43;16;1;land;false;forest;3
11945;50;12;1;land;false;forest;3
11946;3;3;1;land;false;forest;3
11947;28;6;1;land;false;forest;3
11948;42;36;1;land;false;forest;3
11949;22;41;1;land;false;forest;3
11950;11;10;1;land;false;forest;3
11951;54;20;1;land;false;forest;3
11952;30;37;1;land;false;forest;3
11953;224;214;1;land;false;hills;3
11954;223;220;1;land;false;plains;3
11955;242;208;1;land;false;forest;3
11956;192;226;1;land;false;forest;3
11957;194;237;1;land;false;mountain;3
11958;211;214;1;land;false;plains;3
11959;226;219;1;land;false;plains;3
11960;232;230;1;land;false;forest;3
11961;189;207;1;land;false;urban;3
11962;198;220;1;land;false;hills;3
11963;242;248;1;land;false;mountain;3
11964;236;235;1;land;false;forest;3
11965;227;237;1;land;false;hills;3
11966;209;247;1;land;false;hills;3
11967;232;228;1;land;false;hills;3
11968;197;214;1;land;false;mountain;3
11969;226;246;1;land;false;forest;3
11970;245;213;1;land;false;mountain;3
11971;217;235;1;land;false;hills;3
11972;200;242;1;land;false;plains;3
11973;210;250;1;land;false;plains;3
11974;228;113;1;land;false;forest;3
11975;235;111;1;land;false;hills;3
11976;241;103;1;land;false;plains;3
11977;222;45;1;land;false;forest;3
11978;243;114;1;land;false;forest;3
11979;227;73;1;land;false;forest;3
11980;247;41;1;land;false;hills;3
11981;219;73;1;land;false;hills;3
11982;250;75;1;land;false;forest;3
11983;225;119;1;land;false;forest;3
11984;73;182;1;land;false;forest;3
11985;86;146;1;land;false;plains;3
11986;86;184;1;land;false;forest;3
11987;120;188;1;land;false;plains;3
11988;105;157;1;land;true;plains;3
11989;126;141;1;land;false;plains;3
11990;145;143;1;land;false;plains;3
11991;125;192;1;land;false;forest;3
11992;74;183;1;land;true;plains;3
11993;89;145;1;land;false;forest;3
11994;101;192;1;land;false;plains;3
11995;96;142;1;land;false;forest;3
11996;88;209;1;land;true;plains;3
11997;80;146;1;land;false;plains;3
11998;105;185;1;land;false;forest;3
11999;113;159;1;land;false;forest;3
12000;106;14;1;land;false;hills;3
12001;66;31;1;land;false;hills;3
12002;57;16;1;land;false;hills;3
12003;69;56;1;land;false;hills;3
12004;70;51;1;land;false;hills;3
12005;113;4;1;land;false;hills;3
12006;66;95;1;land;true;forest;3
12007;81;165;1;land;true;plains;3
12008;56;149;1;land;false;plains;3
12009;74;27;1;land;true;plains;3
12010;85;52;1;land;false;plains;3
12011;74;32;1;land;false;plains;3
12012;98;20;1;land;true;plains;3
12013;196;249;1;land;false;urban;3
12014;236;228;1;land;false;forest;3
12015;206;221;1;land;false;plains;3
12016;220;224;1;land;false;forest;3
12017;241;237;1;land;false;forest;3
12018;246;208;1;land;false;hills;3
12019;220;225;1;land;false;plains;3
12020;215;233;1;land;false;plains;3
12021;204;248;1;land;false;forest;3
12022;235;210;1;land;false;forest;3
12023;204;241;1;land;false;plains;3
12024;226;222;1;land;false;plains;3
12025;245;251;1;land;false;plains;3
12026;223;210;1;land;false;plains;3
12027;240;204;1;land;false;urban;3
12028;246;222;1;land;false;plains;3
12029;228;212;1;land;false;forest;3
12030;212;233;1;land;false;forest;3
12031;251;209;1;land;false;plains;3
12032;218;231;1;land;false;forest;3
12033;201;230;1;land;false;forest;3
12034;224;247;1;land;false;plains;3
12035;218;201;1;land;false;forest;3
12036;244;207;1;land;false;plains;3
12037;254;212;1;land;false;forest;3
12038;252;208;1;land;false;forest;3
12039;238;223;1;land;false;plains;3
12040;250;223;1;land;false;forest;3
12041;244;211;1;land;false;forest;3
12042;242;234;1;land;false;forest;3
12043;111;248;1;land;false;forest;3
12044;118;224;1;land;false;forest;3
12045;102;223;1;land;false;forest;3
12046;79;200;1;land;false;forest;3
12047;115;196;1;land;false;forest;3
12048;77;202;1;land;false;forest;3
12049;66;238;1;land;false;forest;3
12050;128;222;1;land;false;forest;3
12051;78;227;1;land;false;forest;3
12052;81;216;1;land;false;forest;3
12053;104;184;1;land;false;forest;3
12054;74;210;1;land;false;forest;3
12055;5;43;1;land;false;forest;3
12056;49;117;1;land;false;forest;3
12057;27;83;1;land;true;plains;3
12058;14;93;1;land;false;forest;3
12059;12;91;1;land;false;plains;3
12060;7;91;1;land;false;plains;3
12061;28;93;1;land;false;plains;3
12062;2;73;1;land;false;urban;3
12063;45;99;1;land;true;forest;3
12064;3;95;1;land;false;forest;3
12065;31;69;1;land;false;forest;3
12066;42;116;1;land;false;forest;3
12067;6;78;1;land;false;forest;3
12068;24;91;1;land;true;plains;3
12069;34;110;1;land;true;plains;3
12070;40;91;1;land;false;forest;3
12071;27;42;1;land;true;plains;3
12072;6;86;1;land;false;plains;3
12073;40;111;1;land;false;plains;3
12074;7;47;1;land;false;forest;3
12075;50;75;1;land;true;forest;3
12076;29;108;1;land;false;forest;3
12077;69;57;1;land;true;plains;3
12078;27;48;1;land;true;plains;3
12079;6;99;1;land;false;forest;3
12080;50;64;1;land;true;forest;3
12081;28;96;1;land;true;plains;3
12082;60;88;1;land;false;forest;3
12083;73;31;1;land;false;forest;3
12084;64;89;1;land;false;plains;3
12085;39;31;1;land;true;forest;3
12086;144;22;1;land;false;plains;3
12087;113;5;1;land;false;plains;3
12088;137;3;1;land;false;plains;3
12089;115;16;1;land;false;plains;3
12090;156;6;1;land;false;plains;3
12091;129;47;1;land;false;plains;3
12092;150;1;1;land;false;plains;3
12093;156;40;1;land;false;forest;3
12094;158;21;1;land;false;hills;3
12095;166;44;1;land;false;plains;3
12096;88;197;1;land;false;plains;3
12097;66;226;1;land;false;forest;3
12098;110;248;1;land;false;forest;3
12099;88;179;1;land;false;forest;3
12100;89;242;1;land;false;plains;3
12101;121;201;1;land;false;forest;3
12102;61;220;1;land;false;forest;3
12103;70;204;1;land;false;plains;3
12104;118;189;1;land;false;forest;3
12105;90;178;1;land;false;plains;3
12106;125;226;1;land;false;forest;3
12107;237;64;1;land;false;hills;3
12108;251;61;1;land;false;plains;3
12109;248;60;1;land;false;hills;3
12110;230;35;1;land;false;plains;3
12111;244;81;1;land;false;forest;3
12112;253;60;1;land;false;hills;3
12113;218;36;1;land;false;plains;3
12114;230;112;1;land;false;hills;3
12115;229;42;1;land;false;hills;3
12116;221;101;1;land;false;forest;3
12117;237;63;1;land;false;hills;3
12118;253;105;1;land;false;plains;3
12119;231;98;1;land;false;hills;3
12120;246;51;1;land;false;plains;3
12121;248;36;1;land;false;plains;3
12122;246;57;1;land;false;plains;3
12123;254;95;1;land;false;plains;3
12124;240;57;1;land;false;hills;3
12125;244;75;1;land;false;plains;3
12126;148;208;1;land;false;plains;3
12127;167;215;1;land;false;plains;3
12128;177;244;1;land;false;plains;3
12129;79;225;1;land;false;plains;3
12130;12;200;1;land;false;plains;3
12131;87;205;1;land;false;forest;3
12132;49;208;1;land;false;plains;3
12133;47;193;1;land;false;plains;3
12134;18;244;1;land;false;plains;3
12135;24;202;1;land;false;forest;3
12136;84;213;1;land;false;plains;3
12137;76;215;1;land;false;hills;3
12138;32;192;1;land;false;plains;3
12139;90;208;1;land;false;plains;3
12140;45;177;1;land;false;plains;3
12141;221;222;1;land;false;mountain;3
12142;206;244;1;land;false;plains;3
12143;232;210;1;land;false;plains;3
12144;212;200;1;land;false;plains;3
12145;247;215;1;land;false;hills;3
12146;182;214;1;land;false;hills;3
12147;227;246;1;land;true;forest;3
12148;203;246;1;land;true;plains;3
12149;212;234;1;land;false;plains;3
12150;230;207;1;land;false;forest;3
12151;240;229;1;land;false;plains;3
12152;221;199;1;land;false;hills;3
12153;225;205;1;land;true;forest;3
12154;237;246;1;land;true;forest;3
12155;187;210;1;land;false;hills;3
12156;236;221;1;land;false;plains;3
12157;203;207;1;land;true;plains;3
12158;221;238;1;land;true;plains;3
12159;195;251;1;land;false;hills;3
12160;206;241;1;land;false;plains;3
12161;194;249;1;land;true;forest;3
12162;223;195;1;land;false;plains;3
12163;198;254;1;land;false;urban;3
12164;217;204;1;land;false;plains;3
12165;199;217;1;land;false;mountain;3
12166;230;72;1;land;false;plains;3
12167;164;24;1;land;false;forest;3
12168;178;65;1;land;false;forest;3
12169;180;32;1;land;false;plains;3
12170;196;87;1;land;false;plains;3
12171;169;55;1;land;false;urban;3
12172;189;26;1;land;false;plains;3
12173;168;92;1;land;false;forest;3
12174;213;86;1;land;false;plains;3
12175;227;23;1;land;false;plains;3
12176;184;93;1;land;false;plains;3
12177;220;89;1;land;false;plains;3
12178;207;58;1;land;false;plains;3
12179;189;38;1;land;false;plains;3
12180;217;49;1;land;false;plains;3
12181;170;93;1;land;false;forest;3
12182;214;70;1;land;false;plains;3
12183;197;64;1;land;false;forest;3
12184;207;54;1;land;false;plains;3
12185;169;94;1;land;false;forest;3
12186;194;86;1;land;false;plains;3
12187;198;54;1;land;false;plains;3
12188;202;74;1;land;false;forest;3
12189;213;200;1;land;false;plains;3
12190;211;248;1;land;true;plains;3
12191;253;226;1;land;false;plains;3
12192;236;229;1;land;true;plains;3
12193;241;187;1;land;false;plains;3
12194;207;195;1;land;true;plains;3
12195;227;175;1;land;true;plains;3
12196;252;242;1;land;false;plains;3
12197;189;175;1;land;false;plains;3
12198;198;187;1;land;false;urban;3
12199;194;206;1;land;false;plains;3
12200;197;199;1;land;false;plains;3
12201;241;233;1;land;false;plains;3
12202;195;227;1;land;true;plains;3
12203;203;218;1;land;false;plains;3
12204;211;188;1;land;false;plains;3
12205;252;251;1;land;false;plains;3
12206;230;223;1;land;false;plains;3
12207;248;192;1;land;true;plains;3
12208;197;233;1;land;false;plains;3
12209;153;208;1;land;true;plains;3
12210;187;230;1;land;true;plains;3
12211;175;196;1;land;true;forest;3
12212;201;173;1;land;false;plains;3
12213;202;238;1;land;false;forest;3
12214;219;225;1;land;true;forest;3
12215;150;194;1;land;false;forest;3
12216;253;118;1;land;false;hills;3
12217;199;113;1;land;false;hills;3
12218;186;85;1;land;false;hills;3
12219;251;79;1;land;false;forest;3
12220;231;80;1;land;false;hills;3
12221;236;71;1;land;false;hills;3
12222;206;113;1;land;false;hills;3
12223;213;54;1;land;false;mountain;3
12224;149;201;1;land;true;forest;3
12225;139;177;1;land;true;plains;3
12226;1;242;1;land;false;hills;3
12227;18;250;1;land;false;mountain;3
12228;15;246;1;land;false;forest;3
12229;39;231;1;land;false;plains;3
12230;20;214;1;land;false;hills;3
12231;15;206;1;land;false;plains;3
12232;11;206;1;land;false;plains;3
12233;11;245;1;land;false;plains;3
12234;25;222;1;land;false;hills;3
12235;19;241;1;land;false;hills;3
12236;11;204;1;land;false;plains;3
12237;35;229;1;land;false;forest;3
12238;17;240;1;land;false;forest;3
12239;38;254;1;land;false;plains;3
12240;16;251;1;land;false;mountain;3
12241;38;248;1;land;false;forest;3
12242;7;249;1;land;false;hills;3
12243;24;223;1;land;false;plains;3
12244;7;233;1;land;false;mountain;3
12245;18;205;1;land;false;plains;3
12246;41;213;1;land;false;forest;3
12247;6;241;1;land;false;forest;3
12248;40;217;1;land;false;forest;3
12249;80;221;1;land;true;plains;3
12250;61;156;1;land;false;plains;3
12251;126;198;1;land;false;plains;3
12252;60;220;1;land;false;plains;3
12253;149;222;1;land;false;hills;3
12254;106;221;1;land;false;plains;3
12255;152;242;1;land;false;hills;3
12256;166;214;1;land;false;mountain;3
12257;139;189;1;land;false;hills;3
12258;98;237;1;land;false;mountain;3
12259;151;111;1;land;true;plains;3
12260;146;112;1;land;false;plains;3
12261;161;112;1;land;false;plains;3
12262;121;98;1;land;true;plains;3
12263;101;72;1;land;false;plains;3
12264;101;71;1;land;false;plains;3
12265;152;180;1;land;false;hills;3
12266;122;206;1;land;false;hills;3
12267;148;219;1;land;false;forest;3
12268;111;148;1;land;false;hills;3
12269;134;174;1;land;false;hills;3
12270;153;152;1;land;false;forest;3
12271;139;207;1;land;false;plains;3
12272;172;199;1;land;false;hills;3
12273;156;166;1;land;false;urban;3
12274;179;163;1;land;false;hills;3
12275;131;199;1;land;false;hills;3
12276;104;191;1;land;false;hills;3
12277;159;211;1;land;false;hills;3
12278;107;181;1;land;false;hills;3
12279;165;189;1;land;false;hills;3
12280;152;150;1;land;false;hills;3
12281;101;190;1;land;false;plains;3
12282;166;142;1;land;false;plains;3
12283;171;151;1;land;false;hills;3
12284;177;150;1;land;false;plains;3
12285;154;198;1;land;false;plains;3
12286;172;148;1;land;false;hills;3
12287;173;158;1;land;false;hills;3
12288;251;131;1;land;false;plains;3
12289;233;147;1;land;false;plains;3
12290;218;119;1;land;false;forest;3
12291;219;132;1;land;false;plains;3
12292;205;159;1;land;false;forest;3
12293;241;93;1;land;true;plains;3
12294;210;115;1;land;false;plains;3
12295;237;111;1;land;false;plains;3
12296;216;101;1;land;false;forest;3
12297;238;129;1;land;false;plains;3
12298;254;151;1;land;true;plains;3
12299;170;137;1;land;false;hills;3
12300;189;104;1;land;false;hills;3
12301;140;109;1;land;false;plains;3
12302;197;140;1;land;false;plains;3
12303;199;117;1;land;false;plains;3
12304;164;112;1;land;false;forest;3
12305;181;114;1;land;false;plains;3
12306;195;140;1;land;false;hills;3
12307;188;99;1;land;false;plains;3
12308;153;124;1;land;false;plains;3
12309;204;96;1;land;false;plains;3
12310;184;77;1;land;false;hills;3
12311;217;75;1;land;false;plains;3
12312;157;94;1;land;false;mountain;3
12313;143;146;1;land;false;hills;3
12314;142;70;1;land;false;plains;3
12315;216;75;1;land;false;plains;3
12316;141;75;1;land;false;plains;3
12317;162;146;1;land;false;forest;3
12318;174;109;1;land;false;plains;3
12319;185;71;1;land;false;plains;3
12320;248;78;1;land;true;plains;3
12321;215;80;1;land;true;plains;3
12322;218;30;1;land;false;plains;3
12323;93;185;1;land;false;plains;3
12324;75;161;1;land;false;plains;3
12325;103;228;1;land;false;forest;3
12326;129;191;1;land;true;plains;3
12327;100;139;1;land;false;plains;3
12328;141;135;1;land;false;plains;3
12329;110;160;1;land;false;forest;3
12330;136;222;1;land;false;plains;3
12331;153;175;1;land;false;hills;3
12332;182;178;1;land;false;hills;3
12333;141;241;1;land;false;hills;3
12334;185;219;1;land;false;plains;3
12335;166;189;1;land;false;mountain;3
12336;169;193;1;land;false;hills;3
12337;129;193;1;land;false;hills;3
12338;152;187;1;land;false;plains;3
12339;192;173;1;land;false;hills;3
12340;143;224;1;land;false;hills;3
12341;189;239;1;land;false;hills;3
12342;135;172;1;land;false;plains;3
12343;183;185;1;land;false;hills;3
12344;174;41;1;land;true;plains;1
12345;141;19;1;land;false;plains;1
12346;146;5;1;land;false;hills;1
12347;203;20;1;land;false;plains;1
12348;169;23;1;land;false;plains;1
12349;185;25;1;land;false;plains;1
12350;201;9;1;land;false;plains;1
12351;142;17;1;land;false;mountain;1
12352;197;14;1;land;false;plains;1
12353;185;17;1;land;true;plains;1
12354;204;31;1;land;false;hills;1
12355;143;37;1;land;true;plains;1
12356;195;20;1;land;true;plains;1
12357;124;28;1;land;false;plains;1
12358;198;32;1;land;false;plains;1
12359;127;8;1;land;false;plains;1
12360;155;23;1;land;false;hills;1
12361;204;35;1;land;false;plains;1
12362;183;27;1;land;true;plains;1
12363;199;22;1;land;true;plains;1
12364;164;12;1;land;false;hills;1
12365;188;3;1;land;false;plains;1
12366;198;15;1;land;false;plains;1
12367;168;15;1;land;false;plains;1
12368;178;44;1;land;false;hills;1
12369;132;31;1;land;true;plains;1
12370;164;30;1;land;false;hills;1
12371;184;40;1;land;false;plains;1
12372;49;77;1;land;false;plains;1
12373;31;48;1;land;false;plains;1
12374;12;73;1;land;false;plains;1
12375;22;86;1;land;false;plains;1
12376;18;70;1;land;false;plains;1
12377;38;85;1;land;false;plains;1
12378;11;78;1;land;true;plains;1
12379;8;79;1;land;false;plains;1
12380;23;23;1;land;false;plains;1
12381;1;71;1;land;false;plains;1
12382;5;14;1;land;false;plains;1
12383;23;7;1;land;false;plains;1
12384;19;73;1;land;false;plains;1
12385;17;11;1;land;false;plains;1
12386;52;54;1;land;false;plains;1
12387;32;72;1;land;false;plains;1
12388;4;83;1;land;false;plains;1
12389;46;17;1;land;false;hills;1
12390;2;77;1;land;false;plains;1
12391;5;50;1;land;false;plains;1
12392;47;43;1;land;false;plains;1
12393;35;32;1;land;true;plains;1
12394;24;87;1;land;false;plains;1
12395;23;10;1;land;false;plains;1
12396;54;55;1;land;false;plains;1
12397;20;83;1;land;false;plains;1
12398;30;79;1;land;false;plains;1
12399;53;66;1;land;false;plains;1
12400;24;32;1;land;false;plains;1
12401;46;31;1;land;false;plains;1
12402;16;50;1;land;false;plains;1
12403;33;79;1;land;false;plains;1
12404;23;43;1;land;false;hills;1
12405;32;12;1;land;false;plains;1
12406;30;71;1;land;false;plains;1
12407;185;173;1;land;false;plains;1
12408;205;220;1;land;false;plains;1
12409;180;230;1;land;false;hills;1
12410;194;211;1;land;false;plains;1
12411;139;216;1;land;false;plains;1
12412;200;184;1;land;false;plains;1
12413;185;211;1;land;false;hills;1
12414;148;173;1;land;true;plains;1
12415;134;209;1;land;false;plains;1
12416;199;204;1;land;true;plains;1
12417;199;180;1;land;false;hills;1
12418;174;172;1;land;false;plains;1
12419;160;165;1;land;false;plains;1
12420;172;190;1;land;false;plains;1
12421;100;137;1;land;false;plains;1
12422;91;196;1;land;false;plains;1
12423;123;158;1;land;false;plains;1
12424;47;151;1;land;true;plains;1
12425;68;174;1;land;false;hills;1
12426;99;192;1;land;false;mountain;1
12427;78;203;1;land;false;plains;1
12428;78;156;1;land;false;hills;1
12429;99;185;1;land;false;hills;1
12430;44;157;1;land;false;plains;1
12431;93;137;1;land;false;plains;1
12432;79;177;1;land;true;plains;1
12433;103;215;1;land;true;plains;1
12434;98;170;1;land;false;plains;1
12435;98;212;1;land;false;plains;1
12436;108;192;1;land;true;plains;1
12437;99;207;1;land;false;plains;1
12438;52;205;1;land;true;plains;1
12439;84;198;1;land;true;plains;1
12440;83;164;1;land;true;plains;1
12441;57;147;1;land;false;mountain;1
12442;44;208;1;land;true;plains;1
12443;78;178;1;land;false;hills;1
12444;84;178;1;land;false;plains;1
12445;81;200;1;land;false;hills;1
12446;84;212;1;land;false;plains;1
12447;68;215;1;land;false;plains;1
12448;58;144;1;land;true;plains;1
12449;113;211;1;land;true;plains;1
12450;105;174;1;land;true;plains;1
12451;48;170;1;land;false;plains;1
12452;44;136;1;land;true;plains;1
12453;103;180;1;land;false;plains;1
12454;23;220;1;land;false;hills;1
12455;8;224;1;land;false;plains;1
12456;20;205;1;land;false;plains;1
12457;71;219;1;land;false;plains;1
12458;29;254;1;land;false;hills;1
12459;36;218;1;land;false;plains;1
12460;25;228;1;land;false;plains;1
12461;8;253;1;land;false;plains;1
12462;81;251;1;land;true;plains;1
12463;55;235;1;land;false;plains;1
12464;40;249;1;land;false;plains;1
12465;4;237;1;land;true;plains;1
12466;13;240;1;land;false;plains;1
12467;70;212;1;land;false;plains;1
12468;51;208;1;land;false;plains;1
12469;58;219;1;land;false;plains;1
12470;61;249;1;land;false;plains;1
12471;12;231;1;land;false;plains;1
12472;62;244;1;land;false;plains;1
12473;28;237;1;land;false;hills;1
12474;20;231;1;land;false;plains;1
12475;80;209;1;land;true;plains;1
12476;77;227;1;land;false;plains;1
12477;68;227;1;land;true;plains;1
12478;29;214;1;land;true;plains;1
12479;12;224;1;land;false;plains;1
12480;33;236;1;land;false;hills;1
12481;40;244;1;land;false;plains;1
12482;78;228;1;land;false;plains;1
12483;46;209;1;land;false;plains;1
12484;82;237;1;land;true;plains;1
12485;8;244;1;land;false;hills;1
12486;4;212;1;land;false;plains;1
12487;17;222;1;land;false;plains;1
12488;4;221;1;land;false;plains;1
12489;169;97;1;land;false;plains;1
12490;132;69;1;land;false;hills;1
12491;187;81;1;land;false;plains;1
12492;138;121;1;land;false;plains;1
12493;142;77;1;land;false;hills;1
12494;195;83;1;land;false;mountain;1
12495;208;107;1;land;false;plains;1
12496;178;108;1;land;false;plains;1
12497;129;103;1;land;false;hills;1
12498;130;117;1;land;false;hills;1
12499;139;101;1;land;false;hills;1
12500;169;72;1;land;true;plains;1
12501;184;122;1;land;false;plains;1
12502;208;127;1;land;true;plains;1
12503;202;249;1;land;false;hills;1
12504;240;208;1;land;false;plains;1
12505;245;197;1;land;false;hills;1
12506;198;194;1;land;false;plains;1
12507;202;250;1;land;false;plains;1
12508;245;214;1;land;false;plains;1
12509;245;242;1;land;false;plains;1
12510;189;223;1;land;false;hills;1
12511;206;199;1;land;false;hills;1
12512;235;238;1;land;false;mountain;1
12513;246;215;1;land;false;hills;1
12514;249;202;1;land;true;plains;1
12515;240;248;1;land;false;plains;1
12516;218;234;1;land;true;plains;1
12517;200;250;1;land;true;plains;1
12518;185;223;1;land;false;plains;1
12519;224;252;1;land;true;plains;1
12520;207;248;1;land;true;plains;1
12521;221;207;1;land;false;plains;1
12522;249;226;1;land;false;plains;1
12523;247;248;1;land;false;hills;1
12524;199;211;1;land;false;plains;1
12525;196;226;1;land;true;plains;1
12526;208;247;1;land;false;hills;1
12527;191;231;1;land;true;plains;1
12528;185;248;1;land;false;hills;1
12529;228;206;1;land;false;hills;1
12530;217;210;1;land;false;hills;1
12531;196;202;1;land;true;plains;1
12532;243;193;1;land;false;hills;1
12533;205;218;1;land;false;hills;1
12534;210;190;1;land;true;plains;1
12535;221;193;1;land;false;plains;1
12536;188;211;1;land;false;plains;1
12537;207;192;1;land;false;hills;1
12538;237;241;1;land;true;plains;1
12539;69;82;1;land;false;plains;1
12540;89;139;1;land;false;plains;1
12541;61;61;1;land;false;plains;1
12542;66;112;1;land;true;plains;1
12543;85;139;1;land;true;plains;1
12544;74;72;1;land;true;plains;1
12545;77;129;1;land;false;plains;1
12546;82;133;1;land;true;plains;1
12547;91;98;1;land;false;plains;1
12548;83;61;1;land;true;plains;1
12549;119;127;1;land;true;plains;1
12550;120;63;1;land;true;plains;1
12551;61;129;1;land;false;plains;1
12552;92;127;1;land;true;plains;1
12553;56;115;1;land;false;plains;1
12554;56;88;1;land;true;plains;1
12555;71;69;1;land;true;plains;1
12556;86;122;1;land;false;plains;1
12557;81;131;1;land;true;plains;1
12558;59;70;1;land;false;plains;1
12559;59;78;1;land;false;plains;1
12560;55;93;1;land;false;plains;1
12561;112;81;1;land;false;plains;1
12562;88;73;1;land;true;plains;1
12563;79;124;1;land;true;plains;1
12564;85;126;1;land;true;plains;1
12565;117;100;1;land;true;plains;1
12566;46;110;1;land;true;plains;1
12567;120;130;1;land;true;plains;1
12568;119;80;1;land;false;plains;1
12569;82;107;1;land;true;plains;1
12570;73;92;1;land;false;plains;1
12571;76;104;1;land;true;plains;1
12572;117;124;1;land;true;plains;1
12573;83;140;1;land;false;plains;1
12574;85;95;1;land;false;plains;1
12575;75;103;1;land;false;plains;1
12576;9;60;1;land;false;hills;1
12577;58;71;1;land;false;plains;1
12578;77;61;1;land;false;hills;1
12579;42;74;1;land;false;hills;1
12580;81;50;1;land;false;hills;1
12581;44;43;1;land;false;hills;1
12582;70;94;1;land;false;mountain;1
12583;37;116;1;land;false;mountain;1
12584;74;121;1;land;false;hills;1
12585;7;54;1;land;true;plains;1
12586;85;54;1;land;false;mountain;1
12587;21;71;1;land;false;hills;1
12588;56;79;1;land;false;hills;1
12589;35;68;1;land;false;hills;1
12590;85;53;1;land;false;hills;1
12591;35;62;1;land;false;mountain;1
12592;71;99;1;land;false;mountain;1
12593;22;44;1;land;false;hills;1
12594;53;83;1;land;false;hills;1
12595;38;88;1;land;false;plains;1
12596;11;76;1;land;false;hills;1
12597;78;74;1;land;false;plains;1
12598;99;228;1;land;true;plains;1
12599;76;183;1;land;true;plains;1
12600;131;165;1;land;false;hills;1
12601;95;201;1;land;true;plains;1
12602;97;228;1;land;false;plains;1
12603;90;185;1;land;true;plains;1
12604;83;220;1;land;false;hills;1
12605;97;194;1;land;false;plains;1
12606;77;208;1;land;true;plains;1
12607;85;208;1;land;false;hills;1
12608;98;226;1;land;true;plains;1
12609;78;173;1;land;false;plains;1
12610;140;162;1;land;false;plains;1
12611;133;212;1;land;false;plains;1
12612;134;187;1;land;false;hills;1
12613;99;220;1;land;true;plains;1
12614;136;201;1;land;true;plains;1
12615;128;205;1;land;true;plains;1
12616;111;205;1;land;false;hills;1
12617;107;172;1;land;true;plains;1
12618;101;194;1;land;false;plains;1
12619;115;192;1;land;true;plains;1
12620;127;191;1;land;false;plains;1
12621;172;188;1;land;false;plains;1
12622;167;183;1;land;false;plains;1
12623;173;243;1;land;false;plains;1
12624;175;213;1;land;false;plains;1
12625;123;245;1;land;false;plains;1
12626;134;226;1;land;false;plains;1
12627;133;198;1;land;true;plains;1
12628;177;198;1;land;false;plains;1
12629;140;187;1;land;false;plains;1
12630;106;240;1;land;false;plains;1
12631;167;236;1;land;false;plains;1
12632;143;252;1;land;false;plains;1
12633;140;225;1;land;false;plains;1
12634;150;225;1;land;true;plains;1
12635;138;219;1;land;true;plains;1
12636;177;246;1;land;true;plains;1
12637;148;249;1;land;true;plains;1
12638;147;234;1;land;false;plains;1
12639;111;250;1;land;false;plains;1
12640;139;209;1;land;false;plains;1
12641;156;217;1;land;true;plains;1
12642;125;190;1;land;false;plains;1
12643;115;247;1;land;false;plains;1
12644;151;220;1;land;true;plains;1
12645;143;222;1;land;false;hills;1
12646;164;205;1;land;true;plains;1
12647;171;237;1;land;false;plains;1
12648;177;47;1;land;false;plains;1
12649;122;24;1;land;false;plains;1
12650;157;36;1;land;false;plains;1
12651;145;59;1;land;false;plains;1
12652;127;52;1;land;true;plains;1
12653;193;57;1;land;false;plains;1
12654;142;25;1;land;false;plains;1
12655;163;73;1;land;true;plains;1
12656;132;56;1;land;true;plains;1
12657;184;21;1;land;false;plains;1
12658;120;40;1;land;true;plains;1
12659;146;67;1;land;true;plains;1
12660;128;42;1;land;true;plains;1
12661;138;19;1;land;true;plains;1
12662;191;58;1;land;false;plains;1
12663;183;37;1;land;false;mountain;1
12664;166;65;1;land;false;plains;1
12665;157;56;1;land;true;plains;1
12666;162;16;1;land;true;plains;1
12667;149;81;1;land;true;plains;1
12668;191;20;1;land;true;plains;1
12669;181;38;1;land;false;hills;1
12670;180;67;1;land;true;plains;1
12671;144;16;1;land;false;plains;1
12672;138;71;1;land;false;plains;1
12673;126;30;1;land;false;plains;1
12674;153;183;1;land;false;plains;1
12675;137;190;1;land;true;plains;1
12676;187;168;1;land;true;plains;1
12677;136;237;1;land;true;plains;1
12678;194;228;1;land;false;plains;1
12679;163;188;1;land;false;plains;1
12680;182;216;1;land;false;hills;1
12681;193;180;1;land;false;plains;1
12682;184;221;1;land;true;plains;1
12683;142;237;1;land;false;hills;1
12684;199;202;1;land;false;plains;1
12685;135;194;1;land;false;hills;1
12686;178;209;1;land;false;plains;1
12687;186;194;1;land;false;plains;1
12688;184;230;1;land;false;plains;1
12689;199;181;1;land;true;plains;1
12690;188;240;1;land;false;plains;1
12691;9;183;1;land;true;plains;1
12692;20;118;1;land;false;plains;1
12693;11;171;1;land;false;hills;1
12694;56;164;1;land;true;plains;1
12695;15;138;1;land;false;hills;1
12696;53;123;1;land;true;plains;1
12697;58;130;1;land;true;plains;1
12698;23;155;1;land;false;plains;1
12699;11;147;1;land;true;plains;1
12700;48;126;1;land;false;plains;1
12701;60;147;1;land;false;hills;1
12702;6;116;1;land;true;plains;1
12703;6;154;1;land;false;plains;1
12704;20;137;1;land;false;plains;1
12705;38;166;1;land;false;plains;1
12706;21;138;1;land;true;plains;1
12707;1;178;1;land;false;hills;1
12708;0;109;1;land;false;plains;1
12709;13;144;1;land;false;plains;1
12710;1;125;1;land;true;plains;1
12711;14;138;1;land;true;plains;1
12712;37;179;1;land;false;plains;1
12713;38;116;1;land;false;plains;1
12714;62;158;1;land;false;plains;1
12715;42;147;1;land;true;plains;1
12716;8;138;1;land;false;plains;1
12717;46;132;1;land;false;hills;1
12718;43;167;1;land;false;plains;1
12719;48;175;1;land;false;plains;1
12720;233;141;1;land;false;plains;1
12721;245;178;1;land;false;plains;1
12722;214;167;1;land;false;hills;1
12723;222;130;1;land;false;plains;1
12724;240;134;1;land;true;plains;1
12725;218;134;1;land;true;plains;1
12726;234;194;1;land;false;plains;1
12727;235;156;1;land;false;plains;1
12728;251;122;1;land;true;plains;1
12729;224;153;1;land;false;plains;1
12730;236;152;1;land;false;plains;1
12731;247;124;1;land;false;plains;1
12732;240;195;1;land;true;plains;1
12733;253;169;1;land;true;plains;1
12734;220;126;1;land;false;plains;1
12735;221;187;1;land;false;hills;1
12736;225;179;1;land;false;hills;1
12737;219;190;1;land;false;plains;1
12738;229;199;1;land;true;plains;1
12739;253;165;1;land;false;plains;1
12740;246;161;1;land;true;plains;1
12741;250;157;1;land;false;plains;1
12742;237;191;1;land;false;plains;1
12743;220;181;1;land;false;hills;1
12744;252;123;1;land;false;plains;1
12745;217;177;1;land;false;plains;1
12746;227;190;1;land;true;plains;1
12747;234;172;1;land;false;plains;1
12748;218;150;1;land;false;plains;1
12749;224;194;1;land;false;plains;1
12750;215;133;1;land;false;plains;1
12751;219;192;1;land;true;plains;1
12752;216;172;1;land;false;plains;1
12753;221;144;1;land;true;plains;1
12754;226;179;1;land;false;plains;1
12755;222;132;1;land;false;plains;1
12756;249;189;1;land;false;plains;1
12757;249;177;1;land;true;plains;1
12758;244;121;1;land;false;plains;1
12759;233;145;1;land;false;plains;1
12760;171;168;1;land;false;hills;1
12761;158;168;1;land;false;plains;1
12762;190;122;1;land;false;plains;1
12763;199;111;1;land;false;hills;1
12764;211;140;1;land;false;plains;1
12765;216;106;1;land;false;hills;1
12766;175;95;1;land;false;plains;1
12767;218;93;1;land;false;mountain;1
12768;152;154;1;land;false;plains;1
12769;147;170;1;land;false;plains;1
12770;213;147;1;land;false;plains;1
12771;224;106;1;land;false;hills;1
12772;209;164;1;land;false;plains;1
12773;168;133;1;land;false;plains;1
12774;216;160;1;land;false;plains;1
12775;187;111;1;land;false;plains;1
12776;159;140;1;land;false;hills;1
12777;199;125;1;land;false;plains;1
12778;217;135;1;land;false;plains;1
12779;176;134;1;land;false;plains;1
12780;172;106;1;land;false;hills;1
12781;157;99;1;land;false;plains;1
12782;168;170;1;land;false;hills;1
12783;153;99;1;land;false;mountain;1
12784;188;139;1;land;false;plains;1
12785;172;164;1;land;false;plains;1
12786;190;120;1;land;false;mountain;1
12787;219;145;1;land;false;plains;1
12788;160;127;1;land;false;plains;1
12789;224;109;1;land;false;plains;1
12790;219;151;1;land;false;hills;1
12791;217;96;1;land;false;hills;1
12792;151;93;1;land;false;plains;1
12793;183;95;1;land;false;hills;1
12794;11;51;1;land;false;plains;1
12795;21;46;1;land;true;plains;1
12796;18;90;1;land;false;plains;1
12797;13;16;1;land;false;plains;1
12798;16;49;1;land;true;plains;1
12799;1;55;1;land;false;plains;1
12800;15;21;1;land;true;plains;1
12801;13;91;1;land;false;plains;1
12802;39;33;1;land;false;plains;1
12803;0;30;1;land;true;plains;1
12804;27;89;1;land;true;plains;1
12805;5;65;1;land;false;plains;1
12806;34;82;1;land;true;plains;1
12807;17;61;1;land;true;plains;1
12808;28;89;1;land;false;plains;1
12809;24;83;1;land;false;plains;1
12810;42;72;1;land;true;plains;1
12811;38;40;1;land;true;plains;1
12812;53;50;1;land;true;plains;1
12813;4;13;1;land;false;hills;1
12814;6;13;1;land;true;plains;1
12815;53;14;1;land;false;plains;1
12816;7;33;1;land;false;plains;1
12817;41;34;1;land;true;plains;1
12818;6;31;1;land;false;plains;1
12819;2;82;1;land;true;plains;1
12820;30;64;1;land;true;plains;1
12821;15;79;1;land;false;plains;1
12822;49;47;1;land;false;plains;1
12823;30;91;1;land;false;hills;1
12824;23;41;1;land;true;plains;1
12825;22;87;1;land;false;plains;1
12826;7;147;1;land;true;plains;4
12827;24;93;1;land;true;plains;4
12828;32;138;1;land;true;plains;4
12829;45;117;1;land;true;plains;4
12830;13;154;1;land;true;forest;4
12831;38;78;1;land;true;forest;4
12832;21;59;1;land;false;plains;4
12833;5;105;1;land;true;forest;4
12834;3;79;1;land;true;plains;4
12835;32;55;1;land;true;plains;4
12836;31;87;1;land;true;forest;4
12837;42;65;1;land;false;plains;4
12838;8;92;1;land;true;plains;4
12839;97;127;1;land;false;plains;4
12840;109;113;1;land;false;plains;4
12841;139;73;1;land;false;plains;4
12842;107;103;1;land;false;plains;4
12843;158;119;1;land;false;plains;4
12844;148;118;1;land;false;plains;4
12845;86;114;1;land;false;plains;4
12846;104;131;1;land;false;plains;4
12847;15;197;1;land;true;forest;4
12848;38;143;1;land;true;plains;4
12849;19;202;1;land;true;plains;4
12850;39;158;1;land;true;plains;4
12851;36;181;1;land;true;plains;4
12852;63;156;1;land;true;urban;4
12853;62;144;1;land;true;plains;4
12854;58;146;1;land;false;plains;4
12855;30;173;1;land;true;forest;4
12856;58;188;1;land;false;forest;4
12857;41;172;1;land;true;plains;4
12858;46;177;1;land;true;plains;4
12859;34;186;1;land;false;forest;4
12860;20;120;1;land;true;forest;4
12861;61;180;1;land;false;plains;4
12862;0;183;1;land;false;plains;4
12863;44;133;1;land;false;plains;4
12864;191;210;1;land;false;plains;4
12865;220;203;1;land;false;forest;4
12866;166;230;1;land;false;plains;4
12867;201;235;1;land;false;plains;4
12868;204;226;1;land;false;plains;4
12869;156;213;1;land;false;plains;4
12870;179;220;1;land;false;plains;4
12871;240;205;1;land;false;forest;4
12872;214;248;1;land;true;forest;4
12873;191;226;1;land;false;urban;4
12874;223;251;1;land;false;forest;4
12875;184;254;1;land;true;forest;4
12876;238;205;1;land;false;forest;4
12877;244;254;1;land;false;forest;4
12878;206;205;1;land;false;forest;4
12879;180;206;1;land;false;forest;4
12880;220;236;1;land;false;urban;4
12881;204;205;1;land;false;forest;4
12882;138;179;1;land;false;forest;4
12883;103;222;1;land;false;plains;4
12884;114;203;1;land;false;plains;4
12885;108;227;1;land;false;forest;4
12886;107;195;1;land;false;forest;4
12887;100;208;1;land;false;forest;4
12888;125;199;1;land;false;plains;4
12889;132;224;1;land;false;plains;4
12890;167;197;1;land;false;urban;4
12891;109;222;1;land;true;forest;4
12892;120;249;1;land;false;forest;4
12893;120;228;1;land;false;forest;4
12894;156;205;1;land;false;forest;4
12895;146;222;1;land;true;forest;4
12896;111;199;1;land;false;forest;4
12897;143;188;1;land;true;forest;4
12898;162;195;1;land;false;forest;4
12899;132;208;1;land;true;urban;4
12900;69;156;1;land;false;plains;4
12901;72;195;1;land;false;plains;4
12902;38;190;1;land;true;plains;4
12903;60;139;1;land;false;plains;4
12904;38;173;1;land;true;plains;4
12905;103;160;1;land;false;plains;4
12906;73;189;1;land;false;plains;4
12907;45;193;1;land;false;plains;4
12908;65;178;1;land;true;plains;4
12909;116;180;1;land;false;plains;4
12910;72;150;1;land;false;plains;4
12911;51;145;1;land;false;plains;4
12912;71;169;1;land;false;plains;4
12913;74;198;1;land;false;plains;4
12914;82;157;1;land;false;plains;4
12915;77;187;1;land;false;plains;4
12916;72;181;1;land;false;forest;4
12917;125;219;1;land;false;plains;4
12918;91;214;1;land;true;plains;4
12919;95;228;1;land;true;plains;4
12920;132;196;1;land;true;plains;4
12921;71;229;1;land;false;plains;4
12922;135;222;1;land;true;plains;4
12923;27;252;1;land;false;forest;4
12924;52;239;1;land;true;forest;4
12925;56;232;1;land;false;plains;4
12926;40;218;1;land;false;plains;4
12927;33;235;1;land;false;plains;4
12928;33;239;1;land;false;plains;4
12929;37;252;1;land;true;forest;4
12930;29;236;1;land;false;plains;4
12931;7;251;1;land;true;plains;4
12932;23;251;1;land;false;forest;4
12933;24;239;1;land;false;plains;4
12934;106;144;1;land;false;plains;4
12935;129;111;1;land;false;plains;4
12936;106;127;1;land;false;plains;4
12937;88;127;1;land;false;forest;4
12938;112;146;1;land;false;plains;4
12939;223;79;1;land;false;forest;4
12940;203;84;1;land;true;forest;4
12941;218;31;1;land;false;forest;4
12942;201;80;1;land;false;forest;4
12943;230;56;1;land;true;forest;4
12944;131;31;1;land;true;urban;4
12945;96;1;1;land;false;forest;4
12946;113;12;1;land;true;forest;4
12947;86;57;1;land;false;forest;4
12948;90;50;1;land;true;forest;4
12949;92;14;1;land;false;forest;4
12950;103;0;1;land;true;forest;4
12951;96;45;1;land;true;forest;4
12952;113;60;1;land;true;forest;4
12953;101;65;1;land;false;forest;4
12954;80;35;1;land;true;forest;4
12955;122;15;1;land;false;forest;4
12956;89;44;1;land;true;forest;4
12957;223;98;1;land;false;forest;4
12958;228;124;1;land;false;forest;4
12959;223;129;1;land;false;forest;4
12960;216;135;1;land;false;forest;4
12961;223;134;1;land;false;plains;4
12962;212;131;1;land;false;forest;4
12963;230;113;1;land;false;forest;4
12964;221;102;1;land;false;forest;4
12965;210;60;1;land;false;plains;4
12966;232;69;1;land;false;forest;4
12967;254;119;1;land;false;forest;4
12968;196;31;1;land;false;plains;4
12969;215;83;1;land;false;plains;4
12970;179;79;1;land;false;plains;4
12971;204;42;1;land;true;plains;4
12972;223;29;1;land;true;plains;4
12973;241;27;1;land;true;plains;4
12974;195;66;1;land;false;plains;4
12975;34;149;1;land;false;forest;4
12976;111;117;1;land;true;forest;4
12977;41;110;1;land;false;plains;4
12978;109;85;1;land;false;plains;4
12979;57;120;1;land;false;plains;4
12980;49;99;1;land;false;forest;4
12981;59;98;1;land;false;plains;4
12982;177;37;1;land;false;plains;4
12983;145;26;1;land;false;plains;4
12984;174;34;1;land;false;plains;4
12985;125;41;1;land;false;forest;4
12986;139;70;1;land;false;forest;4
12987;186;84;1;land;false;forest;4
12988;138;48;1;land;false;urban;4
12989;150;35;1;land;false;plains;4
12990;159;15;1;land;false;urban;4
12991;135;32;1;land;false;forest;4
12992;120;66;1;land;false;plains;4
12993;183;55;1;land;false;plains;4
12994;174;66;1;land;false;plains;4
12995;156;35;1;land;false;plains;4
12996;183;23;1;land;false;plains;4
12997;183;74;1;land;false;plains;4
12998;208;193;1;land;false;plains;4
12999;237;235;1;land;true;plains;4
13000;194;253;1;land;true;plains;4
13001;202;187;1;land;true;plains;4
13002;95;115;1;land;false;forest;4
13003;85;135;1;land;false;plains;4
13004;50;146;1;land;false;plains;4
13005;89;90;1;land;false;plains;4
13006;98;134;1;land;false;plains;4
13007;53;124;1;land;false;forest;4
13008;95;87;1;land;false;forest;4
13009;184;222;1;land;false;plains;4
13010;125;253;1;land;true;forest;4
13011;177;196;1;land;true;forest;4
13012;173;191;1;land;false;forest;4
13013;146;197;1;land;false;forest;4
13014;149;235;1;land;false;forest;4
13015;202;188;1;land;false;plains;4
13016;191;185;1;land;true;plains;4
13017;159;194;1;land;false;forest;4
13018;217;128;1;land;true;forest;4
13019;182;188;1;land;false;plains;4
13020;181;200;1;land;false;forest;4
13021;163;128;1;land;false;plains;4
13022;207;162;1;land;false;plains;4
13023;212;180;1;land;false;plains;4
13024;156;136;1;land;false;plains;4
13025;178;131;1;land;true;forest;4
13026;180;195;1;land;true;forest;4
13027;183;129;1;land;false;forest;4
13028;196;132;1;land;false;forest;4
13029;186;182;1;land;false;plains;4
13030;157;177;1;land;false;plains;4
13031;155;153;1;land;true;forest;4
13032;219;144;1;land;false;plains;4
13033;194;163;1;land;true;forest;4
13034;202;132;1;land;false;urban;4
13035;190;164;1;land;true;plains;4
13036;209;124;1;land;false;plains;4
13037;144;188;1;land;false;plains;4
13038;171;164;1;land;true;plains;4
13039;222;41;1;land;false;forest;4
13040;233;61;1;land;true;forest;4
13041;202;98;1;land;true;forest;4
13042;246;52;1;land;false;plains;4
13043;210;89;1;land;false;forest;4
13044;224;53;1;land;false;forest;4
13045;223;63;1;land;true;forest;4
13046;236;127;1;land;true;forest;4
13047;233;170;1;land;true;forest;4
13048;61;192;1;land;false;jungle;7
13049;24;221;1;land;false;jungle;7
13050;25;192;1;land;false;jungle;7
13051;35;218;1;land;false;forest;7
13052;69;233;1;land;false;jungle;7
13053;42;200;1;land;false;forest;7
13054;49;214;1;land;true;jungle;7
13055;14;216;1;land;true;jungle;7
13056;70;183;1;land;true;jungle;7
13057;26;194;1;land;true;jungle;7
13058;17;245;1;land;false;forest;7
13059;40;213;1;land;false;jungle;7
13060;58;220;1;land;true;jungle;7
13061;31;241;1;land;false;forest;7
13062;67;187;1;land;true;jungle;7
13063;63;182;1;land;true;jungle;7
13064;51;219;1;land;false;forest;7
13065;26;209;1;land;true;jungle;7
13066;72;225;1;land;false;jungle;7
13067;75;199;1;land;true;jungle;7
13068;8;197;1;land;true;jungle;7
13069;52;229;1;land;false;jungle;7
13070;29;226;1;land;true;forest;7
13071;62;191;1;land;false;jungle;7
13072;75;219;1;land;true;jungle;7
13073;4;185;1;land;false;forest;7
13074;2;253;1;land;true;jungle;7
13075;61;212;1;land;false;jungle;7
13076;57;205;1;land;false;forest;7
13077;45;249;1;land;true;jungle;7
13078;206;150;1;land;false;plains;7
13079;242;161;1;land;false;plains;7
13080;210;135;1;land;false;plains;7
13081;213;185;1;land;false;plains;7
13082;167;48;1;land;true;forest;7
13083;160;15;1;land;false;forest;7
13084;141;60;1;land;true;forest;7
13085;90;69;1;land;true;forest;7
13086;98;29;1;land;true;jungle;7
13087;104;82;1;land;false;forest;7
13088;91;55;1;land;false;jungle;7
13089;95;19;1;land;false;jungle;7
13090;156;48;1;land;true;forest;7
13091;131;61;1;land;false;jungle;7
13092;167;45;1;land;false;forest;7
13093;160;79;1;land;true;jungle;7
13094;149;58;1;land;true;forest;7
13095;136;23;1;land;false;forest;7
13096;115;6;1;land;true;forest;7
13097;99;9;1;land;false;forest;7
13098;133;40;1;land;true;forest;7
13099;172;220;1;land;true;plains;7
13100;229;197;1;land;false;plains;7
13101;210;201;1;land;true;plains;7
13102;238;201;1;land;true;forest;7
13103;203;182;1;land;false;plains;7
13104;203;209;1;land;false;plains;7
13105;201;176;1;land;false;plains;7
13106;231;176;1;land;true;plains;7
13107;212;185;1;land;true;plains;7
13108;212;176;1;land;false;plains;7
13109;233;178;1;land;true;plains;7
13110;53;33;1;land;false;forest;7
13111;48;56;1;land;false;forest;7
13112;43;58;1;land;true;forest;7
13113;13;49;1;land;false;forest;7
13114;60;53;1;land;false;forest;7
13115;17;80;1;land;false;plains;7
13116;48;71;1;land;true;plains;7
13117;16;36;1;land;false;forest;7
13118;7;90;1;land;false;forest;7
13119;107;149;1;land;true;plains;7
13120;99;94;1;land;true;plains;7
13121;92;143;1;land;false;plains;7
13122;105;155;1;land;false;plains;7
13123;84;93;1;land;true;plains;7
13124;24;8;1;land;true;plains;7
13125;17;5;1;land;true;plains;7
13126;6;15;1;land;true;plains;7
13127;62;33;1;land;true;plains;7
13128;5;32;1;land;false;plains;7
13129;113;184;1;land;false;jungle;7
13130;67;216;1;land;true;jungle;7
13131;47;143;1;land;true;jungle;7
13132;108;190;1;land;true;jungle;7
13133;79;159;1;land;true;jungle;7
13134;55;221;1;land;false;jungle;7
13135;67;158;1;land;true;jungle;7
13136;56;187;1;land;true;jungle;7
13137;48;113;1;land;true;plains;7
13138;2;138;1;land;false;plains;7
13139;3;104;1;land;true;plains;7
13140;29;112;1;land;false;plains;7
13141;180;89;1;land;true;jungle;7
13142;189;91;1;land;true;jungle;7
13143;189;101;1;land;true;jungle;7
13144;181;76;1;land;true;jungle;7
13145;173;58;1;land;false;jungle;7
13146;169;41;1;land;false;jungle;7
13147;181;98;1;land;false;jungle;7
13148;183;70;1;land;true;jungle;7
13149;133;86;1;land;false;jungle;7
13150;161;69;1;land;true;jungle;7
13151;194;44;1;land;true;forest;7
13152;132;45;1;land;false;jungle;7
13153;199;89;1;land;false;jungle;7
13154;136;82;1;land;true;jungle;7
13155;138;34;1;land;true;jungle;7
13156;180;81;1;land;false;jungle;7
13157;19;151;1;land;true;jungle;7
13158;47;186;1;land;false;jungle;7
13159;28;146;1;land;false;jungle;7
13160;67;205;1;land;false;jungle;7
13161;21;172;1;land;false;jungle;7
13162;66;179;1;land;false;jungle;7
13163;2;190;1;land;false;forest;7
13164;71;164;1;land;false;jungle;7
13165;30;208;1;land;false;jungle;7
13166;155;202;1;land;false;plains;7
13167;155;185;1;land;false;plains;7
13168;130;211;1;land;true;plains;7
13169;201;204;1;land;true;plains;7
13170;131;233;1;land;true;plains;7
13171;167;243;1;land;true;plains;7
13172;188;214;1;land;false;plains;7
13173;200;237;1;land;false;plains;7
13174;228;26;1;land;true;forest;7
13175;203;82;1;land;false;plains;7
13176;220;78;1;land;false;plains;7
13177;211;52;1;land;false;plains;7
13178;254;53;1;land;false;plains;7
13179;217;90;1;land;false;plains;7
13180;209;57;1;land;true;forest;7
13181;240;71;1;land;true;forest;7
13182;218;56;1;land;false;plains;7
13183;209;29;1;land;true;plains;7
13184;236;50;1;land;false;plains;7
13185;241;44;1;land;false;plains;7
13186;218;84;1;land;false;plains;7
13187;200;19;1;land;false;plains;7
13188;123;77;1;land;true;forest;7
13189;81;129;1;land;false;plains;7
13190;105;53;1;land;false;forest;7
13191;122;94;1;land;true;plains;7
13192;102;120;1;land;false;plains;7
13193;96;68;1;land;false;plains;7
13194;85;105;1;land;false;forest;7
13195;90;187;1;land;false;plains;7
13196;87;197;1;land;false;plains;7
13197;67;109;1;land;false;jungle;7
13198;86;74;1;land;false;jungle;7
13199;111;85;1;land;false;jungle;7
13200;100;88;1;land;true;jungle;7
13201;47;123;1;land;false;jungle;7
13202;106;108;1;land;false;jungle;7
13203;46;111;1;land;false;forest;7
13204;67;119;1;land;true;jungle;7
13205;113;74;1;land;false;jungle;7
13206;81;62;1;land;false;jungle;7
13207;44;94;1;land;false;jungle;7
13208;95;118;1;land;false;jungle;7
13209;53;84;1;land;false;jungle;7
13210;66;99;1;land;false;jungle;7
13211;123;55;1;land;false;jungle;7
13212;95;59;1;land;false;jungle;7
13213;51;121;1;land;false;jungle;7
13214;122;113;1;land;false;jungle;7
13215;78;54;1;land;false;jungle;7
13216;82;119;1;land;false;jungle;7
13217;73;48;1;land;true;jungle;7
13218;62;82;1;land;false;forest;7
13219;113;78;1;land;false;jungle;7
13220;49;81;1;land;false;jungle;7
13221;79;71;1;land;false;jungle;7
13222;115;52;1;land;false;jungle;7
13223;87;58;1;land;false;jungle;7
13224;52;86;1;land;false;jungle;7
13225;118;60;1;land;false;forest;7
13226;47;119;1;land;false;jungle;7
13227;113;70;1;land;false;jungle;7
13228;120;82;1;land;false;jungle;7
13229;123;100;1;land;true;jungle;7
13230;96;79;1;land;false;jungle;7
13231;122;100;1;land;false;jungle;7
13232;68;68;1;land;true;jungle;7
13233;135;78;1;land;false;forest;7
13234;181;60;1;land;true;forest;7
13235;120;50;1;land;false;forest;7
13236;184;86;1;land;false;forest;7
13237;159;96;1;land;false;forest;7
13238;123;76;1;land;false;forest;7
13239;186;117;1;land;false;forest;7
13240;162;108;1;land;false;hills;7
13241;178;102;1;land;false;forest;7
13242;129;87;1;land;false;forest;7
13243;117;10;1;land;false;forest;7
13244;177;52;1;land;false;hills;7
13245;140;9;1;land;false;hills;7
13246;169;51;1;land;false;forest;7
13247;148;28;1;land;true;forest;7
13248;182;48;1;land;false;hills;7
13249;162;54;1;land;false;hills;7
13250;210;110;1;land;false;mountain;7
13251;198;119;1;land;true;forest;7
13252;206;58;1;land;false;mountain;7
13253;235;64;1;land;false;forest;7
13254;194;76;1;land;true;forest;7
13255;208;49;1;land;false;mountain;7
13256;233;119;1;land;false;mountain;7
13257;247;90;1;land;false;mountain;7
13258;195;91;1;land;true;forest;7
13259;194;64;1;land;true;forest;7
13260;236;88;1;land;false;jungle;7
13261;254;89;1;land;false;jungle;7
13262;212;46;1;land;false;mountain;7
13263;235;49;1;land;true;jungle;7
13264;188;70;1;land;false;forest;7
13265;176;104;1;land;false;jungle;7
13266;193;106;1;land;false;hills;7
13267;244;86;1;land;false;forest;7
13268;201;108;1;land;false;forest;7
13269;206;86;1;land;false;jungle;7
13270;190;42;1;land;true;jungle;7
13271;243;110;1;land;false;jungle;7
13272;188;108;1;land;false;mountain;7
13273;211;65;1;land;true;forest;7
13274;227;49;1;land;false;jungle;7
13275;195;67;1;land;false;forest;7
13276;247;94;1;land;false;jungle;7
13277;226;43;1;land;false;jungle;7
13278;241;73;1;land;false;jungle;7
13279;181;79;1;land;false;forest;7
13280;219;11;1;land;true;plains;7
13281;227;4;1;land;false;forest;7
13282;234;31;1;land;true;plains;7
13283;232;30;1;land;false;forest;7
13284;232;77;1;land;true;plains;7
13285;244;68;1;land;true;forest;7
13286;200;71;1;land;true;forest;7
13287;204;59;1;land;true;forest;7
13288;228;78;1;land;false;mountain;7
13289;210;25;1;land;true;plains;7
13290;217;40;1;land;true;forest;7
13291;224;57;1;land;false;mountain;7
13292;251;26;1;land;true;forest;7
13293;252;42;1;land;true;forest;7
13294;247;19;1;land;false;forest;7
13295;252;25;1;land;false;forest;7
13296;216;20;1;land;false;hills;7
13297;225;54;1;land;false;forest;7
13298;245;35;1;land;true;forest;7
13299;232;28;1;land;false;plains;7
13300;238;5;1;land;true;plains;7
13301;85;162;1;land;true;plains;7
13302;102;176;1;land;true;plains;7
13303;106;209;1;land;true;plains;7
13304;82;167;1;land;false;plains;7
13305;110;184;1;land;true;plains;7
13306;64;223;1;land;false;plains;7
13307;103;195;1;land;false;plains;7
13308;116;213;1;land;true;plains;7
13309;45;201;1;land;true;plains;7
13310;90;217;1;land;false;plains;7
13311;97;157;1;land;false;forest;7
13312;117;151;1;land;false;forest;7
13313;118;186;1;land;false;plains;7
13314;107;218;1;land;false;forest;7
13315;91;178;1;land;false;forest;7
13316;82;205;1;land;false;forest;7
13317;75;178;1;land;false;plains;7
13318;68;178;1;land;false;plains;7
13319;58;157;1;land;false;forest;7
13320;117;157;1;land;false;plains;7
13321;132;156;1;land;true;forest;7
13322;165;175;1;land;true;plains;7
13323;113;205;1;land;false;plains;7
13324;161;186;1;land;false;plains;7
13325;110;163;1;land;false;forest;7
13326;126;187;1;land;true;forest;7
13327;129;147;1;land;false;plains;7
13328;149;142;1;land;true;forest;7
13329;172;141;1;land;true;plains;7
13330;182;211;1;land;true;forest;7
13331;148;153;1;land;false;plains;7
13332;179;159;1;land;true;plains;7
13333;122;177;1;land;true;plains;7
13334;182;148;1;land;false;forest;7
13335;117;154;1;land;false;plains;7
13336;144;176;1;land;false;plains;7
13337;136;141;1;land;false;plains;7
13338;151;149;1;land;true;plains;7
13339;128;217;1;land;false;plains;7
13340;156;181;1;land;true;plains;7
13341;117;162;1;land;false;forest;7
13342;177;188;1;land;false;plains;7
13343;139;149;1;land;false;plains;7
13344;170;170;1;land;false;plains;7
13345;10;127;1;land;true;plains;7
13346;13;129;1;land;true;plains;7
13347;15;187;1;land;false;forest;7
13348;19;155;1;land;true;forest;7
13349;47;131;1;land;true;forest;7
13350;6;140;1;land;false;forest;7
13351;4;156;1;land;true;forest;7
13352;39;74;1;land;false;jungle;7
13353;27;97;1;land;true;jungle;7
13354;93;76;1;land;false;jungle;7
13355;57;149;1;land;false;jungle;7
13356;95;117;1;land;false;hills;7
13357;77;144;1;land;false;jungle;7
13358;95;100;1;land;true;jungle;7
13359;66;108;1;land;false;jungle;7
13360;99;123;1;land;false;jungle;7
13361;87;133;1;land;true;jungle;7
13362;71;110;1;land;false;hills;7
13363;64;87;1;land;true;jungle;7
13364;77;149;1;land;true;jungle;7
13365;38;101;1;land;false;jungle;7
13366;160;64;1;land;false;plains;7
13367;145;65;1;land;false;plains;7
13368;102;60;1;land;false;plains;7
13369;137;17;1;land;true;plains;7
13370;176;71;1;land;true;plains;7
13371;99;33;1;land;true;plains;7
13372;175;8;1;land;false;plains;7
13373;134;15;1;land;true;plains;7
13374;135;6;1;land;true;plains;7
13375;105;51;1;land;false;plains;7
13376;136;52;1;land;false;plains;7
13377;99;49;1;land;false;plains;7
13378;136;43;1;land;false;plains;7
13379;118;70;1;land;false;plains;7
13380;100;55;1;land;false;plains;7
13381;105;175;1;land;false;forest;7
13382;136;196;1;land;true;forest;7
13383;139;192;1;land;false;forest;7
13384;133;179;1;land;true;plains;7
13385;90;214;1;land;true;forest;7
13386;81;188;1;land;false;forest;7
13387;114;168;1;land;false;plains;7
13388;139;169;1;land;false;forest;7
13389;128;163;1;land;true;plains;7
13390;136;170;1;land;true;forest;7
13391;127;165;1;land;false;forest;7
13392;75;175;1;land;true;plains;7
13393;8;137;1;land;true;jungle;7
13394;4;146;1;land;true;forest;7
13395;15;164;1;land;true;jungle;7
13396;43;187;1;land;false;hills;7
13397;38;182;1;land;false;plains;7
13398;6;207;1;land;false;plains;7
13399;61;184;1;land;false;hills;7
13400;28;157;1;land;false;mountain;7
13401;65;154;1;land;false;plains;7
13402;57;212;1;land;false;mountain;7
13403;2;172;1;land;false;mountain;7
13404;17;201;1;land;false;plains;7
13405;25;196;1;land;false;plains;7
13406;0;162;1;land;false;plains;7
13407;22;146;1;land;false;plains;7
13408;26;178;1;land;false;mountain;7
13409;35;156;1;land;false;plains;7
13410;123;110;1;land;false;jungle;7
13411;72;127;1;land;false;forest;7
13412;121;129;1;land;false;forest;7
13413;73;124;1;land;true;jungle;7
13414;80;88;1;land;false;forest;7
13415;101;128;1;land;true;jungle;7
13416;116;95;1;land;true;jungle;7
13417;81;103;1;land;false;forest;7
13418;244;21;1;land;true;forest;7
13419;212;29;1;land;true;forest;7
13420;90;233;1;land;false;forest;4
13421;105;195;1;land;true;forest;4
13422;116;215;1;land;false;forest;4
13423;80;217;1;land;false;forest;4
13424;108;236;1;land;false;plains;4
13425;81;248;1;land;true;urban;4
13426;94;210;1;land;false;forest;4
13427;92;216;1;land;true;plains;4
13428;76;219;1;land;true;plains;4
13429;100;248;1;land;false;forest;4
13430;70;214;1;land;false;forest;4
13431;60;243;1;land;true;forest;4
13432;49;215;1;land;true;plains;4
13433;119;222;1;land;true;plains;4
13434;46;243;1;land;true;plains;4
13435;238;9;1;land;false;plains;4
13436;194;19;1;land;true;forest;4
13437;226;67;1;land;false;plains;4
13438;214;71;1;land;false;plains;4
13439;227;36;1;land;true;plains;4
13440;246;23;1;land;false;plains;4
13441;254;25;1;land;true;forest;4
13442;218;55;1;land;true;plains;4
13443;201;41;1;land;false;plains;4
13444;227;14;1;land;true;plains;4
13445;207;9;1;land;false;forest;4
13446;98;119;1;land;true;plains;4
13447;131;110;1;land;false;urban;4
13448;101;61;1;land;false;plains;4
13449;112;92;1;land;false;plains;4
13450;141;121;1;land;true;plains;4
13451;108;75;1;land;true;plains;4
13452;129;116;1;land;false;plains;4
13453;115;134;1;land;false;plains;4
13454;114;131;1;land;false;urban;4
13455;90;86;1;land;true;plains;4
13456;85;124;1;land;false;plains;4
13457;87;83;1;land;false;urban;4
13458;124;64;1;land;false;plains;4
13459;79;101;1;land;false;plains;4
13460;84;91;1;land;true;plains;4
13461;117;123;1;land;false;plains;4
13462;148;120;1;land;false;plains;4
13463;84;76;1;land;true;plains;4
13464;144;100;1;land;false;urban;4
13465;129;120;1;land;false;plains;4
13466;106;69;1;land;true;forest;4
13467;86;96;1;land;false;plains;4
13468;86;170;1;land;false;forest;4
13469;103;225;1;land;false;forest;4
13470;128;202;1;land;false;forest;4
13471;94;181;1;land;false;forest;4
13472;91;180;1;land;false;forest;4
13473;69;191;1;land;false;forest;4
13474;89;193;1;land;false;forest;4
13475;104;218;1;land;true;plains;4
13476;54;229;1;land;true;forest;4
13477;179;234;1;land;false;plains;4
13478;195;178;1;land;true;plains;4
13479;194;231;1;land;true;plains;4
13480;137;179;1;land;true;plains;4
13481;166;234;1;land;true;plains;4
13482;179;192;1;land;true;plains;4
13483;155;218;1;land;true;plains;4
13484;176;244;1;land;false;plains;4
13485;157;76;1;land;false;forest;4
13486;191;46;1;land;false;forest;4
13487;174;93;1;land;false;forest;4
13488;176;69;1;land;false;forest;4
13489;15;11;1;land;true;plains;4
13490;6;45;1;land;false;plains;4
13491;13;30;1;land;false;plains;4
13492;13;17;1;land;true;urban;4
13493;204;245;1;land;true;forest;4
13494;251;242;1;land;true;plains;4
13495;228;230;1;land;false;forest;4
13496;253;220;1;land;true;forest;4
13497;229;228;1;land;true;forest;4
13498;207;244;1;land;true;plains;4
13499;207;225;1;land;false;plains;4
13500;55;186;1;land;true;plains;4
13501;32;178;1;land;false;plains;4
13502;48;171;1;land;false;plains;4
13503;7;145;1;land;true;plains;4
13504;46;137;1;land;true;plains;4
13505;46;157;1;land;true;plains;4
13506;38;199;1;land;false;plains;4
13507;38;158;1;land;false;plains;4
13508;52;210;1;land;true;plains;4
13509;25;149;1;land;true;plains;4
13510;46;135;1;land;true;plains;4
13511;24;163;1;land;false;urban;4
13512;36;149;1;land;false;plains;4
13513;79;186;1;land;false;plains;4
13514;163;212;1;land;false;plains;4
13515;187;226;1;land;false;forest;4
13516;214;225;1;land;true;plains;4
13517;151;232;1;land;false;plains;4
13518;154;252;1;land;false;plains;4
13519;159;219;1;land;false;plains;4
13520;219;208;1;land;false;plains;4
13521;199;207;1;land;false;plains;4
13522;174;191;1;land;false;plains;4
13523;188;186;1;land;false;plains;4
13524;158;235;1;land;false;plains;4
13525;158;208;1;land;false;forest;4
13526;163;220;1;land;false;plains;4
13527;216;190;1;land;false;plains;4
13528;156;223;1;land;false;plains;4
13529;148;213;1;land;false;plains;4
13530;167;253;1;land;false;plains;4
13531;220;190;1;land;false;forest;4
13532;183;225;1;land;true;plains;4
13533;153;233;1;land;false;plains;4
13534;193;233;1;land;false;plains;4
13535;145;187;1;land;false;plains;4
13536;175;227;1;land;false;plains;4
13537;194;92;1;land;false;urban;4
13538;154;135;1;land;false;plains;4
13539;187;127;1;land;false;plains;4
13540;185;141;1;land;false;plains;4
13541;198;104;1;land;false;plains;4
13542;200;116;1;land;false;plains;4
13543;53;117;1;land;true;forest;4
13544;31;89;1;land;false;plains;4
13545;20;61;1;land;false;plains;4
13546;2;61;1;land;true;forest;4
13547;44;53;1;land;false;plains;4
13548;30;78;1;land;true;plains;4
13549;65;77;1;land;false;forest;4
13550;27;86;1;land;true;plains;4
13551;36;130;1;land;true;plains;4
13552;226;231;1;land;true;forest;4
13553;224;251;1;land;false;plains;4
13554;209;242;1;land;true;forest;4
13555;207;247;1;land;false;forest;4
13556;193;221;1;land;false;forest;4
13557;208;220;1;land;false;forest;4
13558;170;116;1;land;false;forest;4
13559;125;160;1;land;false;forest;4
13560;178;150;1;land;false;forest;4
13561;118;126;1;land;false;forest;4
13562;171;112;1;land;false;plains;4
13563;202;125;1;land;false;plains;4
13564;228;149;1;land;false;plains;4
13565;164;123;1;land;false;plains;4
13566;217;181;1;land;false;hills;4
13567;171;179;1;land;false;plains;4
13568;215;147;1;land;true;plains;4
13569;190;177;1;land;false;plains;4
13570;203;170;1;land;true;plains;4
13571;218;181;1;land;true;plains;4
13572;175;118;1;land;false;urban;4
13573;200;128;1;land;true;forest;4
13574;188;181;1;land;true;forest;4
13575;211;165;1;land;true;plains;4
13576;160;115;1;land;true;plains;4
13577;159;185;1;land;false;plains;4
13578;223;128;1;land;false;plains;4
13579;204;168;1;land;true;plains;4
13580;171;175;1;land;false;plains;4
13581;191;118;1;land;false;plains;4
13582;162;130;1;land;true;plains;4
13583;199;142;1;land;true;forest;4
13584;179;184;1;land;false;plains;4
13585;170;125;1;land;false;urban;4
13586;187;170;1;land;false;plains;4
13587;15;20;1;land;false;plains;4
13588;22;10;1;land;false;forest;4
13589;13;2;1;land;false;plains;4
13590;53;24;1;land;false;forest;4
13591;188;164;1;land;false;forest;4
13592;200;138;1;land;false;plains;4
13593;254;154;1;land;false;forest;4
13594;208;201;1;land;true;plains;4
13595;198;131;1;land;false;urban;4
13596;181;135;1;land;false;plains;4
13597;235;167;1;land;false;plains;4
13598;222;165;1;land;false;forest;4
13599;244;162;1;land;false;plains;4
13600;245;147;1;land;false;plains;4
13601;216;201;1;land;false;forest;4
13602;185;202;1;land;false;forest;4
13603;225;195;1;land;false;plains;4
13604;254;165;1;land;false;urban;4
13605;204;161;1;land;false;urban;4
13606;247;141;1;land;false;plains;4
13607;215;143;1;land;false;plains;4
13608;197;144;1;land;false;forest;4
13609;39;221;1;land;true;forest;4
13610;81;224;1;land;true;plains;4
13611;100;218;1;land;false;forest;4
13612;233;149;1;land;false;plains;4
13613;179;135;1;land;false;plains;4
13614;164;170;1;land;false;forest;4
13615;204;142;1;land;false;plains;4
13616;210;100;1;land;true;forest;7
13617;194;117;1;land;false;forest;7
13618;209;116;1;land;false;forest;7
13619;172;89;1;land;false;jungle;7
13620;222;118;1;land;false;forest;7
13621;222;128;1;land;false;jungle;7
13622;211;111;1;land;false;jungle;7
13623;214;75;1;land;true;jungle;7
13624;153;69;1;land;true;jungle;7
13625;196;101;1;land;false;jungle;7
13626;223;101;1;land;false;jungle;7
13627;159;113;1;land;true;forest;7
13628;225;120;1;land;false;jungle;7
13629;227;104;1;land;true;jungle;7
13630;221;87;1;land;false;forest;7
13631;205;60;1;land;false;jungle;7
13632;229;93;1;land;true;jungle;7
13633;176;128;1;land;false;forest;7
13634;187;95;1;land;false;forest;7
13635;182;92;1;land;false;jungle;7
13636;161;136;1;land;false;jungle;7
13637;157;86;1;land;false;forest;7
13638;194;119;1;land;true;jungle;7
13639;163;61;1;land;true;forest;7
13640;201;111;1;land;true;jungle;7
13641;157;128;1;land;false;jungle;7
13642;155;118;1;land;false;jungle;7
13643;154;76;1;land;false;jungle;7
13644;166;130;1;land;false;jungle;7
13645;177;124;1;land;true;jungle;7
13646;227;117;1;land;false;jungle;7
13647;184;65;1;land;false;forest;7
13648;209;134;1;land;false;forest;7
13649;194;127;1;land;false;jungle;7
13650;201;87;1;land;true;forest;7
13651;152;71;1;land;false;jungle;7
13652;217;117;1;land;false;jungle;7
13653;57;105;1;land;false;forest;7
13654;37;44;1;land;false;plains;7
13655;95;84;1;land;false;jungle;7
13656;64;111;1;land;false;plains;7
13657;43;119;1;land;false;plains;7
13658;38;72;1;land;false;plains;7
13659;23;63;1;land;false;plains;7
13660;91;81;1;land;false;plains;7
13661;56;84;1;land;false;plains;7
13662;56;76;1;land;false;forest;7
13663;83;114;1;land;true;plains;7
13664;72;102;1;land;false;forest;7
13665;80;54;1;land;false;plains;7
13666;82;44;1;land;false;forest;7
13667;43;19;1;land;false;forest;7
13668;23;21;1;land;false;forest;7
13669;24;7;1;land;false;forest;7
13670;11;9;1;land;false;jungle;7
13671;50;2;1;land;false;jungle;7
13672;42;20;1;land;false;jungle;7
13673;49;2;1;land;false;jungle;7
13674;174;68;1;land;false;jungle;7
13675;197;39;1;land;false;forest;7
13676;163;41;1;land;true;forest;7
13677;162;34;1;land;false;forest;7
13678;201;21;1;land;true;jungle;7
13679;206;55;1;land;false;forest;7
13680;160;31;1;land;false;jungle;7
13681;168;90;1;land;true;jungle;7
13682;167;87;1;land;false;forest;7
13683;25;28;1;land;false;forest;7
13684;37;8;1;land;true;jungle;7
13685;2;19;1;land;false;jungle;7
13686;9;35;1;land;true;forest;7
13687;45;21;1;land;true;forest;7
13688;19;35;1;land;true;jungle;7
13689;43;10;1;land;true;jungle;7
13690;49;8;1;land;true;forest;7
13691;26;9;1;land;true;jungle;7
13692;18;35;1;land;false;forest;7
13693;44;27;1;land;false;jungle;7
13694;45;26;1;land;true;forest;7
13695;53;17;1;land;true;forest;7
13696;1;31;1;land;true;forest;7
13697;12;19;1;land;true;forest;7
13698;38;16;1;land;true;jungle;7
13699;165;227;1;land;false;jungle;7
13700;223;253;1;land;false;jungle;7
13701;231;226;1;land;false;jungle;7
13702;231;198;1;land;true;forest;7
13703;217;194;1;land;false;jungle;7
13704;221;244;1;land;true;forest;7
13705;157;230;1;land;true;forest;7
13706;166;238;1;land;true;jungle;7
13707;174;245;1;land;true;jungle;7
13708;185;245;1;land;false;jungle;7
13709;202;224;1;land;true;forest;7
13710;197;226;1;land;false;jungle;7
13711;223;228;1;land;false;jungle;7
13712;209;248;1;land;true;jungle;7
13713;217;251;1;land;true;jungle;7
13714;205;206;1;land;true;forest;7
13715;178;245;1;land;false;jungle;7
13716;188;215;1;land;false;jungle;7
13717;196;206;1;land;false;jungle;7
13718;189;41;1;land;false;forest;7
13719;208;42;1;land;true;forest;7
13720;232;18;1;land;true;plains;7
13721;198;37;1;land;true;plains;7
13722;44;65;1;land;true;jungle;7
13723;101;84;1;land;true;plains;7
13724;57;43;1;land;true;forest;7
13725;44;64;1;land;true;forest;7
13726;94;111;1;land;true;jungle;7
13727;186;179;1;land;true;desert;7
13728;224;167;1;land;true;desert;7
13729;218;204;1;land;false;desert;7
13730;180;213;1;land;true;desert;7
13731;204;207;1;land;false;desert;7
13732;220;153;1;land;true;desert;7
13733;181;170;1;land;true;desert;7
13734;225;203;1;land;true;desert;7
13735;215;164;1;land;false;desert;7
13736;221;198;1;land;false;desert;7
13737;239;206;1;land;true;desert;7
13738;211;167;1;land;false;desert;7
13739;228;214;1;land;true;desert;7
13740;248;197;1;land;true;desert;7
13741;200;179;1;land;true;desert;7
13742;4;201;1;land;false;desert;7
13743;44;179;1;land;true;desert;7
13744;1;221;1;land;true;desert;7
13745;33;207;1;land;true;desert;7
13746;28;148;1;land;true;desert;7
13747;28;194;1;land;true;desert;7
13748;40;215;1;land;false;desert;7
13749;15;215;1;land;false;desert;7
13750;15;193;1;land;true;desert;7
13751;2;180;1;land;true;desert;7
13752;73;211;1;land;true;desert;7
13753;54;197;1;land;true;desert;7
13754;30;195;1;land;true;desert;7
13755;76;220;1;land;true;desert;7
13756;122;40;1;land;true;desert;7
13757;64;109;1;land;true;desert;7
13758;52;132;1;land;true;desert;7
13759;38;83;1;land;true;desert;7
13760;62;111;1;land;true;desert;7
13761;61;70;1;land;true;forest;4
13762;34;28;1;land;false;forest;4
13763;95;28;1;land;true;jungle;4
13764;61;42;1;land;true;forest;4
13765;56;93;1;land;true;forest;4
13766;40;80;1;land;true;jungle;4
13767;42;44;1;land;true;forest;4
13768;58;40;1;land;false;jungle;4
13769;66;55;1;land;false;jungle;4
13770;45;58;1;land;true;jungle;4
13771;78;47;1;land;true;forest;4
13772;104;77;1;land;false;forest;4
13773;64;81;1;land;true;forest;4
13774;33;85;1;land;true;forest;4
13775;49;83;1;land;false;forest;4
13776;84;51;1;land;true;jungle;4
13777;97;25;1;land;true;plains;4
13778;83;42;1;land;false;forest;4
13779;29;83;1;land;false;jungle;4
13780;86;84;1;land;false;forest;4
13781;59;76;1;land;false;jungle;4
13782;82;64;1;land;false;forest;4
13783;62;25;1;land;true;jungle;4
13784;24;41;1;land;false;plains;4
13785;56;42;1;land;false;forest;4
13786;2;36;1;land;false;forest;4
13787;39;35;1;land;true;plains;4
13788;3;244;1;land;true;forest;4
13789;11;193;1;land;false;forest;4
13790;16;197;1;land;true;forest;4
13791;3;223;1;land;true;forest;4
13792;43;193;1;land;true;forest;4
13793;18;212;1;land;true;forest;4
13794;25;225;1;land;true;forest;4
13795;33;223;1;land;true;plains;4
13796;4;166;1;land;true;plains;4
13797;16;132;1;land;false;plains;4
13798;51;154;1;land;false;plains;4
13799;27;190;1;land;true;plains;4
13800;4;127;1;land;false;forest;4
13801;17;139;1;land;false;plains;4
13802;30;168;1;land;true;plains;4
13803;20;138;1;land;true;plains;4
13804;19;184;1;land;false;plains;4
13805;13;170;1;land;false;plains;4
13806;37;140;1;land;true;plains;4
13807;43;176;1;land;false;plains;4
13808;50;188;1;land;false;plains;4
13809;44;161;1;land;true;plains;4
13810;48;194;1;land;true;plains;4
13811;4;138;1;land;true;plains;4
13812;242;140;1;land;true;plains;4
13813;201;153;1;land;true;plains;4
13814;226;169;1;land;false;plains;4
13815;219;128;1;land;true;plains;4
13816;8;16;1;land;false;plains;4
13817;33;30;1;land;false;urban;4
13818;17;17;1;land;false;forest;4
13819;33;29;1;land;true;plains;4
13820;62;14;1;land;true;forest;4
13821;81;46;1;land;true;forest;4
13822;74;52;1;land;false;plains;4
13823;58;46;1;land;true;plains;4
13824;80;12;1;land;true;plains;4
13825;85;14;1;land;true;forest;4
13826;96;25;1;land;false;plains;4
13827;96;3;1;land;true;plains;4
13828;45;20;1;land;true;plains;4
13829;107;22;1;land;true;forest;4
13830;100;31;1;land;true;forest;4
13831;234;62;1;land;true;forest;4
13832;88;1;1;land;true;forest;4
13833;61;37;1;land;true;jungle;4
13834;39;174;1;land;false;urban;6
13835;13;173;1;land;true;plains;6
13836;19;215;1;land;true;plains;6
13837;21;188;1;land;true;forest;6
13838;32;180;1;land;false;hills;6
13839;5;198;1;land;true;plains;6
13840;4;243;1;land;true;forest;6
13841;16;239;1;land;true;forest;6
13842;18;203;1;land;false;forest;6
13843;27;233;1;land;true;forest;6
13844;11;168;1;land;false;plains;6
13845;249;23;1;land;true;forest;6
13846;243;26;1;land;true;plains;6
13847;241;3;1;land;true;plains;6
13848;172;215;1;land;true;plains;6
13849;169;202;1;land;false;hills;6
13850;182;236;1;land;true;plains;6
13851;158;221;1;land;false;plains;6
13852;177;238;1;land;true;plains;6
13853;196;204;1;land;false;plains;6
13854;164;194;1;land;false;plains;6
13855;165;236;1;land;false;plains;6
13856;192;48;1;land;false;plains;6
13857;178;12;1;land;true;plains;6
13858;160;1;1;land;true;plains;6
13859;147;18;1;land;true;plains;6
13860;196;41;1;land;true;plains;6
13861;125;35;1;land;true;plains;6
13862;122;21;1;land;true;plains;6
13863;167;44;1;land;false;hills;6
13864;137;54;1;land;false;plains;6
13865;138;148;1;land;false;plains;6
13866;136;98;1;land;false;plains;6
13867;120;118;1;land;false;plains;6
13868;94;130;1;land;false;hills;6
13869;156;128;1;land;false;plains;6
13870;109;150;1;land;false;hills;6
13871;88;151;1;land;false;plains;6
13872;238;178;1;land;true;plains;6
13873;224;171;1;land;false;plains;6
13874;241;185;1;land;false;plains;6
13875;211;145;1;land;false;plains;6
13876;240;151;1;land;false;hills;6
13877;230;212;1;land;false;hills;6
13878;251;175;1;land;false;hills;6
13879;207;160;1;land;true;plains;6
13880;247;198;1;land;false;hills;6
13881;214;181;1;land;true;plains;6
13882;253;145;1;land;false;plains;6
13883;8;61;1;land;false;plains;6
13884;8;47;1;land;false;plains;6
13885;32;78;1;land;false;hills;6
13886;3;107;1;land;false;hills;6
13887;75;195;1;land;false;plains;6
13888;69;151;1;land;true;plains;6
13889;85;172;1;land;true;plains;6
13890;101;169;1;land;true;plains;6
13891;116;178;1;land;false;plains;6
13892;88;211;1;land;true;plains;6
13893;77;151;1;land;false;plains;6
13894;71;192;1;land;false;urban;6
13895;67;153;1;land;true;forest;6
13896;85;158;1;land;false;plains;6
13897;75;190;1;land;true;plains;6
13898;92;182;1;land;false;plains;6
13899;114;183;1;land;false;plains;6
13900;224;98;1;land;true;forest;6
13901;246;115;1;land;true;forest;6
13902;227;101;1;land;false;forest;6
13903;218;65;1;land;true;forest;6
13904;118;154;1;land;false;plains;6
13905;70;177;1;land;false;plains;6
13906;136;63;1;land;true;desert;6
13907;88;40;1;land;true;desert;6
13908;92;45;1;land;true;desert;6
13909;71;46;1;land;true;desert;6
13910;76;105;1;land;true;desert;6
13911;142;50;1;land;true;desert;6
13912;109;53;1;land;true;desert;6
13913;89;96;1;land;true;desert;6
13914;192;174;1;land;true;desert;6
13915;206;152;1;land;true;desert;6
13916;200;195;1;land;true;desert;6
13917;247;194;1;land;true;desert;6
13918;235;150;1;land;true;desert;6
13919;244;145;1;land;true;desert;6
13920;251;184;1;land;true;desert;6
13921;225;180;1;land;true;desert;6
13922;249;195;1;land;true;desert;6
13923;55;125;1;land;true;plains;5
13924;35;146;1;land;true;plains;5
13925;55;109;1;land;false;forest;5
13926;19;111;1;land;true;plains;5
13927;49;100;1;land;true;forest;5
13928;28;150;1;land;true;plains;5
13929;149;22;1;land;true;plains;5
13930;172;57;1;land;true;plains;5
13931;158;28;1;land;false;forest;5
13932;154;36;1;land;false;forest;5
13933;200;42;1;land;false;forest;5
13934;116;91;1;land;true;forest;5
13935;92;78;1;land;true;forest;5
13936;127;64;1;land;true;forest;5
13937;107;33;1;land;true;forest;5
13938;149;42;1;land;false;forest;5
13939;107;65;1;land;false;forest;5
13940;154;49;1;land;false;forest;5
13941;39;17;1;land;true;plains;5
13942;40;28;1;land;true;forest;5
13943;12;47;1;land;false;forest;5
13944;2;54;1;land;false;forest;5
13945;0;0;1;land;false;forest;5
13946;38;241;1;land;true;forest;5
13947;93;113;1;land;true;plains;5
13948;87;109;1;land;true;plains;5
13949;98;82;1;land;true;plains;5
13950;69;67;1;land;true;plains;5
13951;63;72;1;land;false;plains;5
13952;57;98;1;land;true;plains;5
13953;44;85;1;land;true;plains;5
13954;93;67;1;land;true;plains;5
13955;42;113;1;land;true;plains;5
13956;30;120;1;land;false;forest;5
13957;18;119;1;land;true;forest;5
13958;80;90;1;land;true;forest;5
13959;22;71;1;land;false;forest;5
13960;21;137;1;land;false;forest;5
13961;42;92;1;land;false;forest;5
13962;52;101;1;land;false;forest;5
13963;56;80;1;land;false;forest;5
13964;159;38;1;land;true;forest;5
13965;184;44;1;land;true;plains;5
13966;183;49;1;land;true;plains;5
13967;180;72;1;land;false;forest;5
13968;135;230;1;land;true;desert;7
13969;131;221;1;land;true;desert;7
13970;92;214;1;land;true;desert;7
13971;129;223;1;land;true;desert;7
13972;103;252;1;land;true;desert;7
13973;146;214;1;land;true;desert;7
13974;160;239;1;land;true;desert;7
13975;126;212;1;land;true;desert;7
13976;165;247;1;land;true;desert;7
13977;162;249;1;land;true;desert;7
13978;106;217;1;land;true;desert;7
13979;147;243;1;land;true;desert;7
13980;143;227;1;land;false;desert;7
13981;123;234;1;land;false;desert;7
13982;70;180;1;land;false;desert;6
13983;26;151;1;land;true;desert;6
13984;27;171;1;land;true;desert;6
13985;33;135;1;land;true;desert;6
13986;98;52;1;land;true;desert;6
13987;62;1;1;land;true;desert;6
13988;67;1;1;land;true;desert;6
13989;108;49;1;land;true;desert;6
13990;101;0;1;land;true;desert;6
13991;100;22;1;land;false;desert;6
13992;80;6;1;land;true;desert;6
13993;83;45;1;land;true;desert;6
13994;189;35;1;land;true;forest;4
13995;241;75;1;land;false;forest;4
13996;208;91;1;land;false;forest;4
13997;252;35;1;land;false;forest;4
13998;234;77;1;land;false;urban;4
13999;201;82;1;land;false;forest;4
14000;254;76;1;land;true;plains;4
14001;212;14;1;land;false;forest;4
14002;213;24;1;land;true;plains;4
14003;224;72;1;land;true;forest;4
14004;225;25;1;land;false;forest;4
14005;210;63;1;land;false;forest;4
14006;234;32;1;land;false;forest;4
14007;225;68;1;land;false;urban;4
14008;233;44;1;land;false;urban;4
14009;206;80;1;land;false;forest;4
14010;161;162;1;land;true;forest;4
14011;171;145;1;land;true;forest;4
14012;178;109;1;land;false;forest;4
14013;165;120;1;land;true;forest;4
14014;109;156;1;land;false;forest;4
14015;132;104;1;land;true;forest;4
14016;184;105;1;land;true;plains;4
14017;183;111;1;land;true;forest;4
14018;117;144;1;land;false;forest;4
14019;122;35;1;land;true;forest;4
14020;176;236;1;land;true;forest;4
14021;183;198;1;land;true;forest;4
14022;93;190;1;land;true;forest;4
14023;85;196;1;land;true;forest;4
14024;99;166;1;land;false;forest;4
14025;43;153;1;land;true;forest;4
14026;190;191;1;land;true;forest;4
14027;167;210;1;land;true;forest;4
14028;156;197;1;land;false;forest;4
14029;168;83;1;land;true;forest;4
14030;208;72;1;land;false;plains;4
14031;174;70;1;land;false;forest;4
14032;209;87;1;land;false;forest;4
14033;234;103;1;land;true;plains;4
14034;204;74;1;land;true;forest;4
14035;160;90;1;land;true;forest;4
14036;172;134;1;land;false;plains;4
14037;234;115;1;land;false;forest;4
14038;193;116;1;land;true;plains;4
14039;210;113;1;land;true;forest;4
14040;196;66;1;land;true;plains;4
14041;208;116;1;land;true;plains;4
14042;176;102;1;land;false;plains;4
14043;218;136;1;land;false;urban;4
14044;180;63;1;land;true;plains;4
14045;169;250;1;land;true;plains;4
14046;164;239;1;land;true;forest;4
14047;211;192;1;land;true;forest;4
14048;182;185;1;land;true;forest;4
14049;227;206;1;land;true;forest;4
14050;166;200;1;land;true;urban;4
14051;189;245;1;land;false;forest;4
14052;232;250;1;land;true;forest;4
14053;105;45;1;land;true;forest;4
14054;137;109;1;land;true;plains;4
14055;169;67;1;land;true;forest;4
14056;160;37;1;land;false;jungle;4
14057;162;30;1;land;true;jungle;4
14058;173;98;1;land;true;forest;4
14059;130;46;1;land;false;jungle;4
14060;160;34;1;land;true;forest;4
14061;26;249;1;land;true;plains;2
14062;83;191;1;land;true;forest;2
14063;42;104;1;land;true;forest;2
14064;94;114;1;land;false;forest;2
14065;62;102;1;land;true;forest;2
14066;65;96;1;land;true;forest;2
14067;75;84;1;land;true;forest;2
14068;62;152;1;land;false;forest;2
14069;77;153;1;land;false;forest;2
14070;43;152;1;land;true;forest;2
14071;79;95;1;land;false;forest;2
14072;60;84;1;land;false;forest;2
14073;31;151;1;land;false;forest;2
14074;70;145;1;land;false;forest;2
14075;23;194;1;land;false;forest;2
14076;78;152;1;land;true;forest;2
14077;42;134;1;land;true;forest;2
14078;17;128;1;land;false;forest;2
14079;72;144;1;land;true;forest;2
14080;8;184;1;land;true;forest;2
14081;236;109;1;land;false;forest;2
14082;191;106;1;land;true;forest;2
14083;219;89;1;land;false;forest;2
14084;248;96;1;land;true;forest;2
14085;224;135;1;land;true;forest;2
14086;233;109;1;land;true;forest;2
14087;224;111;1;land;false;forest;2
14088;242;100;1;land;true;forest;2
14089;220;124;1;land;false;forest;2
14090;183;136;1;land;true;forest;2
14091;243;124;1;land;true;forest;2
14092;200;148;1;land;true;forest;2
14093;234;98;1;land;true;forest;2
14094;191;162;1;land;false;forest;2
14095;250;100;1;land;true;forest;7
14096;250;125;1;land;true;jungle;7
14097;233;139;1;land;false;forest;7
14098;233;143;1;land;true;forest;7
14099;186;140;1;land;true;forest;7
14100;201;137;1;land;true;forest;7
14101;206;123;1;land;false;jungle;7
14102;199;92;1;land;true;jungle;7
14103;140;92;1;land;true;jungle;7
14104;179;121;1;land;false;jungle;7
14105;195;88;1;land;true;jungle;7
14106;180;132;1;land;true;forest;7
14107;138;96;1;land;false;forest;7
14108;139;146;1;land;true;jungle;7
14109;186;130;1;land;true;forest;7
14110;194;130;1;land;false;jungle;7
14111;185;89;1;land;true;jungle;7
14112;185;165;1;land;true;jungle;7
14113;101;240;1;land;true;desert;7
14114;111;233;1;land;true;desert;7
14115;51;247;1;land;true;desert;7
14116;80;251;1;land;true;desert;7
14117;88;231;1;land;true;desert;7
14118;57;217;1;land;true;desert;7
14119;120;231;1;land;true;desert;7
14120;117;249;1;land;true;desert;7
14121;72;247;1;land;true;desert;7
14122;77;239;1;land;true;desert;7
14123;84;254;1;land;true;desert;7
14124;140;105;1;land;false;plains;4
14125;117;95;1;land;true;plains;4
14126;74;41;1;land;false;plains;4
14127;101;64;1;land;true;plains;4
14128;87;73;1;land;true;plains;4
14129;127;53;1;land;true;plains;4
14130;107;87;1;land;false;plains;4
14131;130;47;1;land;false;plains;4
14132;198;179;1;land;true;plains;4
14133;237;168;1;land;false;plains;4
14134;236;140;1;land;false;plains;4
14135;224;155;1;land;false;plains;4
14136;232;188;1;land;true;plains;4
14137;232;167;1;land;true;plains;4
14138;246;190;1;land;true;plains;4
14139;189;159;1;land;true;plains;4
14140;238;177;1;land;false;plains;4
14141;211;161;1;land;true;forest;4
14142;224;173;1;land;false;plains;4
14143;211;120;1;land;false;plains;4
14144;223;152;1;land;true;plains;4
14145;230;115;1;land;true;forest;4
14146;179;130;1;land;true;forest;4
14147;207;169;1;land;false;forest;4
14148;197;115;1;land;true;plains;4
14149;212;160;1;land;false;plains;4
14150;203;155;1;land;true;plains;4
14151;189;152;1;land;true;forest;4
14152;239;126;1;land;false;plains;4
14153;246;183;1;land;false;plains;4
14154;203;157;1;land;true;plains;4
14155;196;161;1;land;true;plains;4
14156;203;194;1;land;false;forest;5
14157;232;196;1;land;true;forest;5
14158;216;178;1;land;true;forest;5
14159;215;209;1;land;true;forest;5
14160;150;186;1;land;false;forest;5
14161;84;192;1;land;false;forest;5
14162;137;148;1;land;true;forest;5
14163;82;132;1;land;false;forest;5
14164;128;159;1;land;true;forest;5
14165;124;142;1;land;false;urban;5
14166;123;188;1;land;false;forest;5
14167;175;174;1;land;true;forest;5
14168;227;126;1;land;true;forest;5
14169;71;11;1;land;false;forest;5
14170;77;71;1;land;true;forest;5
14171;101;23;1;land;true;forest;5
14172;70;2;1;land;true;forest;5
14173;39;79;1;land;false;forest;5
14174;21;40;1;land;true;forest;5
14175;53;92;1;land;false;forest;5
14176;26;110;1;land;true;urban;5
14177;37;98;1;land;false;forest;5
14178;5;72;1;land;false;forest;5
14179;31;67;1;land;true;forest;5
14180;219;219;1;land;true;forest;5
14181;178;250;1;land;false;forest;5
14182;193;226;1;land;true;urban;5
14183;179;239;1;land;true;forest;5
14184;253;248;1;land;false;forest;5
14185;254;250;1;land;true;forest;5
14186;226;230;1;land;true;forest;5
14187;123;85;1;land;true;desert;6
14188;138;89;1;land;true;desert;6
14189;166;98;1;land;true;desert;6
14190;141;122;1;land;true;desert;6
14191;146;102;1;land;true;desert;6
14192;154;71;1;land;true;desert;6
14193;124;109;1;land;true;desert;6
14194;188;79;1;land;true;desert;6
14195;16;194;1;land;true;plains;7
14196;35;236;1;land;false;plains;7
14197;14;188;1;land;true;plains;7
14198;43;195;1;land;true;forest;7
14199;29;175;1;land;true;plains;7
14200;37;170;1;land;false;plains;7
14201;13;221;1;land;true;plains;7
14202;40;206;1;land;false;plains;7
14203;31;193;1;land;true;plains;7
14204;45;218;1;land;true;plains;7
14205;34;244;1;land;true;plains;7
14206;42;235;1;land;true;plains;7
14207;31;217;1;land;true;plains;7
14208;25;245;1;land;true;forest;7
14209;27;231;1;land;false;plains;7
14210;20;248;1;land;false;plains;7
14211;23;187;1;land;true;plains;7
14212;6;169;1;land;true;plains;7
14213;176;197;1;land;true;plains;7
14214;227;180;1;land;false;plains;7
14215;217;206;1;land;true;plains;7
14216;175;218;1;land;true;plains;7
14217;198;191;1;land;true;plains;7
14218;183;173;1;land;true;plains;7
14219;219;241;1;land;true;plains;7
14220;202;228;1;land;true;plains;7
14221;242;193;1;land;true;plains;7
14222;188;218;1;land;true;plains;7
14223;53;21;1;land;true;forest;5
14224;7;48;1;land;true;plains;5
14225;105;253;1;land;true;plains;5
14226;103;241;1;land;false;plains;5
14227;48;227;1;land;true;forest;5
14228;68;249;1;land;true;forest;5
14229;43;230;1;land;true;plains;5
14230;48;215;1;land;false;plains;5
14231;208;173;1;land;false;plains;5
14232;188;153;1;land;false;plains;5
14233;226;193;1;land;true;plains;5
14234;220;182;1;land;true;plains;5
14235;227;131;1;land;true;plains;5
14236;214;162;1;land;true;forest;5
14237;162;145;1;land;true;forest;5
14238;223;154;1;land;true;plains;5
14239;228;139;1;land;false;plains;5
14240;209;144;1;land;true;plains;5
14241;223;155;1;land;true;plains;5
14242;221;147;1;land;false;plains;5
14243;201;174;1;land;true;plains;5
14244;208;194;1;land;true;plains;5
14245;167;169;1;land;true;plains;5
14246;230;168;1;land;true;plains;5
14247;211;207;1;land;false;plains;5
14248;161;178;1;land;false;plains;5
14249;233;132;1;land;true;plains;5
14250;154;170;1;land;true;desert;6
14251;129;181;1;land;true;desert;6
14252;157;169;1;land;true;desert;6
14253;172;203;1;land;true;desert;6
14254;126;131;1;land;true;desert;6
14255;169;179;1;land;true;desert;6
14256;166;180;1;land;true;desert;6
14257;129;172;1;land;true;desert;6
14258;105;189;1;land;true;desert;6
14259;64;32;1;land;true;desert;3
14260;37;81;1;land;true;desert;3
14261;60;23;1;land;true;desert;3
14262;84;80;1;land;true;desert;3
14263;51;86;1;land;true;desert;3
14264;83;63;1;land;true;desert;3
14265;104;48;1;land;true;desert;3
14266;82;98;1;land;true;desert;3
14267;190;161;1;land;true;plains;4
14268;164;151;1;land;true;plains;4
14269;182;181;1;land;true;plains;4
14270;77;135;1;land;true;plains;4
14271;52;144;1;land;true;forest;4
14272;40;171;1;land;true;plains;4
14273;84;205;1;land;true;plains;4
14274;39;200;1;land;true;forest;4
14275;69;163;1;land;true;urban;4
14276;65;191;1;land;false;plains;4
14277;47;163;1;land;true;plains;4
14278;70;205;1;land;false;plains;4
14279;80;151;1;land;true;plains;4
14280;109;209;1;land;true;forest;4
14281;99;136;1;land;true;plains;4
14282;68;199;1;land;true;plains;4
14283;64;163;1;land;true;forest;4
14284;83;134;1;land;false;forest;4
14285;31;219;1;land;true;plains;4
14286;29;221;1;land;true;plains;4
14287;51;233;1;land;true;plains;4
14288;57;223;1;land;false;plains;4
14289;72;77;1;land;true;plains;6
14290;71;32;1;land;true;urban;6
14291;54;37;1;land;false;plains;6
14292;24;74;1;land;true;plains;6
14293;27;75;1;land;true;plains;6
14294;235;122;1;land;true;plains;6
14295;251;113;1;land;true;forest;6
14296;245;142;1;land;true;plains;6
14297;216;144;1;land;false;plains;6
14298;219;183;1;land;true;plains;6
14299;221;181;1;land;true;forest;6
14300;235;165;1;land;true;plains;6
14301;44;18;1;land;false;plains;6
14302;38;19;1;land;true;plains;6
14303;59;44;1;land;false;plains;6
14304;95;32;1;land;true;plains;6
14305;68;1;1;land;false;plains;6
14306;82;6;1;land;true;forest;6
14307;60;24;1;land;false;plains;6
14308;44;44;1;land;false;urban;6
14309;60;27;1;land;true;plains;6
14310;47;48;1;land;true;plains;6
14311;23;17;1;land;false;plains;6
14312;38;21;1;land;false;plains;6
14313;36;18;1;land;true;plains;6
14314;57;10;1;land;false;forest;6
14315;38;36;1;land;true;plains;6
14316;172;176;1;land;true;plains;4
14317;162;202;1;land;true;plains;4
14318;158;139;1;land;true;jungle;4
14319;147;186;1;land;false;plains;4
14320;141;163;1;land;true;forest;4
14321;181;165;1;land;false;plains;4
14322;132;216;1;land;true;jungle;4
14323;198;142;1;land;true;jungle;4
14324;176;140;1;land;true;jungle;4
14325;173;189;1;land;true;plains;4
14326;133;151;1;land;true;jungle;4
14327;157;204;1;land;false;plains;4
14328;134;149;1;land;true;jungle;4
14329;133;150;1;land;true;plains;4
14330;205;198;1;land;true;plains;4
14331;211;41;1;land;true;plains;4
14332;212;58;1;land;true;plains;4
14333;237;29;1;land;true;plains;4
14334;216;95;1;land;true;plains;4
14335;115;79;1;land;true;desert;7
14336;96;85;1;land;true;desert;7
14337;123;72;1;land;true;desert;7
14338;118;57;1;land;true;desert;7
14339;98;34;1;land;true;desert;7
14340;91;53;1;land;true;desert;7
14341;64;33;1;land;true;desert;7
14342;196;211;1;land;true;desert;6
14343;219;163;1;land;true;desert;6
14344;222;182;1;land;true;desert;6
14345;182;166;1;land;true;desert;6
14346;238;209;1;land;true;desert;6
14347;243;207;1;land;true;desert;6
14348;252;55;1;land;true;jungle;6
14349;206;52;1;land;true;forest;6
14350;221;50;1;land;true;forest;6
14351;214;49;1;land;true;forest;6
14352;196;52;1;land;true;jungle;6
14353;248;55;1;land;false;forest;6
14354;222;66;1;land;true;jungle;6
14355;209;30;1;land;true;forest;6
14356;221;35;1;land;true;jungle;6
14357;244;60;1;land;true;forest;6
14358;208;44;1;land;true;jungle;6
14359;206;61;1;land;true;forest;6
14360;218;10;1;land;true;forest;6
14361;230;4;1;land;true;forest;6
14362;251;25;1;land;false;forest;6
14363;99;174;1;land;true;plains;4
14364;78;133;1;land;true;forest;4
14365;98;151;1;land;true;forest;4
14366;113;121;1;land;true;plains;4
14367;53;175;1;land;true;forest;4
14368;89;141;1;land;true;forest;4
14369;85;179;1;land;false;plains;4
14370;102;121;1;land;true;forest;4
14371;115;178;1;land;false;forest;4
14372;115;121;1;land;true;plains;4
14373;92;175;1;land;true;forest;4
14374;104;144;1;land;true;forest;4
14375;86;171;1;land;true;plains;4
14376;95;147;1;land;true;plains;4
14377;57;116;1;land;false;plains;4
14378;122;187;1;land;true;plains;4
14379;92;162;1;land;false;forest;4
14380;97;156;1;land;true;forest;4
14381;186;126;1;land;true;forest;4
14382;197;120;1;land;true;forest;4
14383;50;59;1;land;true;plains;6
14384;26;72;1;land;true;plains;6
14385;45;3;1;land;false;plains;6
14386;13;26;1;land;true;plains;6
14387;41;91;1;land;true;plains;6
14388;9;83;1;land;true;plains;6
14389;37;50;1;land;true;plains;6
14390;27;73;1;land;true;plains;6
14391;4;18;1;land;true;plains;6
14392;19;30;1;land;true;plains;6
14393;162;60;1;land;true;plains;6
14394;154;90;1;land;true;plains;6
14395;174;96;1;land;true;plains;6
14396;147;93;1;land;true;plains;6
14397;152;106;1;land;true;plains;6
14398;97;125;1;land;true;desert;6
14399;109;187;1;land;true;desert;6
14400;115;176;1;land;true;desert;6
14401;159;153;1;land;true;desert;6
14402;160;219;1;land;true;desert;6
14403;145;35;1;land;true;desert;7
14404;184;3;1;land;true;desert;7
14405;143;2;1;land;true;desert;7
14406;122;6;1;land;true;desert;7
14407;119;30;1;land;true;desert;7
14408;164;6;1;land;true;desert;7
14409;42;159;1;land;true;desert;2
14410;1;142;1;land;true;desert;2
14411;3;122;1;land;true;desert;2
14412;0;99;1;land;true;desert;2
14413;42;150;1;land;true;desert;2
14414;171;31;1;land;true;desert;1
14415;197;11;1;land;true;desert;1
14416;206;30;1;land;true;desert;1
14417;180;53;1;land;true;desert;1
14418;228;55;1;land;true;desert;1
14419;38;128;1;land;true;forest;5
14420;55;138;1;land;true;plains;5
14421;6;172;1;land;true;plains;5
14422;46;112;1;land;true;forest;5
14423;65;167;1;land;true;forest;5
14424;52;104;1;land;false;hills;5
14425;69;169;1;land;false;plains;5
14426;61;105;1;land;true;forest;5
14427;35;162;1;land;true;plains;5
14428;77;97;1;land;true;forest;5
14429;31;161;1;land;true;hills;5
14430;82;126;1;land;false;hills;5
14431;71;119;1;land;true;plains;5
14432;56;134;1;land;false;forest;5
14433;44;125;1;land;true;forest;5
14434;71;158;1;land;true;forest;5
14435;32;101;1;land;true;forest;5
14436;48;110;1;land;true;forest;5
14437;49;217;1;land;true;desert;6
14438;85;217;1;land;true;desert;6
14439;67;242;1;land;true;desert;6
14440;99;245;1;land;true;desert;6
14441;56;247;1;land;true;desert;6
14442;145;129;1;land;true;desert;6
14443;138;60;1;land;true;desert;6
14444;145;64;1;land;true;desert;6
14445;189;72;1;land;true;desert;6
14446;102;252;1;land;true;desert;4
14447;144;242;1;land;true;desert;4
14448;121;226;1;land;true;desert;4
14449;120;206;1;land;true;desert;4
14450;191;135;1;land;true;desert;4
14451;227;87;1;land;true;forest;4
14452;182;120;1;land;false;forest;4
14453;200;136;1;land;true;forest;4
14454;246;111;1;land;true;forest;4
14455;233;67;1;land;true;forest;4
14456;205;111;1;land;true;forest;4
14457;184;87;1;land;true;forest;4
14458;0;142;1;land;false;forest;4
14459;53;144;1;land;true;forest;4
14460;40;148;1;land;true;plains;4
14461;2;134;1;land;true;plains;4
14462;35;75;1;land;true;plains;4
14463;24;97;1;land;true;forest;4
14464;10;139;1;land;true;plains;4
14465;99;180;1;land;true;desert;5
14466;146;200;1;land;true;desert;5
14467;168;174;1;land;true;desert;5
14468;99;182;1;land;true;desert;5
14469;232;12;1;land;true;plains;5
14470;216;147;1;land;true;plains;5
14471;237;96;1;land;true;plains;5
14472;229;133;1;land;true;plains;5
14473;69;94;1;land;true;forest;5
14474;29;93;1;land;true;forest;5
14475;252;48;1;land;true;plains;5
14476;243;76;1;land;true;plains;5
14477;200;74;1;land;true;plains;5
14478;237;84;1;land;true;plains;5
14479;234;23;1;land;true;forest;5
14480;159;209;1;land;true;desert;3
14481;213;193;1;land;true;desert;3
14482;135;211;1;land;true;desert;3
14483;91;218;1;land;true;desert;3
14484;37;7;1;land;true;desert;7
14485;37;49;1;land;true;desert;7
14486;52;71;1;land;true;desert;7
14487;48;49;1;land;true;desert;7
14488;80;147;1;land;true;desert;7
14489;25;139;1;land;true;desert;7
14490;43;72;1;land;true;desert;7
14491;190;1;1;land;true;desert;1
14492;186;80;1;land;true;desert;1
14493;208;52;1;land;true;desert;1
14494;88;182;1;land;true;desert;3
14495;143;190;1;land;true;desert;3
14496;168;235;1;land;true;desert;3
14497;211;28;1;land;true;desert;3
14498;214;42;1;land;true;desert;3
14499;216;23;1;land;true;desert;3
14500;231;6;1;land;true;desert;3
14501;208;80;1;land;true;desert;1
14502;221;81;1;land;true;desert;1
14503;189;75;1;land;true;desert;1
14504;191;142;1;land;true;desert;1
14505;77;241;1;land;true;desert;2
14506;65;218;1;land;true;desert;2
14507;107;249;1;land;true;desert;2
14508;40;118;1;land;true;urban;4
14509;44;98;1;land;true;forest;4
14510;45;106;1;land;true;plains;4
14511;29;115;1;land;true;forest;4
14512;17;121;1;land;false;plains;4
14513;49;89;1;land;true;forest;4
14514;43;94;1;land;true;forest;4
14515;22;160;1;land;true;forest;4
14516;36;117;1;land;true;forest;4
14517;50;6;1;land;true;forest;4
14518;35;11;1;land;true;plains;4
14519;77;223;1;land;true;forest;5
14520;108;217;1;land;true;forest;5
14521;130;242;1;land;true;plains;5
14522;99;237;1;land;true;forest;5
14523;168;228;1;land;true;plains;5
14524;174;200;1;land;true;plains;5
14525;189;193;1;land;true;forest;5
14526;161;179;1;land;true;forest;5
14527;195;179;1;land;true;plains;5
14528;168;201;1;land;true;plains;5
14529;156;76;1;land;true;jungle;7
14530;159;115;1;land;true;jungle;7
14531;109;88;1;land;true;jungle;7
14532;0;35;1;land;true;jungle;7
14533;26;26;1;land;true;jungle;7
14534;4;36;1;land;true;jungle;7
14535;10;20;1;land;true;jungle;7
14536;244;239;1;land;true;desert;7
14537;249;178;1;land;true;desert;7
14538;212;189;1;land;true;desert;7
14539;163;59;1;land;true;desert;7
14540;206;126;1;land;true;desert;7
14541;219;123;1;land;true;desert;7
14542;34;254;1;land;true;desert;5
14543;24;215;1;land;true;desert;5
14544;52;231;1;land;true;desert;5
14545;135;95;1;land;true;forest;7
14546;205;86;1;land;true;forest;7
14547;172;118;1;land;true;forest;7
14548;169;70;1;land;true;jungle;7
14549;14;186;1;land;true;forest;4
14550;5;252;1;land;true;forest;4
14551;44;197;1;land;true;forest;4
14552;1;200;1;land;false;forest;4
14553;3;189;1;land;true;forest;4
14554;14;235;1;land;true;forest;4
14555;57;194;1;land;true;forest;4
14556;42;250;1;land;true;urban;4
14557;29;219;1;land;true;plains;4
14558;58;181;1;land;true;forest;4
14559;3;200;1;land;true;forest;4
14560;175;130;1;land;true;desert;6
14561;190;102;1;land;true;desert;6
14562;207;113;1;land;true;desert;6
14563;69;211;1;land;true;desert;3
14564;74;207;1;land;true;desert;3
14565;127;74;1;land;true;forest;6
14566;120;102;1;land;true;forest;6
14567;99;99;1;land;true;forest;6
14568;115;92;1;land;true;forest;6
14569;91;66;1;land;true;forest;6
14570;70;54;1;land;true;forest;6
14571;121;97;1;land;true;forest;6
14572;95;56;1;land;true;forest;6
14573;73;91;1;land;true;forest;6
14574;211;201;1;land;true;jungle;7
14575;220;167;1;land;true;forest;7
14576;189;222;1;land;false;forest;7
14577;162;192;1;land;true;jungle;7
14578;175;160;1;land;true;jungle;7
14579;223;179;1;land;true;forest;7
14580;202;196;1;land;true;forest;7
14581;202;183;1;land;true;jungle;7
14582;94;38;1;land;true;desert;7
14583;121;110;1;land;true;desert;7
14584;251;169;1;land;true;desert;3
14585;205;179;1;land;true;desert;3
14586;12;66;1;land;true;forest;7
14587;24;67;1;land;true;plains;7
14588;46;44;1;land;true;forest;7
14589;26;56;1;land;true;forest;7
14590;31;2;1;land;true;forest;7
14591;24;11;1;land;true;forest;7
14592;36;52;1;land;true;plains;7
14593;24;29;1;land;true;plains;7
14594;33;15;1;land;true;urban;7
14595;86;123;1;land;true;forest;7
14596;115;194;1;land;true;desert;7
14597;85;142;1;land;true;desert;7
14598;70;48;1;land;true;desert;3
14599;10;37;1;land;true;desert;3
14600;135;156;1;land;true;jungle;7
14601;116;233;1;land;true;jungle;7
14602;52;213;1;land;true;forest;7
14603;44;211;1;land;true;jungle;7
14604;167;22;1;land;true;desert;7
14605;88;62;1;land;true;desert;7
14606;29;129;1;land;true;desert;5
14607;7;72;1;land;true;desert;5
14608;239;6;1;land;false;plains;4
14609;214;48;1;land;true;plains;4
14610;219;58;1;land;true;forest;4
14611;231;51;1;land;true;forest;4
14612;208;24;1;land;true;forest;4
14613;221;21;1;land;true;plains;4
14614;226;49;1;land;true;plains;4
14615;105;133;1;land;true;desert;6
14616;39;165;1;land;true;desert;6
14617;223;172;1;land;true;desert;6
14618;112;62;1;land;true;desert;6
14619;76;44;1;land;true;plains;5
14620;67;56;1;land;true;plains;5
14621;78;41;1;land;true;plains;5
14622;67;32;1;land;true;plains;5
14623;0;194;1;land;true;plains;5
14624;7;171;1;land;true;plains;5
14625;3;145;1;land;true;plains;5
14626;45;211;1;land;false;plains;5
14627;26;195;1;land;true;desert;6
14628;47;247;1;land;true;desert;6
14629;172;72;1;land;true;forest;5
14630;127;108;1;land;true;forest;5
14631;121;41;1;land;true;urban;5
14632;165;106;1;land;true;forest;5
14633;157;74;1;land;true;forest;5
14634;100;50;1;land;true;forest;5
14635;113;84;1;land;true;forest;5
14636;143;119;1;land;true;forest;5
14637;152;79;1;land;true;plains;5
14638;123;150;1;land;true;desert;6
14639;137;153;1;land;true;desert;6
14640;12;44;1;land;true;desert;6
14641;14;78;1;land;true;desert;6
14642;235;182;1;land;true;jungle;7
14643;210;157;1;land;true;jungle;7
14644;207;151;1;land;true;jungle;7
14645;60;83;1;land;true;desert;5
14646;87;19;1;land;true;desert;5
14647;76;166;1;land;true;forest;7
14648;84;124;1;land;true;forest;7
14649;96;167;1;land;true;forest;7
14650;118;122;1;land;true;forest;7
14651;107;150;1;land;true;forest;7
14652;110;117;1;land;true;forest;7
14653;58;140;1;land;true;forest;7
14654;84;100;1;land;true;plains;7
14655;209;4;1;land;true;desert;1
14656;171;24;1;land;true;desert;1
14657;83;190;1;land;true;desert;5
14658;121;127;1;land;true;desert;5
14659;235;22;1;land;true;desert;7
14660;190;60;1;land;true;desert;7
14661;246;137;1;land;true;forest;5
14662;226;92;1;land;true;forest;5
14663;7;217;1;land;true;forest;5
14664;41;159;1;land;true;forest;5
14665;54;214;1;land;true;forest;5
14666;51;181;1;land;true;forest;5
14667;80;236;1;land;true;desert;4
14668;11;144;1;land;true;desert;5
14669;110;232;1;land;true;forest;4
14670;70;99;1;land;true;forest;4
14671;101;121;1;land;true;forest;4
14672;129;121;1;land;true;forest;4
14673;61;121;1;land;true;forest;4
14674;68;90;1;land;true;forest;4
14675;30;139;1;land;true;desert;3
14676;115;221;1;land;true;desert;1
14677;77;137;1;land;true;desert;1
14678;169;0;1;land;true;forest;3
14679;188;25;1;land;true;forest;3
14680;139;19;1;land;true;forest;3
14681;183;34;1;land;true;forest;3
14682;208;36;1;land;true;plains;3
14683;189;24;1;land;true;forest;3
14684;235;97;1;land;true;plains;5
14685;176;135;1;land;true;plains;5
14686;221;105;1;land;true;plains;5
14687;182;117;1;land;true;plains;5
14688;171;106;1;land;true;plains;5
14689;231;86;1;land;true;plains;5
14690;190;113;1;land;true;plains;5
14691;49;210;1;land;true;plains;4
14692;66;224;1;land;true;plains;4
14693;48;217;1;land;true;plains;4
14694;85;240;1;land;true;plains;4
14695;54;207;1;land;true;urban;4
14696;73;210;1;land;true;plains;4
14697;34;207;1;land;true;plains;4
14698;237;82;1;land;true;desert;5
14699;98;240;1;land;true;desert;3
14700;81;67;1;land;true;desert;6
14701;227;200;1;land;true;desert;1
14702;152;57;1;land;true;desert;7
14703;10;176;1;land;true;forest;6
14704;49;181;1;land;true;forest;6
14705;117;187;1;land;true;forest;6
14706;155;146;1;land;true;forest;6
14707;37;68;1;land;true;desert;7
14708;110;141;1;land;true;desert;7
14709;59;22;1;land;true;desert;6
14710;191;171;1;land;true;desert;6
14711;124;225;1;land;true;desert;2
14712;192;142;1;land;true;desert;1
14713;164;217;1;land;true;desert;6
14714;248;94;1;land;true;desert;6
14715;20;174;1;land;true;forest;6
14716;36;207;1;land;true;jungle;6
14717;18;221;1;land;true;jungle;6
14718;153;57;1;land;true;desert;7
14719;138;196;1;land;true;desert;7
14720;43;208;1;land;true;desert;6
14721;187;50;1;land;true;desert;7
14722;174;223;1;land;true;plains;5
14723;168;159;1;land;true;plains;5
14724;187;221;1;land;true;plains;5
14725;154;183;1;land;true;plains;5
14726;62;67;1;land;true;plains;4
14727;81;61;1;land;true;forest;4
14728;252;228;1;land;true;forest;4
14729;232;158;1;land;true;desert;6
14730;92;93;1;land;true;plains;4
14731;227;214;1;land;true;plains;4
14732;209;244;1;land;true;plains;4
14733;110;123;1;land;true;plains;4
14734;123;195;1;land;true;plains;4
14735;77;192;1;land;true;plains;4
14736;240;21;1;land;true;desert;6
14737;142;183;1;land;true;plains;5
14738;173;179;1;land;true;plains;5
14739;120;195;1;land;true;plains;5
14740;178;196;1;land;true;forest;5
14741;7;27;1;land;true;forest;7
14742;38;7;1;land;true;forest;7
14743;32;8;1;land;true;jungle;7
14744;205;45;1;land;true;desert;1
14745;46;109;1;land;true;plains;5
14746;62;148;1;land;true;forest;5
14747;54;137;1;land;true;forest;5
14748;44;176;1;land;true;plains;5
14749;29;22;1;land;true;desert;7
14750;151;175;1;land;true;desert;4
14751;141;214;1;land;true;desert;6
14752;223;153;1;land;true;desert;1
14753;167;10;1;land;true;desert;6
14754;66;115;1;land;true;desert;2
14755;101;191;1;land;true;forest;6
14756;183;210;1;land;true;forest;6
14757;162;122;1;land;true;forest;5
14758;162;83;1;land;true;forest;5
14759;164;93;1;land;true;forest;5
14760;156;79;1;land;true;forest;5
14761;133;221;1;land;true;forest;6
14762;142;233;1;land;true;forest;6
14763;117;218;1;land;true;forest;6
14764;200;112;1;land;true;desert;7
14765;221;177;1;land;true;desert;6
14766;107;40;1;land;true;jungle;7
14767;94;69;1;land;true;jungle;7
14768;59;241;1;land;true;desert;6
14769;151;64;1;land;true;desert;3
14770;28;140;1;land;true;desert;6
14771;122;240;1;land;true;plains;6
14772;193;148;1;land;true;forest;6
14773;74;171;1;land;true;desert;7
14774;210;41;1;land;true;desert;5
14775;220;131;1;land;true;forest;7
14776;219;120;1;land;true;forest;7
14777;101;205;1;land;true;desert;7
14778;26;118;1;land;true;forest;4
14779;150;222;1;land;true;desert;7
14780;167;115;1;land;true;desert;5
14781;206;210;1;land;true;forest;5
14782;67;138;1;land;true;plains;5
14783;168;115;1;land;true;jungle;6
14784;172;68;1;land;true;forest;6
14785;49;236;1;land;true;forest;5
14786;6;193;1;land;true;forest;5
14787;101;62;1;land;true;forest;5
14788;20;34;1;land;true;forest;4
14789;22;37;1;land;true;plains;4
14790;135;198;1;land;true;desert;6
14791;122;71;1;land;true;jungle;2
14792;125;38;1;land;true;jungle;2
14793;177;152;1;land;true;plains;6
14794;175;203;1;land;true;plains;6
14795;183;177;1;land;true;plains;6
14796;96;59;1;land;true;desert;6
14797;185;154;1;land;true;desert;7
14798;160;87;1;land;true;plains;5
14799;236;49;1;land;true;forest;5
14800;199;228;1;land;true;forest;5
14801;219;231;1;land;true;plains;5
14802;224;156;1;land;true;plains;5
14803;26;27;1;land;true;desert;7
14804;88;132;1;land;true;desert;5
14805;80;39;1;land;true;desert;3
14806;124;167;1;land;true;forest;4
14807;121;175;1;land;true;plains;4
14808;166;10;1;land;true;desert;1
14809;32;89;1;land;true;plains;7
14810;26;133;1;land;true;plains;7
14811;194;39;1;land;true;desert;6
14812;58;166;1;land;true;forest;4
14813;71;147;1;land;true;forest;4
14814;69;201;1;land;true;desert;5
14815;162;92;1;land;true;forest;2
14816;215;123;1;land;true;forest;2
14817;147;213;1;land;true;desert;7
14818;212;118;1;land;true;desert;2
14819;144;145;1;land;true;desert;5
14820;38;1;1;land;true;forest;4
14821;115;46;1;land;true;plains;4
14822;206;149;1;land;true;desert;5
14823;30;22;1;land;true;desert;5
14824;70;171;1;land;true;forest;4
14825;22;176;1;land;true;forest;4
14826;193;17;1;land;true;desert;1
14827;148;174;1;land;true;desert;7
14828;185;55;1;land;true;desert;2
14829;213;88;1;land;true;desert;2
14830;74;237;1;land;true;desert;3
14831;21;165;1;land;true;desert;6
14832;39;176;1;land;true;desert;6
14833;144;231;1;land;true;desert;5
14834;201;84;1;land;true;plains;4
14835;155;89;1;land;true;plains;4
14836;7;196;1;land;true;desert;7
14837;188;113;1;land;true;desert;6
14838;38;252;1;land;true;desert;6
14839;198;102;1;land;true;desert;1
14840;56;181;1;land;true;desert;2
14841;235;144;1;land;true;desert;7
14842;115;206;1;land;true;forest;7
14843;248;58;1;land;true;forest;7
14844;76;85;1;land;true;plains;5
14845;145;51;1;land;true;plains;5
14846;254;200;1;land;true;forest;5
14847;234;192;1;land;true;forest;5
14848;136;104;1;land;true;forest;6
14849;40;189;1;land;true;desert;5
14850;163;56;1;land;true;desert;5
14851;22;56;1;land;true;plains;5
14852;134;125;1;land;true;plains;5
14853;125;185;1;land;true;plains;5
14854;55;45;1;land;true;desert;6
14855;180;96;1;land;true;desert;6
14856;212;149;1;land;true;desert;7
14857;237;41;1;land;true;plains;7
14858;217;7;1;land;true;plains;7
14859;85;112;1;land;true;desert;7
14860;215;32;1;land;true;desert;1
14861;62;139;1;land;true;desert;6
14862;41;212;1;land;true;desert;7
14863;112;93;1;land;true;jungle;4
14864;15;186;1;land;true;desert;6
14865;186;54;1;land;true;desert;1
14866;214;192;1;land;true;desert;6
14867;1;49;1;land;true;jungle;7
14868;190;149;1;land;true;jungle;7
14869;229;189;1;land;true;desert;3
14870;98;47;1;land;true;desert;5
14871;143;171;1;land;true;jungle;2
14872;247;8;1;land;true;desert;5
14873;182;143;1;land;true;desert;6
14874;229;1;1;land;true;forest;4
14875;40;121;1;land;true;desert;2
14876;111;242;1;land;true;plains;4
14877;50;107;1;land;true;desert;2
14878;208;10;1;land;true;desert;5
14879;83;135;1;land;true;desert;7
14880;123;218;1;land;true;forest;5
14881;112;123;1;land;true;jungle;6
14882;235;20;1;land;true;desert;1
14883;209;94;1;land;true;desert;1
14884;69;227;1;land;true;forest;4
14885;9;141;1;land;true;desert;7
14886;147;239;1;land;true;jungle;7
14887;169;249;1;land;true;jungle;7
14888;108;94;1;land;true;desert;7
14889;212;226;1;land;true;desert;6
14890;187;47;1;land;true;desert;6
14891;44;175;1;land;true;desert;3
14892;22;78;1;land;true;desert;6
14893;154;147;1;land;true;desert;6
14894;95;61;1;land;true;forest;4
14895;216;209;1;land;true;desert;5
14896;112;229;1;land;true;plains;2
14897;225;135;1;land;true;forest;2
14898;199;244;1;land;true;jungle;4
14899;36;93;1;land;true;desert;1
14900;59;232;1;land;true;desert;2
14901;173;49;1;land;true;desert;1
14902;103;217;1;land;true;desert;4
14903;220;105;1;land;true;desert;2
14904;180;215;1;land;true;desert;7
14905;98;90;1;land;true;desert;7
14906;57;73;1;land;true;desert;3
14907;33;237;1;land;true;desert;1
14908;96;70;1;land;true;desert;7
14909;147;192;1;land;true;desert;5
14910;240;60;1;land;true;desert;6
14911;151;192;1;land;true;jungle;6
14912;8;7;1;land;true;forest;5
14913;222;43;1;land;true;plains;6
14914;1;152;1;land;true;desert;5
14915;27;40;1;land;true;jungle;4
14916;30;154;1;land;true;desert;6
14917;165;254;1;land;true;forest;4
14918;215;70;1;land;true;desert;7
14919;232;47;1;land;true;desert;7
14920;243;134;1;land;true;forest;4
14921;92;234;1;land;true;jungle;4
14922;140;82;1;land;true;desert;3
14923;159;232;1;land;true;plains;5
14924;236;215;1;land;true;plains;5
14925;178;81;1;land;true;plains;5
14926;44;225;1;land;true;desert;5
14927;52;84;1;land;true;desert;6
14928;78;195;1;land;true;desert;5
14929;98;53;1;land;true;desert;7
14930;39;115;1;land;true;desert;5
14931;73;249;1;land;true;desert;7
14932;132;181;1;land;true;desert;6
14933;151;13;1;land;true;jungle;4
14934;219;127;1;land;true;desert;7
14935;228;192;1;land;true;desert;6
14936;45;81;1;land;true;desert;6
14937;49;234;1;land;true;desert;6
14938;185;60;1;land;true;forest;6
14939;185;203;1;land;true;desert;4
14940;169;78;1;land;true;desert;6
14941;220;198;1;land;true;desert;3
14942;62;37;1;land;true;desert;6
14943;128;136;1;land;true;desert;7
14944;143;56;1;land;true;desert;7
14945;135;164;1;land;true;desert;5
14946;83;68;1;land;true;desert;6
14947;116;164;1;land;true;desert;6
14948;139;52;1;land;true;desert;5
14949;126;193;1;land;true;desert;6
14950;31;22;1;land;true;desert;7
14951;11;122;1;land;true;plains;5
14952;105;38;1;land;true;desert;7
14953;66;167;1;land;true;desert;1
14954;236;11;1;land;true;desert;6
14955;178;128;1;land;true;desert;2
14956;221;27;1;land;true;desert;7
14957;238;166;1;land;true;forest;2
14958;147;202;1;land;true;forest;7
14959;156;127;1;land;true;forest;2
14960;132;243;1;land;true;plains;5
14961;161;122;1;land;true;forest;5
14962;170;174;1;land;true;jungle;4
14963;194;59;1;land;true;desert;4
14964;245;182;1;land;true;plains;7
14965;217;78;1;land;true;desert;5
14966;59;159;1;land;true;desert;5
14967;98;40;1;land;false;plains;5
14968;126;140;1;land;true;forest;6
14969;145;25;1;land;true;plains;4
14970;35;130;1;land;true;jungle;2
14971;24;234;1;land;true;forest;5
14972;84;149;1;land;true;desert;1
14973;74;219;1;land;true;desert;5
14974;225;123;1;land;true;forest;4
14975;238;168;1;land;true;forest;7
14976;208;65;1;land;true;plains;6
14977;207;240;1;land;true;forest;5
14978;207;116;1;land;true;desert;3
14979;207;206;1;land;true;plains;4
14980;20;111;1;land;true;plains;7
14981;45;225;1;land;true;plains;5
14982;102;83;1;land;true;desert;5
14983;113;173;1;land;true;desert;2
14984;197;84;1;land;true;desert;1
14985;181;160;1;land;true;plains;5
14986;77;46;1;land;true;forest;4
14987;63;143;1;land;true;plains;5
14988;130;86;1;land;true;desert;7
14989;127;151;1;land;true;desert;7
14990;197;8;1;land;true;desert;6
14991;217;146;1;land;true;desert;7
14992;31;17;1;land;true;jungle;4
14993;22;124;1;land;true;forest;6
14994;17;228;1;land;true;forest;5
14995;25;82;1;land;true;desert;5
14996;44;189;1;land;true;plains;5
14997;52;73;1;land;false;plains;5
14998;177;208;1;land;false;plains;5
14999;233;38;1;land;false;plains;5
15000;233;192;1;land;false;plains;5
15001;17;53;1;land;false;plains;5
15002;138;186;1;land;false;plains;5
15003;142;42;1;land;false;plains;5
15004;103;98;255;sea;true;ocean;0
15005;54;67;255;sea;true;ocean;0
15006;52;28;255;sea;false;ocean;0
15007;62;100;255;sea;true;ocean;0
15008;95;56;255;sea;true;ocean;0
15009;53;45;255;sea;true;ocean;0
15010;68;38;255;sea;true;ocean;0
15011;47;107;255;sea;true;ocean;0
15012;102;97;255;sea;true;ocean;0
15013;73;135;255;sea;true;ocean;0
15014;123;90;255;sea;false;ocean;0
15015;73;66;255;sea;true;ocean;0
15016;108;122;255;sea;false;ocean;0
15017;115;123;255;sea;false;ocean;0
15018;119;104;255;sea;false;ocean;0
15019;137;107;255;sea;false;ocean;0
15020;90;130;255;sea;false;ocean;0
15021;118;136;255;sea;false;ocean;0
15022;87;88;255;sea;false;ocean;0
15023;161;132;255;sea;false;ocean;0
15024;136;132;255;sea;false;ocean;0
15025;109;78;255;sea;false;ocean;0
15026;122;65;255;sea;false;ocean;0
15027;52;51;255;sea;false;ocean;0
15028;118;90;255;sea;true;ocean;0
15029;55;21;255;sea;false;ocean;0
15030;57;16;255;sea;false;ocean;0
15031;72;57;255;sea;false;ocean;0
15032;66;85;255;sea;false;ocean;0
15033;101;50;255;sea;false;ocean;0
15034;98;60;255;sea;false;ocean;0
15035;87;55;255;sea;false;ocean;0
15036;39;60;255;sea;false;ocean;0
15037;0;25;255;sea;true;ocean;0
15038;22;36;255;sea;false;ocean;0
15039;42;69;255;sea;false;ocean;0
15040;22;15;255;sea;false;ocean;0
15041;42;28;255;sea;false;ocean;0
15042;15;18;255;sea;false;ocean;0
15043;80;78;255;sea;false;ocean;0
15044;52;85;255;sea;false;ocean;0
15045;48;117;255;sea;false;ocean;0
15046;65;63;255;sea;true;ocean;0
15047;29;78;255;sea;false;ocean;0
15048;86;72;255;sea;true;ocean;0
15049;88;51;255;sea;true;ocean;0
15050;86;123;255;sea;false;ocean;0
15051;80;82;255;sea;false;ocean;0
15052;27;78;255;sea;true;ocean;0
15053;76;53;255;sea;true;ocean;0
15054;49;65;255;sea;false;ocean;0
15055;46;49;255;sea;false;ocean;0
15056;68;52;255;sea;false;ocean;0
15057;28;91;255;sea;false;ocean;0
15058;56;123;255;sea;false;ocean;0
15059;92;143;255;sea;false;ocean;0
15060;66;127;255;sea;false;ocean;0
15061;65;116;255;sea;false;ocean;0
15062;114;93;255;sea;false;ocean;0
15063;80;130;255;sea;false;ocean;0
15064;84;121;255;sea;false;ocean;0
15065;85;149;255;sea;false;ocean;0
15066;3;34;255;sea;true;ocean;0
15067;30;45;255;sea;true;ocean;0
15068;10;23;255;sea;true;ocean;0
15069;23;44;255;sea;true;ocean;0
15070;30;58;255;sea;true;ocean;0
15071;2;20;255;sea;false;ocean;0
15072;37;6;255;sea;true;ocean;0
15073;42;16;255;sea;true;ocean;0
15074;40;8;255;sea;true;ocean;0
15075;39;45;255;sea;true;ocean;0
15076;13;62;255;sea;true;ocean;0
15077;8;61;255;sea;true;ocean;0
15078;81;69;255;sea;false;ocean;0
15079;116;108;255;sea;false;ocean;0
15080;64;77;255;sea;false;ocean;0
15081;82;118;255;sea;false;ocean;0
15082;95;131;255;sea;false;ocean;0
15083;106;92;255;sea;false;ocean;0
15084;46;122;255;sea;false;ocean;0
15085;81;79;255;sea;false;ocean;0
15086;56;25;255;sea;true;ocean;0
15087;86;28;255;sea;true;ocean;0
15088;67;29;255;sea;false;ocean;0
15089;94;93;255;sea;false;ocean;0
15090;64;31;255;sea;true;ocean;0
15091;120;22;255;sea;true;ocean;0
15092;78;42;255;sea;true;ocean;0
15093;50;67;255;sea;true;ocean;0
15094;14;95;255;sea;true;ocean;0
15095;62;32;255;sea;true;ocean;0
15096;36;33;255;sea;true;ocean;0
15097;61;7;255;sea;true;ocean;0
15098;73;8;255;sea;true;ocean;0
15099;57;51;255;sea;false;ocean;0
15100;76;77;255;sea;false;ocean;0
15101;50;112;255;sea;false;ocean;0
15102;125;94;255;sea;true;ocean;0
15103;56;97;255;sea;true;ocean;0
15104;100;116;255;sea;false;ocean;0
15105;90;61;255;sea;true;ocean;0
15106;69;86;255;sea;true;ocean;0
15107;98;117;255;sea;false;ocean;0
15108;90;52;255;sea;true;ocean;0
15109;32;90;255;sea;true;ocean;0
15110;67;102;255;sea;true;ocean;0
15111;16;135;255;sea;true;ocean;0
15112;36;90;255;sea;true;ocean;0
15113;53;116;255;sea;true;ocean;0
15114;62;89;255;sea;true;ocean;0
15115;52;105;255;sea;true;ocean;0
15116;66;64;255;sea;false;ocean;0
15117;59;111;255;sea;false;ocean;0
15118;95;113;255;sea;false;ocean;0
15119;97;123;255;sea;false;ocean;0
15120;29;51;255;sea;false;ocean;0
15121;36;73;255;sea;false;ocean;0
15122;89;122;255;sea;false;ocean;0
15123;92;65;255;sea;false;ocean;0
15124;94;111;255;sea;true;ocean;0
15125;62;84;255;sea;true;ocean;0
15126;29;140;255;sea;true;ocean;0
15127;23;143;255;sea;true;ocean;0
15128;78;123;255;sea;true;ocean;0
15129;33;152;255;sea;true;ocean;0
15130;26;132;255;sea;true;ocean;0
15131;12;122;255;sea;false;ocean;0
15132;7;85;255;sea;false;ocean;0
15133;27;79;255;sea;false;ocean;0
15134;34;84;255;sea;false;ocean;0
15135;41;95;255;sea;false;ocean;0
15136;15;108;255;sea;false;ocean;0
15137;12;157;255;sea;false;ocean;0
15138;8;91;255;sea;false;ocean;0
15139;50;129;255;sea;false;ocean;0
15140;75;97;255;sea;false;ocean;0
15141;30;149;255;sea;false;ocean;0
15142;50;132;255;sea;false;ocean;0
15143;23;155;255;sea;false;ocean;0
15144;46;133;255;sea;false;ocean;0
15145;56;92;255;sea;false;ocean;0
15146;28;143;255;sea;false;ocean;0
15147;102;41;255;sea;true;ocean;0
15148;147;17;255;sea;false;ocean;0
15149;85;68;255;sea;true;ocean;0
15150;115;36;255;sea;false;ocean;0
15151;106;2;255;sea;true;ocean;0
15152;157;18;255;sea;false;ocean;0
15153;156;24;255;sea;true;ocean;0
15154;152;72;255;sea;false;ocean;0
15155;104;6;255;sea;false;ocean;0
15156;82;65;255;sea;false;ocean;0
15157;77;38;255;sea;true;ocean;0
15158;104;38;255;sea;false;ocean;0
15159;55;60;255;sea;false;ocean;0
15160;69;11;255;sea;false;ocean;0
15161;97;9;255;sea;false;ocean;0
15162;55;43;255;sea;true;ocean;0
15163;109;43;255;sea;true;ocean;0
15164;126;18;255;sea;true;ocean;0
15165;117;82;255;sea;false;ocean;0
15166;70;12;255;sea;false;ocean;0
15167;22;35;255;sea;true;ocean;0
15168;42;68;255;sea;false;ocean;0
15169;70;15;255;sea;false;ocean;0
15170;41;60;255;sea;false;ocean;0
15171;76;36;255;sea;true;ocean;0
15172;24;5;255;sea;true;ocean;0
15173;77;35;255;sea;false;ocean;0
15174;13;30;255;sea;true;ocean;0
15175;76;30;255;sea;true;ocean;0
15176;22;59;255;sea;true;ocean;0
15177;64;41;255;sea;false;ocean;0
15178;56;63;255;sea;false;ocean;0
15179;23;33;255;sea;false;ocean;0
15180;43;43;255;sea;false;ocean;0
15181;50;20;255;sea;true;ocean;0
15182;31;47;255;sea;false;ocean;0
15183;13;69;255;sea;false;ocean;0
15184;89;47;255;sea;true;ocean;0
15185;33;65;255;sea;true;ocean;0
15186;16;70;255;sea;true;ocean;0
15187;22;63;255;sea;true;ocean;0
15188;12;32;255;sea;true;ocean;0
15189;85;147;255;sea;true;ocean;0
15190;55;98;255;sea;false;ocean;0
15191;50;88;255;sea;false;ocean;0
15192;38;128;255;sea;true;ocean;0
15193;59;115;255;sea;true;ocean;0
15194;33;96;255;sea;false;ocean;0
15195;83;117;255;sea;false;ocean;0
15196;60;65;255;sea;true;ocean;0
15197;49;94;255;sea;true;ocean;0
15198;85;119;255;sea;true;ocean;0
15199;117;85;255;sea;true;ocean;0
15200;38;94;255;sea;true;ocean;0
15201;66;110;255;sea;true;ocean;0
15202;67;49;255;sea;true;ocean;0
15203;115;81;255;sea;true;ocean;0
15204;88;120;255;sea;true;ocean;0
15205;51;95;255;sea;true;ocean;0
15206;106;133;255;sea;false;ocean;0
15207;95;64;255;sea;true;ocean;0
15208;157;64;255;sea;true;ocean;0
15209;133;45;255;sea;true;ocean;0
15210;80;39;255;sea;true;ocean;0
15211;73;55;255;sea;true;ocean;0
15212;72;63;255;sea;true;ocean;0
15213;71;97;255;sea;false;ocean;0
15214;76;83;255;sea;false;ocean;0
15215;86;105;255;sea;true;ocean;0
15216;116;37;255;sea;true;ocean;0
15217;96;108;255;sea;true;ocean;0
15218;24;48;255;sea;true;ocean;0
15219;17;42;255;sea;true;ocean;0
15220;36;35;255;sea;true;ocean;0
15221;1;16;255;sea;true;ocean;0
15222;21;20;255;sea;true;ocean;0
15223;0;40;255;sea;true;ocean;0
15224;25;29;255;sea;true;ocean;0
15225;11;33;255;sea;true;ocean;0
15226;26;42;255;sea;true;ocean;0
15227;4;21;255;sea;true;ocean;0
15228;107;90;255;sea;true;ocean;0
15229;120;44;255;sea;true;ocean;0
15230;113;71;255;sea;true;ocean;0
15231;73;60;255;sea;true;ocean;0
15232;133;87;255;sea;false;ocean;0
15233;94;40;255;sea;true;ocean;0
15234;89;88;255;sea;true;ocean;0
15235;144;85;255;sea;false;ocean;0
15236;113;46;255;sea;true;ocean;0
15237;145;98;255;sea;true;ocean;0
15238;141;109;255;sea;true;ocean;0
15239;139;82;255;sea;false;ocean;0
15240;101;71;255;sea;true;ocean;0
15241;71;50;255;sea;true;ocean;0
15242;62;71;255;sea;true;ocean;0
15243;67;16;255;sea;true;ocean;0
15244;88;63;255;sea;false;ocean;0
15245;58;10;255;sea;true;ocean;0
15246;44;26;255;sea;true;ocean;0
15247;130;114;255;sea;false;ocean;0
15248;56;60;255;sea;false;ocean;0
15249;85;97;255;sea;false;ocean;0
15250;114;49;255;sea;false;ocean;0
15251;55;67;255;sea;false;ocean;0
15252;122;98;255;sea;false;ocean;0
15253;74;111;255;sea;false;ocean;0
15254;56;105;255;sea;false;ocean;0
15255;103;77;255;sea;false;ocean;0
15256;122;116;255;sea;false;ocean;0
15257;56;101;255;sea;false;ocean;0
15258;114;75;255;sea;false;ocean;0
15259;94;97;255;sea;false;ocean;0
15260;33;62;255;sea;true;ocean;0
15261;19;76;255;sea;true;ocean;0
15262;29;77;255;sea;true;ocean;0
15263;4;115;255;sea;true;ocean;0
15264;35;68;255;sea;true;ocean;0
15265;9;81;255;sea;true;ocean;0
15266;14;80;255;sea;true;ocean;0
15267;10;43;255;sea;true;ocean;0
15268;55;4;255;sea;true;ocean;0
15269;55;22;255;sea;true;ocean;0
15270;24;0;255;sea;true;ocean;0
15271;49;33;255;sea;true;ocean;0
15272;49;29;255;sea;true;ocean;0
15273;49;17;255;sea;false;ocean;0
15274;55;6;255;sea;false;ocean;0
15275;80;21;255;sea;false;ocean;0
15276;55;31;255;sea;false;ocean;0
15277;6;54;255;sea;false;ocean;0
15278;60;6;255;sea;false;ocean;0
15279;38;6;255;sea;false;ocean;0
15280;11;7;255;sea;false;ocean;0
15281;85;35;255;sea;true;ocean;0
15282;109;51;255;sea;false;ocean;0
15283;66;39;255;sea;true;ocean;0
15284;85;10;255;sea;true;ocean;0
15285;89;53;255;sea;false;ocean;0
15286;95;32;255;sea;false;ocean;0
15287;118;42;255;sea;false;ocean;0
15288;96;63;255;sea;false;ocean;0
15289;50;41;255;sea;true;ocean;0
15290;51;48;255;sea;false;ocean;0
15291;97;92;255;sea;false;ocean;0
15292;86;91;255;sea;false;ocean;0
15293;75;32;255;sea;false;ocean;0
15294;105;98;255;sea;true;ocean;0
15295;79;77;255;sea;false;ocean;0
15296;104;40;255;sea;false;ocean;0
15297;80;68;255;sea;false;ocean;0
15298;87;34;255;sea;false;ocean;0
15299;96;34;255;sea;false;ocean;0
15300;162;46;255;sea;false;ocean;0
15301;102;29;255;sea;false;ocean;0
15302;115;73;255;sea;false;ocean;0
15303;99;13;255;sea;false;ocean;0
15304;100;44;255;sea;false;ocean;0
15305;107;44;255;sea;false;ocean;0
15306;73;12;255;sea;true;ocean;0
15307;39;33;255;sea;true;ocean;0
15308;51;40;255;sea;false;ocean;0
15309;43;18;255;sea;true;ocean;0
15310;7;43;255;sea;true;ocean;0
15311;57;115;255;sea;true;ocean;0
15312;46;93;255;sea;true;ocean;0
15313;3;56;255;sea;false;ocean;0
15314;2;50;255;sea;true;ocean;0
15315;74;84;255;sea;true;ocean;0
15316;35;91;255;sea;true;ocean;0
15317;54;73;255;sea;true;ocean;0
15318;33;103;255;sea;true;ocean;0
15319;49;88;255;sea;false;ocean;0
15320;20;88;255;sea;true;ocean;0
15321;30;65;255;sea;true;ocean;0
15322;87;74;255;sea;false;ocean;0
15323;34;48;255;sea;false;ocean;0
15324;38;58;255;sea;false;ocean;0
15325;46;104;255;sea;false;ocean;0
15326;43;7;255;sea;false;ocean;0
15327;13;89;255;sea;false;ocean;0
15328;0;97;255;sea;true;ocean;0
15329;52;92;255;sea;false;ocean;0
15330;31;112;255;sea;false;ocean;0
15331;66;33;255;sea;true;ocean;0
15332;122;18;255;sea;false;ocean;0
15333;124;30;255;sea;false;ocean;0
15334;119;1;255;sea;true;ocean;0
15335;106;7;255;sea;true;ocean;0
15336;78;27;255;sea;true;ocean;0
15337;59;57;255;sea;true;ocean;0
15338;8;140;255;sea;false;ocean;0
15339;6;149;255;sea;false;ocean;0
15340;37;157;255;sea;false;ocean;0
15341;9;126;255;sea;false;ocean;0
15342;32;121;255;sea;false;ocean;0
15343;33;162;255;sea;false;ocean;0
15344;17;99;255;sea;false;ocean;0
15345;110;72;255;sea;false;ocean;0
15346;82;51;255;sea;true;ocean;0
15347;125;28;255;sea;true;ocean;0
15348;111;31;255;sea;true;ocean;0
15349;62;26;255;sea;true;ocean;0
15350;72;54;255;sea;false;ocean;0
15351;75;57;255;sea;true;ocean;0
15352;110;69;255;sea;false;ocean;0
15353;110;33;255;sea;true;ocean;0
15354;62;81;255;sea;true;ocean;0
15355;64;23;255;sea;true;ocean;0
15356;105;47;255;sea;true;ocean;0
15357;109;23;255;sea;true;ocean;0
15358;128;65;255;sea;true;ocean;0
15359;68;51;255;sea;true;ocean;0
15360;52;50;255;sea;true;ocean;0
15361;44;74;255;sea;false;ocean;0
15362;41;40;255;sea;true;ocean;0
15363;4;36;255;sea;true;ocean;0
15364;120;76;255;sea;false;ocean;0
15365;74;109;255;sea;false;ocean;0
15366;78;99;255;sea;false;ocean;0
15367;77;82;255;sea;false;ocean;0
15368;88;56;255;sea;false;ocean;0
15369;130;81;255;sea;false;ocean;0
15370;89;111;255;sea;false;ocean;0
15371;80;123;255;sea;false;ocean;0
15372;116;57;255;sea;false;ocean;0
15373;41;73;255;sea;false;ocean;0
15374;37;100;255;sea;false;ocean;0
15375;7;23;255;sea;false;ocean;0
15376;50;25;255;sea;true;ocean;0
15377;1;54;255;sea;false;ocean;0
15378;6;59;255;sea;false;ocean;0
15379;34;31;255;sea;true;ocean;0
15380;28;68;255;sea;false;ocean;0
15381;39;91;255;sea;false;ocean;0
15382;1;44;255;sea;true;ocean;0
15383;19;37;255;sea;false;ocean;0
15384;50;86;255;sea;false;ocean;0
15385;21;32;255;sea;true;ocean;0
15386;46;34;255;sea;true;ocean;0
15387;5;101;255;sea;false;ocean;0
15388;41;33;255;sea;false;ocean;0
15389;89;120;255;sea;true;ocean;0
15390;34;70;255;sea;true;ocean;0
15391;19;5;255;sea;false;ocean;0
15392;10;13;255;sea;false;ocean;0
15393;64;26;255;sea;true;ocean;0
15394;71;42;255;sea;true;ocean;0
15395;11;42;255;sea;true;ocean;0
15396;68;1;255;sea;true;ocean;0
15397;68;21;255;sea;true;ocean;0
15398;33;61;255;sea;true;ocean;0
15399;70;51;255;sea;true;ocean;0
15400;75;13;255;sea;true;ocean;0
15401;3;44;255;sea;true;ocean;0
15402;39;28;255;sea;true;ocean;0
15403;29;34;255;sea;true;ocean;0
15404;101;58;255;sea;true;ocean;0
15405;146;104;255;sea;true;ocean;0
15406;116;59;255;sea;false;ocean;0
15407;147;110;255;sea;false;ocean;0
15408;118;153;255;sea;false;ocean;0
15409;125;107;255;sea;true;ocean;0
15410;97;103;255;sea;true;ocean;0
15411;137;100;255;sea;false;ocean;0
15412;104;102;255;sea;true;ocean;0
15413;108;117;255;sea;true;ocean;0
15414;75;110;255;sea;false;ocean;0
15415;121;115;255;sea;true;ocean;0
15416;52;30;255;sea;false;ocean;0
15417;58;2;255;sea;false;ocean;0
15418;47;32;255;sea;true;ocean;0
15419;66;58;255;sea;true;ocean;0
15420;84;43;255;sea;true;ocean;0
15421;19;8;255;sea;false;ocean;0
15422;69;54;255;sea;false;ocean;0
15423;74;8;255;sea;false;ocean;0
15424;29;59;255;sea;false;ocean;0
15425;95;61;255;sea;false;ocean;0
15426;91;35;255;sea;true;ocean;0
15427;57;26;255;sea;false;ocean;0
15428;29;11;255;sea;true;ocean;0
15429;18;31;255;sea;true;ocean;0
15430;15;23;255;sea;true;ocean;0
15431;25;67;255;sea;true;ocean;0
15432;48;60;255;sea;false;ocean;0
15433;1;39;255;sea;false;ocean;0
15434;34;55;255;sea;true;ocean;0
15435;0;110;255;sea;true;ocean;0
15436;28;65;255;sea;true;ocean;0
15437;30;81;255;sea;true;ocean;0
15438;34;93;255;sea;true;ocean;0
15439;30;100;255;sea;true;ocean;0
15440;39;67;255;sea;false;ocean;0
15441;79;47;255;sea;false;ocean;0
15442;127;101;255;sea;false;ocean;0
15443;148;55;255;sea;false;ocean;0
15444;80;103;255;sea;false;ocean;0
15445;141;105;255;sea;false;ocean;0
15446;133;53;255;sea;false;ocean;0
15447;148;98;255;sea;false;ocean;0
15448;127;42;255;sea;false;ocean;0
15449;114;52;255;sea;false;ocean;0
15450;34;63;255;sea;true;ocean;0
15451;69;72;255;sea;false;ocean;0
15452;51;71;255;sea;true;ocean;0
15453;90;35;255;sea;false;ocean;0
15454;77;68;255;sea;true;ocean;0
15455;37;68;255;sea;false;ocean;0
15456;128;6;255;sea;true;ocean;0
15457;106;36;255;sea;true;ocean;0
15458;99;34;255;sea;true;ocean;0
15459;62;22;255;sea;true;ocean;0
15460;45;65;255;sea;false;ocean;0
15461;12;70;255;sea;false;ocean;0
15462;21;96;255;sea;false;ocean;0
15463;11;67;255;sea;false;ocean;0
15464;62;125;255;sea;false;ocean;0
15465;26;126;255;sea;false;ocean;0
15466;58;64;255;sea;false;ocean;0
15467;44;119;255;sea;false;ocean;0
15468;46;94;255;sea;false;ocean;0
15469;1;162;255;sea;false;ocean;0
15470;15;164;255;sea;false;ocean;0
15471;24;158;255;sea;false;ocean;0
15472;44;161;255;sea;false;ocean;0
15473;32;94;255;sea;true;ocean;0
15474;0;131;255;sea;true;ocean;0
15475;13;114;255;sea;true;ocean;0
15476;1;110;255;sea;true;ocean;0
15477;23;76;255;sea;true;ocean;0
15478;0;128;255;sea;true;ocean;0
15479;39;114;255;sea;true;ocean;0
15480;10;129;255;sea;true;ocean;0
15481;21;115;255;sea;true;ocean;0
15482;13;123;255;sea;true;ocean;0
15483;29;88;255;sea;true;ocean;0
15484;40;76;255;sea;true;ocean;0
15485;2;116;255;sea;true;ocean;0
15486;25;76;255;sea;true;ocean;0
15487;74;60;255;sea;true;ocean;0
15488;105;40;255;sea;true;ocean;0
15489;104;39;255;sea;true;ocean;0
15490;78;64;255;sea;true;ocean;0
15491;73;24;255;sea;true;ocean;0
15492;111;45;255;sea;true;ocean;0
15493;18;16;255;sea;false;ocean;0
15494;47;65;255;sea;false;ocean;0
15495;43;52;255;sea;false;ocean;0
15496;63;80;255;sea;false;ocean;0
15497;48;56;255;sea;false;ocean;0
15498;40;41;255;sea;false;ocean;0
15499;13;35;255;sea;false;ocean;0
15500;7;53;255;sea;false;ocean;0
15501;22;33;255;sea;false;ocean;0
15502;37;45;255;sea;true;ocean;0
15503;75;17;255;sea;true;ocean;0
15504;67;34;255;sea;true;ocean;0
15505;33;36;255;sea;true;ocean;0
15506;29;32;255;sea;true;ocean;0
15507;57;1;255;sea;true;ocean;0
15508;81;16;255;sea;true;ocean;0
15509;59;44;255;sea;true;ocean;0
15510;39;37;255;sea;true;ocean;0
15511;68;43;255;sea;true;ocean;0
15512;7;5;255;sea;true;ocean;0
15513;16;32;255;sea;false;ocean;0
15514;35;35;255;sea;true;ocean;0
15515;30;28;255;sea;true;ocean;0
15516;48;24;255;sea;true;ocean;0
15517;19;59;255;sea;false;ocean;0
15518;7;140;255;sea;true;ocean;0
15519;0;139;255;sea;true;ocean;0
15520;85;116;255;sea;true;ocean;0
15521;78;77;255;sea;true;ocean;0
15522;81;88;255;sea;true;ocean;0
15523;60;77;255;sea;false;ocean;0
15524;80;112;255;sea;false;ocean;0
15525;29;126;255;sea;false;ocean;0
15526;71;147;255;sea;false;ocean;0
15527;60;88;255;sea;false;ocean;0
15528;93;113;255;sea;false;ocean;0
15529;92;137;255;sea;false;ocean;0
15530;22;112;255;sea;false;ocean;0
15531;28;117;255;sea;false;ocean;0
15532;42;138;255;sea;false;ocean;0
15533;78;88;255;sea;false;ocean;0
15534;54;143;255;sea;false;ocean;0
15535;6;116;255;sea;false;ocean;0
15536;44;77;255;sea;false;ocean;0
15537;38;79;255;sea;false;ocean;0
15538;30;78;255;sea;false;ocean;0
15539;17;67;255;sea;false;ocean;0
15540;19;55;255;sea;false;ocean;0
15541;33;90;255;sea;false;ocean;0
15542;30;59;255;sea;false;ocean;0
15543;10;108;255;sea;false;ocean;0
15544;23;95;255;sea;false;ocean;0
15545;124;12;255;sea;false;ocean;0
15546;69;21;255;sea;false;ocean;0
15547;88;13;255;sea;false;ocean;0
15548;73;26;255;sea;false;ocean;0
15549;92;41;255;sea;false;ocean;0
15550;120;11;255;sea;false;ocean;0
15551;83;51;255;sea;false;ocean;0
15552;49;0;255;sea;false;ocean;0
15553;101;25;255;sea;false;ocean;0
15554;53;32;255;sea;false;ocean;0
15555;78;7;255;sea;false;ocean;0
15556;59;24;255;sea;false;ocean;0
15557;117;19;255;sea;false;ocean;0
15558;117;50;255;sea;false;ocean;0
15559;114;6;255;sea;false;ocean;0
15560;73;11;255;sea;false;ocean;0
15561;105;2;255;sea;false;ocean;0
15562;117;7;255;sea;false;ocean;0
15563;71;12;255;sea;false;ocean;0
15564;50;38;255;sea;false;ocean;0
15565;73;18;255;sea;false;ocean;0
15566;82;39;255;sea;false;ocean;0
15567;57;20;255;sea;false;ocean;0
15568;75;19;255;sea;false;ocean;0
15569;70;40;255;sea;false;ocean;0
15570;84;11;255;sea;false;ocean;0
15571;107;3;255;sea;false;ocean;0
15572;87;12;255;sea;false;ocean;0
15573;39;13;255;sea;false;ocean;0
15574;112;27;255;sea;false;ocean;0
15575;39;14;255;sea;false;ocean;0
15576;12;45;255;sea;true;ocean;0
15577;74;36;255;sea;true;ocean;0
15578;13;17;255;sea;true;ocean;0
15579;69;10;255;sea;true;ocean;0
15580;12;50;255;sea;true;ocean;0
15581;27;83;255;sea;true;ocean;0
15582;55;99;255;sea;true;ocean;0
15583;33;113;255;sea;true;ocean;0
15584;37;121;255;sea;true;ocean;0
15585;37;86;255;sea;true;ocean;0
15586;66;41;255;sea;true;ocean;0
15587;125;19;255;sea;true;ocean;0
15588;87;38;255;sea;true;ocean;0
15589;78;36;255;sea;true;ocean;0
15590;94;23;255;sea;true;ocean;0
15591;68;60;255;sea;false;ocean;0
15592;75;2;255;sea;true;ocean;0
15593;82;35;255;sea;true;ocean;0
15594;57;70;255;sea;true;ocean;0
15595;101;70;255;sea;true;ocean;0
15596;94;46;255;sea;true;ocean;0
15597;77;49;255;sea;false;ocean;0
15598;91;60;255;sea;true;ocean;0
15599;77;26;255;sea;false;ocean;0
15600;78;23;255;sea;true;ocean;0
15601;120;55;255;sea;true;ocean;0
15602;43;107;255;sea;true;ocean;0
15603;25;75;255;sea;true;ocean;0
15604;15;100;255;sea;false;ocean;0
15605;45;139;255;sea;true;ocean;0
15606;29;102;255;sea;true;ocean;0
15607;18;64;255;sea;true;ocean;0
15608;40;133;255;sea;true;ocean;0
15609;14;119;255;sea;false;ocean;0
15610;16;83;255;sea;true;ocean;0
15611;37;84;255;sea;true;ocean;0
15612;8;157;255;sea;true;ocean;0
15613;9;97;255;sea;true;ocean;0
15614;74;73;255;sea;true;ocean;0
15615;40;82;255;sea;true;ocean;0
15616;31;62;255;sea;true;ocean;0
15617;80;75;255;sea;true;ocean;0
15618;77;75;255;sea;true;ocean;0
15619;63;41;255;sea;true;ocean;0
15620;126;133;255;sea;false;ocean;0
15621;132;134;255;sea;false;ocean;0
15622;102;130;255;sea;false;ocean;0
15623;70;109;255;sea;true;ocean;0
15624;70;87;255;sea;true;ocean;0
15625;73;105;255;sea;true;ocean;0
15626;138;85;255;sea;false;ocean;0
15627;123;91;255;sea;false;ocean;0
15628;120;99;255;sea;true;ocean;0
15629;82;138;255;sea;true;ocean;0
15630;16;96;255;sea;true;ocean;0
15631;26;83;255;sea;true;ocean;0
15632;83;88;255;sea;true;ocean;0
15633;157;50;255;sea;true;ocean;0
15634;104;83;255;sea;true;ocean;0
15635;115;109;255;sea;true;ocean;0
15636;144;74;255;sea;true;ocean;0
15637;157;115;255;sea;true;ocean;0
15638;105;113;255;sea;true;ocean;0
15639;112;110;255;sea;true;ocean;0
15640;108;73;255;sea;true;ocean;0
15641;79;66;255;sea;true;ocean;0
15642;139;112;255;sea;true;ocean;0
15643;20;117;255;sea;true;ocean;0
15644;48;153;255;sea;true;ocean;0
15645;11;124;255;sea;true;ocean;0
15646;49;123;255;sea;true;ocean;0
15647;31;106;255;sea;true;ocean;0
15648;48;115;255;sea;true;ocean;0
15649;41;127;255;sea;true;ocean;0
15650;51;10;255;sea;true;ocean;0
15651;50;52;255;sea;true;ocean;0
15652;37;24;255;sea;true;ocean;0
15653;22;16;255;sea;true;ocean;0
15654;34;68;255;sea;true;ocean;0
15655;11;20;255;sea;true;ocean;0
15656;82;16;255;sea;true;ocean;0
15657;57;9;255;sea;true;ocean;0
15658;42;36;255;sea;true;ocean;0
15659;30;17;255;sea;true;ocean;0
15660;67;44;255;sea;true;ocean;0
15661;0;48;255;sea;true;ocean;0
15662;5;68;255;sea;true;ocean;0
15663;58;31;255;sea;true;ocean;0
15664;52;47;255;sea;true;ocean;0
15665;49;37;255;sea;true;ocean;0
15666;58;37;255;sea;true;ocean;0
15667;29;25;255;sea;true;ocean;0
15668;41;62;255;sea;true;ocean;0
15669;45;71;255;sea;true;ocean;0
15670;51;52;255;sea;true;ocean;0
15671;70;45;255;sea;true;ocean;0
15672;97;53;255;sea;true;ocean;0
15673;75;68;255;sea;true;ocean;0
15674;82;25;255;sea;true;ocean;0
15675;26;65;255;sea;true;ocean;0
15676;82;63;255;sea;true;ocean;0
15677;57;92;255;sea;true;ocean;0
15678;54;60;255;sea;true;ocean;0
15679;63;72;255;sea;true;ocean;0
15680;102;5;255;sea;true;ocean;0
15681;46;7;255;sea;true;ocean;0
15682;87;42;255;sea;false;ocean;0
15683;97;18;255;sea;true;ocean;0
15684;94;0;255;sea;true;ocean;0
15685;93;21;255;sea;true;ocean;0
15686;83;45;255;sea;true;ocean;0
15687;67;12;255;sea;true;ocean;0
15688;17;82;255;sea;true;ocean;0
15689;13;109;255;sea;true;ocean;0
15690;2;81;255;sea;true;ocean;0
15691;24;100;255;sea;true;ocean;0
15692;25;54;255;sea;true;ocean;0
15693;15;96;255;sea;true;ocean;0
15694;22;41;255;sea;true;ocean;0
15695;10;10;255;sea;true;ocean;0
15696;5;8;255;sea;false;ocean;0
15697;23;36;255;sea;false;ocean;0
15698;26;13;255;sea;false;ocean;0
15699;0;38;255;sea;false;ocean;0
15700;6;50;255;sea;true;ocean;0
15701;3;36;255;sea;true;ocean;0
15702;3;79;255;sea;true;ocean;0
15703;102;40;255;sea;true;ocean;0
15704;12;139;255;sea;true;ocean;0
15705;28;141;255;sea;true;ocean;0
15706;35;94;255;sea;true;ocean;0
15707;2;125;255;sea;true;ocean;0
15708;63;90;255;sea;true;ocean;0
15709;38;81;255;sea;true;ocean;0
15710;49;104;255;sea;true;ocean;0
15711;30;93;255;sea;true;ocean;0
15712;26;24;255;sea;true;ocean;0
15713;27;0;255;sea;true;ocean;0
15714;31;16;255;sea;false;ocean;0
15715;10;37;255;sea;true;ocean;0
15716;20;28;255;sea;true;ocean;0
15717;24;36;255;sea;true;ocean;0
15718;18;33;255;sea;false;ocean;0
15719;35;8;255;sea;true;ocean;0
15720;31;35;255;sea;true;ocean;0
15721;16;13;255;sea;true;ocean;0
15722;9;0;255;sea;true;ocean;0
15723;34;0;255;sea;true;ocean;0
15724;53;30;255;sea;true;ocean;0
15725;57;27;255;sea;true;ocean;0
15726;28;4;255;sea;true;ocean;0
15727;56;27;255;sea;true;ocean;0
15728;16;28;255;sea;true;ocean;0
15729;28;3;255;sea;true;ocean;0
15730;69;17;255;sea;true;ocean;0
15731;3;14;255;sea;true;ocean;0
15732;31;36;255;sea;true;ocean;0
15733;55;18;255;sea;true;ocean;0
15734;58;80;255;sea;true;ocean;0
15735;44;103;255;sea;true;ocean;0
15736;61;66;255;sea;false;ocean;0
15737;118;78;255;sea;true;ocean;0
15738;90;60;255;sea;true;ocean;0
15739;97;33;255;sea;false;ocean;0
15740;47;78;255;sea;false;ocean;0
15741;91;40;255;sea;true;ocean;0
15742;113;64;255;sea;true;ocean;0
15743;42;82;255;sea;true;ocean;0
15744;14;101;255;sea;true;ocean;0
15745;33;59;255;sea;true;ocean;0
15746;69;60;255;sea;true;ocean;0
15747;15;57;255;sea;true;ocean;0
15748;46;68;255;sea;true;ocean;0
15749;126;9;255;sea;true;ocean;0
15750;81;39;255;sea;true;ocean;0
15751;101;63;255;sea;true;ocean;0
15752;61;68;255;sea;true;ocean;0
15753;60;46;255;sea;true;ocean;0
15754;50;24;255;sea;true;ocean;0
15755;45;57;255;sea;true;ocean;0
15756;39;26;255;sea;true;ocean;0
15757;35;14;255;sea;true;ocean;0
15758;45;28;255;sea;true;ocean;0
15759;43;49;255;sea;true;ocean;0
15760;24;10;255;sea;true;ocean;0
15761;45;49;255;sea;true;ocean;0
15762;7;40;255;sea;true;ocean;0
15763;50;12;255;sea;true;ocean;0
15764;49;31;255;sea;true;ocean;0
15765;36;37;255;sea;true;ocean;0
15766;101;19;255;sea;true;ocean;0
15767;101;65;255;sea;true;ocean;0
15768;94;38;255;sea;true;ocean;0
15769;95;14;255;sea;true;ocean;0
15770;119;48;255;sea;true;ocean;0
15771;98;79;255;sea;true;ocean;0
15772;74;76;255;sea;true;ocean;0
15773;106;59;255;sea;false;ocean;0
15774;73;54;255;sea;false;ocean;0
15775;115;46;255;sea;true;ocean;0
15776;106;61;255;sea;false;ocean;0
15777;126;108;255;sea;true;ocean;0
15778;79;84;255;sea;false;ocean;0
15779;103;56;255;sea;false;ocean;0
15780;50;35;255;sea;true;ocean;0
15781;90;85;255;sea;true;ocean;0
15782;38;54;255;sea;true;ocean;0
15783;38;52;255;sea;true;ocean;0
15784;69;81;255;sea;true;ocean;0
15785;45;140;255;sea;true;ocean;0
15786;62;95;255;sea;true;ocean;0
15787;38;75;255;sea;true;ocean;0
15788;55;32;255;sea;true;ocean;0
15789;138;124;255;sea;true;ocean;0
15790;95;150;255;sea;true;ocean;0
15791;95;89;255;sea;false;ocean;0
15792;134;82;255;sea;true;ocean;0
15793;88;149;255;sea;true;ocean;0
15794;122;148;255;sea;true;ocean;0
15795;86;126;255;sea;true;ocean;0
15796;48;63;255;sea;true;ocean;0
15797;40;73;255;sea;true;ocean;0
15798;78;69;255;sea;true;ocean;0
15799;91;11;255;sea;true;ocean;0
15800;31;22;255;sea;true;ocean;0
15801;89;27;255;sea;true;ocean;0
15802;85;60;255;sea;true;ocean;0
15803;92;58;255;sea;true;ocean;0
15804;71;40;255;sea;false;ocean;0
15805;50;48;255;sea;true;ocean;0
15806;47;52;255;sea;true;ocean;0
15807;60;19;255;sea;true;ocean;0
15808;70;52;255;sea;true;ocean;0
15809;88;31;255;sea;false;ocean;0
15810;76;22;255;sea;true;ocean;0
15811;62;19;255;sea;true;ocean;0
15812;77;41;255;sea;false;ocean;0
15813;134;41;255;sea;true;ocean;0
15814;96;38;255;sea;false;ocean;0
15815;125;104;255;sea;true;ocean;0
15816;105;44;255;sea;false;ocean;0
15817;85;56;255;sea;false;ocean;0
15818;71;100;255;sea;true;ocean;0
15819;82;36;255;sea;false;ocean;0
15820;61;87;255;sea;false;ocean;0
15821;68;73;255;sea;true;ocean;0
15822;86;101;255;sea;false;ocean;0
15823;100;49;255;sea;true;ocean;0
15824;35;25;255;sea;true;ocean;0
15825;26;90;255;sea;false;ocean;0
15826;16;21;255;sea;true;ocean;0
15827;7;73;255;sea;true;ocean;0
15828;2;65;255;sea;false;ocean;0
15829;69;53;255;sea;true;ocean;0
15830;77;57;255;sea;true;ocean;0
15831;46;64;255;sea;true;ocean;0
15832;28;24;255;sea;true;ocean;0
15833;70;7;255;sea;true;ocean;0
15834;63;47;255;sea;true;ocean;0
15835;88;84;255;sea;false;ocean;0
15836;90;113;255;sea;false;ocean;0
15837;137;78;255;sea;true;ocean;0
15838;114;74;255;sea;true;ocean;0
15839;91;123;255;sea;false;ocean;0
15840;117;75;255;sea;false;ocean;0
15841;92;80;255;sea;false;ocean;0
15842;84;97;255;sea;false;ocean;0
15843;160;79;255;sea;false;ocean;0
15844;81;142;255;sea;false;ocean;0
15845;134;110;255;sea;false;ocean;0
15846;114;78;255;sea;true;ocean;0
15847;93;128;255;sea;true;ocean;0
15848;119;118;255;sea;false;ocean;0
15849;156;81;255;sea;false;ocean;0
15850;76;3;255;sea;false;ocean;0
15851;4;34;255;sea;true;ocean;0
15852;19;40;255;sea;false;ocean;0
15853;65;9;255;sea;true;ocean;0
15854;107;24;255;sea;true;ocean;0
15855;115;22;255;sea;true;ocean;0
15856;78;40;255;sea;true;ocean;0
15857;65;10;255;sea;true;ocean;0
15858;141;24;255;sea;true;ocean;0
15859;136;32;255;sea;false;ocean;0
15860;121;3;255;sea;false;ocean;0
15861;63;20;255;sea;true;ocean;0
15862;100;15;255;sea;false;ocean;0
15863;142;0;255;sea;true;ocean;0
15864;119;10;255;sea;true;ocean;0
15865;87;14;255;sea;true;ocean;0
15866;118;24;255;sea;true;ocean;0
15867;64;35;255;sea;true;ocean;0
15868;122;23;255;sea;false;ocean;0
15869;142;27;255;sea;false;ocean;0
15870;127;32;255;sea;false;ocean;0
15871;77;71;255;sea;false;ocean;0
15872;72;30;255;sea;false;ocean;0
15873;33;66;255;sea;true;ocean;0
15874;78;37;255;sea;false;ocean;0
15875;19;34;255;sea;false;ocean;0
15876;73;49;255;sea;false;ocean;0
15877;26;68;255;sea;true;ocean;0
15878;12;91;255;sea;false;ocean;0
15879;90;49;255;sea;false;ocean;0
15880;65;67;255;sea;false;ocean;0
15881;48;99;255;sea;false;ocean;0
15882;83;65;255;sea;true;ocean;0
15883;28;69;255;sea;false;ocean;0
15884;68;79;255;sea;true;ocean;0
15885;23;96;255;sea;false;ocean;0
15886;77;60;255;sea;false;ocean;0
15887;73;90;255;sea;true;ocean;0
15888;45;104;255;sea;false;ocean;0
15889;54;103;255;sea;true;ocean;0
15890;45;40;255;sea;false;ocean;0
15891;82;54;255;sea;false;ocean;0
15892;61;90;255;sea;false;ocean;0
15893;73;59;255;sea;false;ocean;0
15894;88;29;255;sea;true;ocean;0
15895;106;55;255;sea;false;ocean;0
15896;152;2;255;sea;true;ocean;0
15897;86;44;255;sea;true;ocean;0
15898;127;27;255;sea;false;ocean;0
15899;113;57;255;sea;true;ocean;0
15900;87;58;255;sea;false;ocean;0
15901;142;74;255;sea;false;ocean;0
15902;133;98;255;sea;false;ocean;0
15903;119;96;255;sea;false;ocean;0
15904;82;143;255;sea;false;ocean;0
15905;81;132;255;sea;false;ocean;0
15906;142;103;255;sea;false;ocean;0
15907;105;121;255;sea;false;ocean;0
15908;138;90;255;sea;false;ocean;0
15909;124;121;255;sea;false;ocean;0
15910;87;147;255;sea;false;ocean;0
15911;124;139;255;sea;false;ocean;0
15912;148;140;255;sea;false;ocean;0
15913;85;132;255;sea;false;ocean;0
15914;60;32;255;sea;true;ocean;0
15915;88;28;255;sea;true;ocean;0
15916;53;67;255;sea;true;ocean;0
15917;21;75;255;sea;false;ocean;0
15918;97;13;255;sea;false;ocean;0
15919;127;76;255;sea;false;ocean;0
15920;122;64;255;sea;false;ocean;0
15921;140;79;255;sea;false;ocean;0
15922;143;39;255;sea;false;ocean;0
15923;145;64;255;sea;false;ocean;0
15924;21;26;255;sea;true;ocean;0
15925;43;4;255;sea;true;ocean;0
15926;35;52;255;sea;true;ocean;0
15927;6;37;255;sea;true;ocean;0
15928;49;63;255;sea;true;ocean;0
15929;23;7;255;sea;true;ocean;0
15930;34;43;255;sea;true;ocean;0
15931;15;67;255;sea;false;ocean;0
15932;2;19;255;sea;true;ocean;0
15933;14;61;255;sea;true;ocean;0
15934;31;46;255;sea;false;ocean;0
15935;90;59;255;sea;false;ocean;0
15936;71;73;255;sea;false;ocean;0
15937;33;33;255;sea;false;ocean;0
15938;63;31;255;sea;false;ocean;0
15939;30;95;255;sea;false;ocean;0
15940;75;69;255;sea;false;ocean;0
15941;33;47;255;sea;false;ocean;0
15942;95;31;255;sea;false;ocean;0
15943;46;21;255;sea;false;ocean;0
15944;90;83;255;sea;false;ocean;0
15945;70;92;255;sea;false;ocean;0
15946;70;73;255;sea;false;ocean;0
15947;71;93;255;sea;false;ocean;0
15948;85;19;255;sea;false;ocean;0
15949;47;51;255;sea;true;ocean;0
15950;42;79;255;sea;true;ocean;0
15951;26;48;255;sea;true;ocean;0
15952;62;37;255;sea;true;ocean;0
15953;60;25;255;sea;true;ocean;0
15954;26;54;255;sea;true;ocean;0
15955;3;22;255;sea;false;ocean;0
15956;29;53;255;sea;true;ocean;0
15957;48;81;255;sea;true;ocean;0
15958;131;7;255;sea;true;ocean;0
15959;73;14;255;sea;true;ocean;0
15960;130;22;255;sea;true;ocean;0
15961;56;10;255;sea;true;ocean;0
15962;60;27;255;sea;false;ocean;0
15963;124;34;255;sea;true;ocean;0
15964;126;4;255;sea;true;ocean;0
15965;116;16;255;sea;true;ocean;0
15966;102;33;255;sea;true;ocean;0
15967;85;44;255;sea;true;ocean;0
15968;66;18;255;sea;true;ocean;0
15969;60;8;255;sea;true;ocean;0
15970;96;46;255;sea;true;ocean;0
15971;84;4;255;sea;true;ocean;0
15972;121;25;255;sea;true;ocean;0
15973;129;22;255;sea;true;ocean;0
15974;88;10;255;sea;true;ocean;0
15975;113;44;255;sea;true;ocean;0
15976;115;2;255;sea;true;ocean;0
15977;125;11;255;sea;true;ocean;0
15978;120;25;255;sea;true;ocean;0
15979;80;138;255;sea;true;ocean;0
15980;30;125;255;sea;true;ocean;0
15981;40;104;255;sea;true;ocean;0
15982;49;125;255;sea;true;ocean;0
15983;79;60;255;sea;true;ocean;0
15984;34;77;255;sea;false;ocean;0
15985;13;55;255;sea;false;ocean;0
15986;43;21;255;sea;false;ocean;0
15987;46;77;255;sea;false;ocean;0
15988;79;71;255;sea;false;ocean;0
15989;11;47;255;sea;false;ocean;0
15990;41;71;255;sea;false;ocean;0
15991;68;71;255;sea;false;ocean;0
15992;16;20;255;sea;false;ocean;0
15993;40;38;255;sea;false;ocean;0
15994;16;47;255;sea;false;ocean;0
15995;31;82;255;sea;false;ocean;0
15996;68;23;255;sea;false;ocean;0
15997;117;119;255;sea;true;ocean;0
15998;70;88;255;sea;true;ocean;0
15999;56;106;255;sea;true;ocean;0
16000;108;134;255;sea;true;ocean;0
16001;135;43;255;sea;false;ocean;0
16002;70;18;255;sea;false;ocean;0
16003;127;77;255;sea;true;ocean;0
16004;62;69;255;sea;true;ocean;0
16005;89;77;255;sea;true;ocean;0
16006;27;123;255;sea;true;ocean;0
16007;38;74;255;sea;false;ocean;0
16008;24;136;255;sea;true;ocean;0
16009;46;131;255;sea;false;ocean;0
16010;8;104;255;sea;false;ocean;0
16011;12;85;255;sea;false;ocean;0
16012;8;141;255;sea;true;ocean;0
16013;8;117;255;sea;false;ocean;0
16014;12;77;255;sea;false;ocean;0
16015;27;98;255;sea;false;ocean;0
16016;22;129;255;sea;false;ocean;0
16017;29;91;255;sea;false;ocean;0
16018;1;130;255;sea;true;ocean;0
16019;78;92;255;sea;false;ocean;0
16020;94;101;255;sea;false;ocean;0
16021;84;112;255;sea;true;ocean;0
16022;97;74;255;sea;false;ocean;0
16023;94;50;255;sea;false;ocean;0
16024;104;93;255;sea;false;ocean;0
16025;88;100;255;sea;false;ocean;0
16026;137;87;255;sea;false;ocean;0
16027;101;105;255;sea;false;ocean;0
16028;127;71;255;sea;false;ocean;0
16029;59;71;255;sea;false;ocean;0
16030;111;105;255;sea;false;ocean;0
16031;114;111;255;sea;false;ocean;0
16032;111;72;255;sea;false;ocean;0
16033;128;54;255;sea;false;ocean;0
16034;121;47;255;sea;false;ocean;0
16035;94;48;255;sea;true;ocean;0
16036;119;45;255;sea;false;ocean;0
16037;134;14;255;sea;false;ocean;0
16038;87;50;255;sea;false;ocean;0
16039;23;45;255;sea;false;ocean;0
16040;32;66;255;sea;true;ocean;0
16041;4;32;255;sea;true;ocean;0
16042;33;60;255;sea;false;ocean;0
16043;39;139;255;sea;true;ocean;0
16044;9;110;255;sea;false;ocean;0
16045;55;100;255;sea;true;ocean;0
16046;5;96;255;sea;true;ocean;0
16047;16;129;255;sea;false;ocean;0
16048;7;93;255;sea;false;ocean;0
16049;3;110;255;sea;true;ocean;0
16050;70;142;255;sea;false;ocean;0
16051;68;129;255;sea;false;ocean;0
16052;50;134;255;sea;false;ocean;0
16053;54;94;255;sea;false;ocean;0
16054;65;118;255;sea;false;ocean;0
16055;133;54;255;sea;false;ocean;0
16056;139;84;255;sea;false;ocean;0
16057;122;95;255;sea;false;ocean;0
16058;88;72;255;sea;false;ocean;0
16059;149;80;255;sea;false;ocean;0
16060;148;49;255;sea;false;ocean;0
16061;124;101;255;sea;false;ocean;0
16062;162;82;255;sea;false;ocean;0
16063;147;56;255;sea;false;ocean;0
16064;140;67;255;sea;false;ocean;0
16065;159;61;255;sea;false;ocean;0
16066;141;60;255;sea;false;ocean;0
16067;150;52;255;sea;false;ocean;0
16068;164;87;255;sea;false;ocean;0
16069;93;69;255;sea;false;ocean;0
16070;102;78;255;sea;false;ocean;0
16071;89;79;255;sea;false;ocean;0
16072;142;43;255;sea;false;ocean;0
16073;159;112;255;sea;false;ocean;0
16074;99;70;255;sea;false;ocean;0
16075;121;42;255;sea;false;ocean;0
16076;139;66;255;sea;false;ocean;0
16077;90;45;255;sea;false;ocean;0
16078;129;117;255;sea;false;ocean;0
16079;151;116;255;sea;false;ocean;0
16080;103;122;255;sea;true;ocean;0
16081;107;75;255;sea;true;ocean;0
16082;30;41;255;sea;true;ocean;0
16083;39;47;255;sea;true;ocean;0
16084;0;32;255;sea;true;ocean;0
16085;35;32;255;sea;true;ocean;0
16086;16;33;255;sea;true;ocean;0
16087;5;80;255;sea;true;ocean;0
16088;57;48;255;sea;true;ocean;0
16089;25;64;255;sea;true;ocean;0
16090;35;70;255;sea;false;ocean;0
16091;1;125;255;sea;true;ocean;0
16092;48;110;255;sea;true;ocean;0
16093;37;119;255;sea;false;ocean;0
16094;7;57;255;sea;false;ocean;0
16095;18;117;255;sea;false;ocean;0
16096;44;113;255;sea;false;ocean;0
16097;57;125;255;sea;false;ocean;0
16098;0;127;255;sea;false;ocean;0
16099;25;104;255;sea;false;ocean;0
16100;53;124;255;sea;false;ocean;0
16101;15;109;255;sea;false;ocean;0
16102;22;97;255;sea;false;ocean;0
16103;17;110;255;sea;false;ocean;0
16104;46;96;255;sea;false;ocean;0
16105;41;69;255;sea;false;ocean;0
16106;5;105;255;sea;false;ocean;0
16107;4;107;255;sea;false;ocean;0
16108;29;99;255;sea;false;ocean;0
16109;93;2;255;sea;true;ocean;0
16110;89;43;255;sea;true;ocean;0
16111;108;103;255;sea;false;ocean;0
16112;131;118;255;sea;false;ocean;0
16113;133;84;255;sea;false;ocean;0
16114;112;122;255;sea;false;ocean;0
16115;124;64;255;sea;false;ocean;0
16116;105;110;255;sea;false;ocean;0
16117;123;92;255;sea;false;ocean;0
16118;138;87;255;sea;false;ocean;0
16119;99;47;255;sea;true;ocean;0
16120;133;102;255;sea;true;ocean;0
16121;140;121;255;sea;true;ocean;0
16122;82;85;255;sea;false;ocean;0
16123;94;103;255;sea;true;ocean;0
16124;95;108;255;sea;true;ocean;0
16125;80;79;255;sea;true;ocean;0
16126;152;49;255;sea;true;ocean;0
16127;151;112;255;sea;false;ocean;0
16128;155;110;255;sea;true;ocean;0
16129;126;99;255;sea;true;ocean;0
16130;119;85;255;sea;true;ocean;0
16131;96;105;255;sea;true;ocean;0
16132;155;61;255;sea;false;ocean;0
16133;102;73;255;sea;false;ocean;0
16134;145;90;255;sea;true;ocean;0
16135;88;73;255;sea;true;ocean;0
16136;107;97;255;sea;true;ocean;0
16137;102;123;255;sea;true;ocean;0
16138;147;114;255;sea;true;ocean;0
16139;98;71;255;sea;true;ocean;0
16140;146;91;255;sea;true;ocean;0
16141;157;77;255;sea;false;ocean;0
16142;101;23;255;sea;false;ocean;0
16143;104;57;255;sea;false;ocean;0
16144;150;13;255;sea;false;ocean;0
16145;97;24;255;sea;false;ocean;0
16146;120;77;255;sea;false;ocean;0
16147;121;54;255;sea;false;ocean;0
16148;86;68;255;sea;false;ocean;0
16149;138;35;255;sea;false;ocean;0
16150;90;38;255;sea;false;ocean;0
16151;90;19;255;sea;false;ocean;0
16152;106;66;255;sea;false;ocean;0
16153;138;55;255;sea;false;ocean;0
16154;113;47;255;sea;false;ocean;0
16155;150;9;255;sea;false;ocean;0
16156;78;108;255;sea;true;ocean;0
16157;85;87;255;sea;true;ocean;0
16158;112;101;255;sea;true;ocean;0
16159;33;104;255;sea;true;ocean;0
16160;66;68;255;sea;false;ocean;0
16161;77;111;255;sea;true;ocean;0
16162;108;53;255;sea;true;ocean;0
16163;72;113;255;sea;true;ocean;0
16164;54;100;255;sea;true;ocean;0
16165;70;11;255;sea;true;ocean;0
16166;68;53;255;sea;false;ocean;0
16167;63;2;255;sea;false;ocean;0
16168;31;23;255;sea;false;ocean;0
16169;55;2;255;sea;true;ocean;0
16170;40;10;255;sea;true;ocean;0
16171;50;1;255;sea;false;ocean;0
16172;19;11;255;sea;false;ocean;0
16173;52;53;255;sea;false;ocean;0
16174;71;19;255;sea;false;ocean;0
16175;73;77;255;sea;true;ocean;0
16176;40;87;255;sea;false;ocean;0
16177;67;30;255;sea;false;ocean;0
16178;46;63;255;sea;true;ocean;0
16179;108;86;255;sea;false;ocean;0
16180;73;76;255;sea;true;ocean;0
16181;62;42;255;sea;true;ocean;0
16182;36;78;255;sea;true;ocean;0
16183;40;42;255;sea;false;ocean;0
16184;68;78;255;sea;false;ocean;0
16185;52;87;255;sea;true;ocean;0
16186;53;81;255;sea;false;ocean;0
16187;87;84;255;sea;true;ocean;0
16188;31;131;255;sea;false;ocean;0
16189;44;137;255;sea;false;ocean;0
16190;29;97;255;sea;true;ocean;0
16191;66;108;255;sea;false;ocean;0
16192;18;57;255;sea;false;ocean;0
16193;6;47;255;sea;false;ocean;0
16194;23;78;255;sea;false;ocean;0
16195;66;52;255;sea;false;ocean;0
16196;40;107;255;sea;false;ocean;0
16197;109;5;255;sea;false;ocean;0
16198;88;21;255;sea;true;ocean;0
16199;103;50;255;sea;false;ocean;0
16200;110;32;255;sea;false;ocean;0
16201;67;10;255;sea;true;ocean;0
16202;68;5;255;sea;true;ocean;0
16203;62;28;255;sea;true;ocean;0
16204;121;30;255;sea;true;ocean;0
16205;59;15;255;sea;true;ocean;0
16206;95;51;255;sea;true;ocean;0
16207;103;18;255;sea;true;ocean;0
16208;99;36;255;sea;false;ocean;0
16209;119;8;255;sea;true;ocean;0
16210;65;0;255;sea;true;ocean;0
16211;111;7;255;sea;true;ocean;0
16212;66;31;255;sea;true;ocean;0
16213;88;22;255;sea;true;ocean;0
16214;90;31;255;sea;true;ocean;0
16215;128;1;255;sea;true;ocean;0
16216;87;30;255;sea;true;ocean;0
16217;66;47;255;sea;true;ocean;0
16218;84;27;255;sea;false;ocean;0
16219;83;44;255;sea;false;ocean;0
16220;55;3;255;sea;false;ocean;0
16221;96;42;255;sea;false;ocean;0
16222;84;19;255;sea;true;ocean;0
16223;63;6;255;sea;true;ocean;0
16224;109;3;255;sea;true;ocean;0
16225;127;41;255;sea;true;ocean;0
16226;44;80;255;sea;false;ocean;0
16227;72;138;255;sea;false;ocean;0
16228;85;58;255;sea;true;ocean;0
16229;77;4;255;sea;false;ocean;0
16230;35;53;255;sea;true;ocean;0
16231;28;31;255;sea;false;ocean;0
16232;62;62;255;sea;false;ocean;0
16233;36;29;255;sea;false;ocean;0
16234;83;61;255;sea;false;ocean;0
16235;74;67;255;sea;true;ocean;0
16236;56;6;255;sea;false;ocean;0
16237;90;37;255;sea;false;ocean;0
16238;53;23;255;sea;false;ocean;0
16239;86;57;255;sea;false;ocean;0
16240;90;46;255;sea;true;ocean;0
16241;81;19;255;sea;false;ocean;0
16242;72;18;255;sea;false;ocean;0
16243;16;60;255;sea;true;ocean;0
16244;19;16;255;sea;false;ocean;0
16245;25;65;255;sea;true;ocean;0
16246;97;112;255;sea;true;ocean;0
16247;106;77;255;sea;true;ocean;0
16248;130;45;255;sea;true;ocean;0
16249;162;70;255;sea;true;ocean;0
16250;150;62;255;sea;true;ocean;0
16251;146;81;255;sea;true;ocean;0
16252;92;88;255;sea;true;ocean;0
16253;46;89;255;sea;false;ocean;0
16254;46;97;255;sea;false;ocean;0
16255;100;74;255;sea;false;ocean;0
16256;57;132;255;sea;false;ocean;0
16257;91;133;255;sea;false;ocean;0
16258;50;141;255;sea;false;ocean;0
16259;93;102;255;sea;false;ocean;0
16260;48;145;255;sea;false;ocean;0
16261;49;105;255;sea;false;ocean;0
16262;68;133;255;sea;false;ocean;0
16263;70;120;255;sea;false;ocean;0
16264;60;93;255;sea;false;ocean;0
16265;66;73;255;sea;true;ocean;0
16266;12;78;255;sea;false;ocean;0
16267;53;84;255;sea;true;ocean;0
16268;7;52;255;sea;false;ocean;0
16269;0;81;255;sea;false;ocean;0
16270;9;125;255;sea;false;ocean;0
16271;23;103;255;sea;false;ocean;0
16272;5;128;255;sea;true;ocean;0
16273;12;120;255;sea;false;ocean;0
16274;53;97;255;sea;true;ocean;0
16275;13;117;255;sea;true;ocean;0
16276;30;122;255;sea;false;ocean;0
16277;9;84;255;sea;false;ocean;0
16278;40;74;255;sea;false;ocean;0
16279;1;85;255;sea;false;ocean;0
16280;20;141;255;sea;false;ocean;0
16281;31;67;255;sea;true;ocean;0
16282;22;126;255;sea;false;ocean;0
16283;40;144;255;sea;false;ocean;0
16284;40;77;255;sea;true;ocean;0
16285;37;125;255;sea;true;ocean;0
16286;42;76;255;sea;false;ocean;0
16287;19;97;255;sea;false;ocean;0
16288;8;93;255;sea;false;ocean;0
16289;35;79;255;sea;false;ocean;0
16290;16;62;255;sea;false;ocean;0
16291;15;87;255;sea;false;ocean;0
16292;30;63;255;sea;false;ocean;0
16293;0;100;255;sea;false;ocean;0
16294;133;68;255;sea;false;ocean;0
16295;78;106;255;sea;false;ocean;0
16296;154;98;255;sea;false;ocean;0
16297;108;132;255;sea;true;ocean;0
16298;76;130;255;sea;true;ocean;0
16299;117;84;255;sea;true;ocean;0
16300;72;123;255;sea;false;ocean;0
16301;65;97;255;sea;true;ocean;0
16302;116;129;255;sea;true;ocean;0
16303;90;111;255;sea;false;ocean;0
16304;114;132;255;sea;true;ocean;0
16305;91;132;255;sea;false;ocean;0
16306;94;63;255;sea;false;ocean;0
16307;65;32;255;sea;true;ocean;0
16308;107;9;255;sea;true;ocean;0
16309;60;58;255;sea;true;ocean;0
16310;74;137;255;sea;true;ocean;0
16311;34;116;255;sea;true;ocean;0
16312;35;100;255;sea;true;ocean;0
16313;80;150;255;sea;true;ocean;0
16314;91;116;255;sea;true;ocean;0
16315;86;112;255;sea;true;ocean;0
16316;91;91;255;sea;true;ocean;0
16317;112;76;255;sea;true;ocean;0
16318;108;84;255;sea;false;ocean;0
16319;87;57;255;sea;true;ocean;0
16320;114;50;255;sea;false;ocean;0
16321;149;56;255;sea;true;ocean;0
16322;143;44;255;sea;false;ocean;0
16323;105;57;255;sea;true;ocean;0
16324;84;94;255;sea;true;ocean;0
16325;101;106;255;sea;false;ocean;0
16326;138;108;255;sea;false;ocean;0
16327;94;44;255;sea;false;ocean;0
16328;101;104;255;sea;true;ocean;0
16329;83;59;255;sea;false;ocean;0
16330;127;73;255;sea;true;ocean;0
16331;76;50;255;sea;false;ocean;0
16332;126;96;255;sea;true;ocean;0
16333;126;59;255;sea;false;ocean;0
16334;133;27;255;sea;false;ocean;0
16335;116;76;255;sea;false;ocean;0
16336;96;10;255;sea;false;ocean;0
16337;148;28;255;sea;false;ocean;0
16338;86;42;255;sea;false;ocean;0
16339;131;42;255;sea;false;ocean;0
16340;139;12;255;sea;false;ocean;0
16341;156;26;255;sea;false;ocean;0
16342;97;8;255;sea;false;ocean;0
16343;117;35;255;sea;false;ocean;0
16344;115;19;255;sea;false;ocean;0
16345;123;36;255;sea;false;ocean;0
16346;71;56;255;sea;false;ocean;0
16347;20;4;255;sea;false;ocean;0
16348;56;44;255;sea;false;ocean;0
16349;46;22;255;sea;true;ocean;0
16350;12;36;255;sea;true;ocean;0
16351;67;40;255;sea;true;ocean;0
16352;60;43;255;sea;true;ocean;0
16353;11;4;255;sea;true;ocean;0
16354;109;103;255;sea;true;ocean;0
16355;112;136;255;sea;true;ocean;0
16356;86;86;255;sea;true;ocean;0
16357;55;59;255;sea;true;ocean;0
16358;73;63;255;sea;true;ocean;0
16359;128;69;255;sea;true;ocean;0
16360;112;74;255;sea;true;ocean;0
16361;121;82;255;sea;false;ocean;0
16362;114;151;255;sea;false;ocean;0
16363;124;154;255;sea;false;ocean;0
16364;157;114;255;sea;false;ocean;0
16365;116;159;255;sea;false;ocean;0
16366;147;133;255;sea;false;ocean;0
16367;14;73;255;sea;false;ocean;0
16368;20;74;255;sea;false;ocean;0
16369;19;100;255;sea;false;ocean;0
16370;39;12;255;sea;false;ocean;0
16371;56;40;255;sea;true;ocean;0
16372;111;10;255;sea;true;ocean;0
16373;42;32;255;sea;false;ocean;0
16374;93;16;255;sea;false;ocean;0
16375;35;13;255;sea;true;ocean;0
16376;68;16;255;sea;true;ocean;0
16377;24;61;255;sea;false;ocean;0
16378;71;112;255;sea;true;ocean;0
16379;93;93;255;sea;true;ocean;0
16380;21;71;255;sea;true;ocean;0
16381;46;74;255;sea;true;ocean;0
16382;55;72;255;sea;false;ocean;0
16383;76;45;255;sea;true;ocean;0
16384;74;80;255;sea;true;ocean;0
16385;43;82;255;sea;false;ocean;0
16386;22;52;255;sea;true;ocean;0
16387;73;112;255;sea;true;ocean;0
16388;74;30;255;sea;false;ocean;0
16389;62;63;255;sea;false;ocean;0
16390;31;5;255;sea;false;ocean;0
16391;83;43;255;sea;false;ocean;0
16392;47;7;255;sea;true;ocean;0
16393;31;53;255;sea;true;ocean;0
16394;32;31;255;sea;false;ocean;0
16395;66;2;255;sea;true;ocean;0
16396;69;8;255;sea;true;ocean;0
16397;73;13;255;sea;false;ocean;0
16398;66;3;255;sea;false;ocean;0
16399;59;35;255;sea;false;ocean;0
16400;82;89;255;sea;false;ocean;0
16401;99;63;255;sea;false;ocean;0
16402;89;70;255;sea;false;ocean;0
16403;110;65;255;sea;true;ocean;0
16404;104;95;255;sea;true;ocean;0
16405;105;63;255;sea;true;ocean;0
16406;72;89;255;sea;false;ocean;0
16407;114;24;255;sea;true;ocean;0
16408;106;76;255;sea;true;ocean;0
16409;69;80;255;sea;false;ocean;0
16410;47;29;255;sea;false;ocean;0
16411;57;38;255;sea;true;ocean;0
16412;70;54;255;sea;true;ocean;0
16413;46;88;255;sea;false;ocean;0
16414;110;60;255;sea;true;ocean;0
16415;59;60;255;sea;true;ocean;0
16416;118;79;255;sea;true;ocean;0
16417;94;26;255;sea;false;ocean;0
16418;74;38;255;sea;false;ocean;0
16419;114;12;255;sea;true;ocean;0
16420;106;3;255;sea;true;ocean;0
16421;52;65;255;sea;false;ocean;0
16422;77;50;255;sea;false;ocean;0
16423;59;59;255;sea;true;ocean;0
16424;51;32;255;sea;true;ocean;0
16425;8;51;255;sea;true;ocean;0
16426;8;40;255;sea;true;ocean;0
16427;25;58;255;sea;true;ocean;0
16428;2;40;255;sea;false;ocean;0
16429;12;107;255;sea;true;ocean;0
16430;1;46;255;sea;true;ocean;0
16431;22;75;255;sea;true;ocean;0
16432;53;49;255;sea;true;ocean;0
16433;53;94;255;sea;true;ocean;0
16434;17;32;255;sea;true;ocean;0
16435;52;76;255;sea;false;ocean;0
16436;56;100;255;sea;false;ocean;0
16437;78;81;255;sea;false;ocean;0
16438;54;89;255;sea;false;ocean;0
16439;5;40;255;sea;false;ocean;0
16440;34;57;255;sea;false;ocean;0
16441;6;52;255;sea;false;ocean;0
16442;20;25;255;sea;false;ocean;0
16443;26;77;255;sea;false;ocean;0
16444;22;81;255;sea;false;ocean;0
16445;28;78;255;sea;false;ocean;0
16446;9;53;255;sea;false;ocean;0
16447;15;46;255;sea;false;ocean;0
16448;35;63;255;sea;false;ocean;0
16449;74;98;255;sea;true;ocean;0
16450;146;100;255;sea;true;ocean;0
16451;105;93;255;sea;false;ocean;0
16452;99;142;255;sea;true;ocean;0
16453;70;99;255;sea;true;ocean;0
16454;117;125;255;sea;false;ocean;0
16455;82;116;255;sea;true;ocean;0
16456;67;158;255;sea;true;ocean;0
16457;65;159;255;sea;true;ocean;0
16458;55;30;255;sea;false;ocean;0
16459;22;93;255;sea;true;ocean;0
16460;54;42;255;sea;false;ocean;0
16461;8;83;255;sea;true;ocean;0
16462;32;30;255;sea;true;ocean;0
16463;78;33;255;sea;false;ocean;0
16464;62;103;255;sea;false;ocean;0
16465;30;33;255;sea;true;ocean;0
16466;79;56;255;sea;true;ocean;0
16467;23;87;255;sea;false;ocean;0
16468;150;32;255;sea;true;ocean;0
16469;99;39;255;sea;false;ocean;0
16470;81;13;255;sea;true;ocean;0
16471;95;36;255;sea;true;ocean;0
16472;93;22;255;sea;true;ocean;0
16473;159;23;255;sea;true;ocean;0
16474;107;38;255;sea;true;ocean;0
16475;127;8;255;sea;true;ocean;0
16476;159;15;255;sea;true;ocean;0
16477;114;3;255;sea;true;ocean;0
16478;104;3;255;sea;true;ocean;0
16479;139;19;255;sea;true;ocean;0
16480;91;27;255;sea;true;ocean;0
16481;121;21;255;sea;true;ocean;0
16482;159;31;255;sea;false;ocean;0
16483;93;32;255;sea;false;ocean;0
16484;82;21;255;sea;false;ocean;0
16485;69;31;255;sea;true;ocean;0
16486;21;35;255;sea;false;ocean;0
16487;63;39;255;sea;false;ocean;0
16488;70;22;255;sea;true;ocean;0
16489;16;31;255;sea;true;ocean;0
16490;39;5;255;sea;false;ocean;0
16491;27;26;255;sea;false;ocean;0
16492;65;30;255;sea;true;ocean;0
16493;90;48;255;sea;true;ocean;0
16494;45;5;255;sea;true;ocean;0
16495;55;1;255;sea;true;ocean;0
16496;51;30;255;sea;true;ocean;0
16497;100;50;255;sea;true;ocean;0
16498;35;27;255;sea;true;ocean;0
16499;68;42;255;sea;true;ocean;0
16500;106;25;255;sea;true;ocean;0
16501;110;11;255;sea;true;ocean;0
16502;52;55;255;sea;true;ocean;0
16503;51;38;255;sea;false;ocean;0
16504;91;51;255;sea;true;ocean;0
16505;49;2;255;sea;false;ocean;0
16506;91;42;255;sea;false;ocean;0
16507;38;122;255;sea;true;ocean;0
16508;97;126;255;sea;true;ocean;0
16509;53;135;255;sea;true;ocean;0
16510;82;73;255;sea;true;ocean;0
16511;77;100;255;sea;true;ocean;0
16512;74;71;255;sea;true;ocean;0
16513;66;54;255;sea;false;ocean;0
16514;130;21;255;sea;false;ocean;0
16515;55;24;255;sea;false;ocean;0
16516;112;36;255;sea;false;ocean;0
16517;62;60;255;sea;false;ocean;0
16518;124;42;255;sea;false;ocean;0
16519;100;58;255;sea;false;ocean;0
16520;130;42;255;sea;false;ocean;0
16521;68;22;255;sea;false;ocean;0
16522;115;49;255;sea;false;ocean;0
16523;109;44;255;sea;false;ocean;0
16524;12;64;255;sea;false;ocean;0
16525;43;51;255;sea;false;ocean;0
16526;9;54;255;sea;false;ocean;0
16527;24;30;255;sea;true;ocean;0
16528;2;6;255;sea;true;ocean;0
16529;29;17;255;sea;false;ocean;0
16530;2;45;255;sea;false;ocean;0
16531;2;39;255;sea;false;ocean;0
16532;46;16;255;sea;true;ocean;0
16533;26;30;255;sea;false;ocean;0
16534;22;22;255;sea;false;ocean;0
16535;65;88;255;sea;true;ocean;0
16536;141;108;255;sea;false;ocean;0
16537;132;73;255;sea;true;ocean;0
16538;92;120;255;sea;true;ocean;0
16539;115;98;255;sea;true;ocean;0
16540;107;51;255;sea;true;ocean;0
16541;67;91;255;sea;true;ocean;0
16542;75;99;255;sea;false;ocean;0
16543;17;153;255;sea;true;ocean;0
16544;76;152;255;sea;false;ocean;0
16545;50;94;255;sea;false;ocean;0
16546;42;87;255;sea;false;ocean;0
16547;19;137;255;sea;true;ocean;0
16548;62;130;255;sea;false;ocean;0
16549;56;160;255;sea;false;ocean;0
16550;20;122;255;sea;true;ocean;0
16551;59;114;255;sea;false;ocean;0
16552;89;157;255;sea;false;ocean;0
16553;60;154;255;sea;true;ocean;0
16554;35;133;255;sea;false;ocean;0
16555;37;55;255;sea;true;ocean;0
16556;8;110;255;sea;true;ocean;0
16557;38;60;255;sea;false;ocean;0
16558;41;74;255;sea;true;ocean;0
16559;56;68;255;sea;false;ocean;0
16560;64;70;255;sea;true;ocean;0
16561;51;115;255;sea;false;ocean;0
16562;4;76;255;sea;true;ocean;0
16563;47;120;255;sea;true;ocean;0
16564;63;116;255;sea;false;ocean;0
16565;38;86;255;sea;true;ocean;0
16566;7;80;255;sea;true;ocean;0
16567;57;56;255;sea;true;ocean;0
16568;30;114;255;sea;false;ocean;0
16569;21;95;255;sea;true;ocean;0
16570;8;67;255;sea;true;ocean;0
16571;42;130;255;sea;false;ocean;0
16572;25;100;255;sea;false;ocean;0
16573;12;105;255;sea;true;ocean;0
16574;23;126;255;sea;true;ocean;0
16575;45;82;255;sea;true;ocean;0
16576;51;102;255;sea;false;ocean;0
16577;52;4;255;sea;false;ocean;0
16578;55;49;255;sea;false;ocean;0
16579;82;57;255;sea;false;ocean;0
16580;22;4;255;sea;false;ocean;0
16581;77;43;255;sea;false;ocean;0
16582;81;66;255;sea;true;ocean;0
16583;101;97;255;sea;false;ocean;0
16584;67;99;255;sea;true;ocean;0
16585;116;105;255;sea;true;ocean;0
16586;125;91;255;sea;true;ocean;0
16587;87;73;255;sea;true;ocean;0
16588;71;71;255;sea;false;ocean;0
16589;92;76;255;sea;false;ocean;0
16590;116;51;255;sea;false;ocean;0
16591;118;32;255;sea;false;ocean;0
16592;127;7;255;sea;false;ocean;0
16593;126;8;255;sea;false;ocean;0
16594;103;11;255;sea;true;ocean;0
16595;84;59;255;sea;true;ocean;0
16596;63;54;255;sea;true;ocean;0
16597;105;60;255;sea;false;ocean;0
16598;53;27;255;sea;true;ocean;0
16599;65;39;255;sea;true;ocean;0
16600;122;1;255;sea;true;ocean;0
16601;124;47;255;sea;true;ocean;0
16602;74;24;255;sea;true;ocean;0
16603;54;16;255;sea;true;ocean;0
16604;25;9;255;sea;false;ocean;0
16605;33;14;255;sea;true;ocean;0
16606;58;9;255;sea;false;ocean;0
16607;23;3;255;sea;true;ocean;0
16608;66;9;255;sea;false;ocean;0
16609;21;15;255;sea;false;ocean;0
16610;8;27;255;sea;true;ocean;0
16611;44;81;255;sea;false;ocean;0
16612;90;120;255;sea;true;ocean;0
16613;25;86;255;sea;true;ocean;0
16614;41;148;255;sea;true;ocean;0
16615;83;107;255;sea;true;ocean;0
16616;86;144;255;sea;true;ocean;0
16617;72;146;255;sea;true;ocean;0
16618;70;16;255;sea;false;ocean;0
16619;125;26;255;sea;true;ocean;0
16620;124;20;255;sea;true;ocean;0
16621;137;10;255;sea;true;ocean;0
16622;125;1;255;sea;true;ocean;0
16623;102;14;255;sea;true;ocean;0
16624;104;17;255;sea;true;ocean;0
16625;109;32;255;sea;true;ocean;0
16626;69;26;255;sea;false;ocean;0
16627;135;49;255;sea;true;ocean;0
16628;38;50;255;sea;true;ocean;0
16629;60;87;255;sea;true;ocean;0
16630;74;105;255;sea;true;ocean;0
16631;94;120;255;sea;true;ocean;0
16632;86;90;255;sea;true;ocean;0
16633;78;75;255;sea;false;ocean;0
16634;22;117;255;sea;true;ocean;0
16635;40;62;255;sea;true;ocean;0
16636;38;24;255;sea;true;ocean;0
16637;98;27;255;sea;true;ocean;0
16638;45;51;255;sea;true;ocean;0
16639;38;11;255;sea;true;ocean;0
16640;40;49;255;sea;true;ocean;0
16641;37;31;255;sea;true;ocean;0
16642;33;51;255;sea;true;ocean;0
16643;45;46;255;sea;true;ocean;0
16644;14;51;255;sea;true;ocean;0
16645;4;7;255;sea;true;ocean;0
16646;45;34;255;sea;true;ocean;0
16647;25;74;255;sea;true;ocean;0
16648;48;107;255;sea;true;ocean;0
16649;28;71;255;sea;true;ocean;0
16650;46;67;255;sea;true;ocean;0
16651;13;116;255;sea;true;ocean;0
16652;4;40;255;sea;true;ocean;0
16653;18;88;255;sea;false;ocean;0
16654;31;76;255;sea;true;ocean;0
16655;0;70;255;sea;true;ocean;0
16656;4;117;255;sea;true;ocean;0
16657;15;77;255;sea;false;ocean;0
16658;9;90;255;sea;true;ocean;0
16659;53;107;255;sea;true;ocean;0
16660;56;59;255;sea;true;ocean;0
16661;68;107;255;sea;true;ocean;0
16662;20;87;255;sea;true;ocean;0
16663;29;114;255;sea;true;ocean;0
16664;45;100;255;sea;true;ocean;0
16665;56;89;255;sea;true;ocean;0
16666;5;50;255;sea;false;ocean;0
16667;22;18;255;sea;false;ocean;0
16668;20;22;255;sea;false;ocean;0
16669;38;14;255;sea;false;ocean;0
16670;13;37;255;sea;false;ocean;0
16671;26;58;255;sea;false;ocean;0
16672;1;58;255;sea;false;ocean;0
16673;93;8;255;sea;false;ocean;0
16674;38;4;255;sea;true;ocean;0
16675;47;41;255;sea;true;ocean;0
16676;53;4;255;sea;true;ocean;0
16677;32;60;255;sea;true;ocean;0
16678;29;28;255;sea;true;ocean;0
16679;122;156;255;sea;true;ocean;0
16680;63;157;255;sea;true;ocean;0
16681;115;155;255;sea;true;ocean;0
16682;81;83;255;sea;true;ocean;0
16683;40;31;255;sea;false;ocean;0
16684;13;31;255;sea;false;ocean;0
16685;12;52;255;sea;false;ocean;0
16686;38;93;255;sea;true;ocean;0
16687;1;49;255;sea;false;ocean;0
16688;8;46;255;sea;true;ocean;0
16689;50;73;255;sea;false;ocean;0
16690;46;47;255;sea;true;ocean;0
16691;31;136;255;sea;false;ocean;0
16692;38;111;255;sea;true;ocean;0
16693;44;87;255;sea;true;ocean;0
16694;41;115;255;sea;true;ocean;0
16695;69;153;255;sea;true;ocean;0
16696;52;107;255;sea;true;ocean;0
16697;35;126;255;sea;true;ocean;0
16698;53;145;255;sea;false;ocean;0
16699;46;135;255;sea;true;ocean;0
16700;44;120;255;sea;true;ocean;0
16701;27;124;255;sea;true;ocean;0
16702;45;116;255;sea;false;ocean;0
16703;28;107;255;sea;true;ocean;0
16704;58;141;255;sea;true;ocean;0
16705;81;150;255;sea;true;ocean;0
16706;142;75;255;sea;true;ocean;0
16707;126;86;255;sea;false;ocean;0
16708;144;102;255;sea;false;ocean;0
16709;89;62;255;sea;true;ocean;0
16710;156;37;255;sea;false;ocean;0
16711;125;71;255;sea;true;ocean;0
16712;92;87;255;sea;false;ocean;0
16713;125;57;255;sea;true;ocean;0
16714;151;45;255;sea;false;ocean;0
16715;156;43;255;sea;false;ocean;0
16716;133;37;255;sea;true;ocean;0
16717;82;23;255;sea;true;ocean;0
16718;141;18;255;sea;true;ocean;0
16719;131;45;255;sea;true;ocean;0
16720;113;17;255;sea;true;ocean;0
16721;107;40;255;sea;true;ocean;0
16722;91;48;255;sea;true;ocean;0
16723;97;15;255;sea;true;ocean;0
16724;117;44;255;sea;true;ocean;0
16725;139;51;255;sea;true;ocean;0
16726;154;21;255;sea;false;ocean;0
16727;131;17;255;sea;false;ocean;0
16728;157;63;255;sea;true;ocean;0
16729;111;67;255;sea;true;ocean;0
16730;103;62;255;sea;false;ocean;0
16731;97;99;255;sea;false;ocean;0
16732;130;35;255;sea;true;ocean;0
16733;157;54;255;sea;false;ocean;0
16734;95;42;255;sea;true;ocean;0
16735;110;52;255;sea;false;ocean;0
16736;162;59;255;sea;false;ocean;0
16737;41;16;255;sea;false;ocean;0
16738;75;25;255;sea;false;ocean;0
16739;76;55;255;sea;true;ocean;0
16740;26;56;255;sea;true;ocean;0
16741;23;41;255;sea;true;ocean;0
16742;19;52;255;sea;true;ocean;0
16743;12;34;255;sea;true;ocean;0
16744;38;28;255;sea;true;ocean;0
16745;59;7;255;sea;true;ocean;0
16746;54;37;255;sea;true;ocean;0
16747;33;75;255;sea;true;ocean;0
16748;53;58;255;sea;true;ocean;0
16749;37;63;255;sea;true;ocean;0
16750;52;56;255;sea;false;ocean;0
16751;81;78;255;sea;true;ocean;0
16752;52;63;255;sea;false;ocean;0
16753;13;81;255;sea;true;ocean;0
16754;79;65;255;sea;true;ocean;0
16755;22;90;255;sea;false;ocean;0
16756;72;105;255;sea;true;ocean;0
16757;67;79;255;sea;true;ocean;0
16758;83;98;255;sea;false;ocean;0
16759;20;40;255;sea;true;ocean;0
16760;84;63;255;sea;false;ocean;0
16761;73;28;255;sea;false;ocean;0
16762;10;54;255;sea;true;ocean;0
16763;2;123;255;sea;true;ocean;0
16764;14;122;255;sea;true;ocean;0
16765;0;51;255;sea;false;ocean;0
16766;41;106;255;sea;true;ocean;0
16767;43;129;255;sea;true;ocean;0
16768;12;117;255;sea;true;ocean;0
16769;9;111;255;sea;true;ocean;0
16770;10;69;255;sea;true;ocean;0
16771;10;138;255;sea;false;ocean;0
16772;11;69;255;sea;false;ocean;0
16773;13;102;255;sea;true;ocean;0
16774;1;62;255;sea;true;ocean;0
16775;41;87;255;sea;false;ocean;0
16776;7;94;255;sea;true;ocean;0
16777;39;109;255;sea;false;ocean;0
16778;138;64;255;sea;true;ocean;0
16779;139;65;255;sea;true;ocean;0
16780;73;39;255;sea;true;ocean;0
16781;104;74;255;sea;true;ocean;0
16782;81;17;255;sea;true;ocean;0
16783;103;7;255;sea;false;ocean;0
16784;144;43;255;sea;true;ocean;0
16785;3;26;255;sea;true;ocean;0
16786;46;26;255;sea;true;ocean;0
16787;0;0;255;sea;true;ocean;0
16788;12;42;255;sea;true;ocean;0
16789;8;21;255;sea;true;ocean;0
16790;40;30;255;sea;true;ocean;0
16791;31;1;255;sea;false;ocean;0
16792;34;22;255;sea;true;ocean;0
16793;14;20;255;sea;false;ocean;0
16794;34;82;255;sea;true;ocean;0
16795;33;31;255;sea;true;ocean;0
16796;20;57;255;sea;false;ocean;0
16797;24;58;255;sea;true;ocean;0
16798;23;3;128;lake;false;lakes;0
16799;26;26;128;lake;false;lakes;0
16800;33;15;128;lake;false;lakes;0
16801;91;42;128;lake;false;lakes;0
16802;88;21;128;lake;false;lakes;0
16803;40;10;128;lake;false;lakes;0
16804;13;9;128;lake;false;lakes;0
16805;81;41;128;lake;false;lakes;0
16806;67;45;128;lake;false;lakes;0
16807;52;46;128;lake;false;lakes;0
16808;42;81;128;lake;false;lakes;0
16809;87;38;128;lake;false;lakes;0
16810;74;36;128;lake;false;lakes;0
16811;77;103;128;lake;false;lakes;0
16812;33;72;128;lake;false;lakes;0
16813;80;39;128;lake;false;lakes;0
16814;135;40;128;lake;false;lakes;0
16815;154;9;128;lake;false;lakes;0
16816;130;3;128;lake;false;lakes;0
16817;157;14;128;lake;false;lakes;0
16818;129;4;128;lake;false;lakes;0
16819;103;11;128;lake;false;lakes;0
16820;32;38;128;lake;false;lakes;0
16821;26;9;128;lake;false;lakes;0
16822;61;32;128;lake;false;lakes;0
16823;7;38;128;lake;false;lakes;0
16824;80;81;128;lake;false;lakes;0
16825;105;88;128;lake;false;lakes;0
16826;102;89;128;lake;false;lakes;0
16827;106;98;128;lake;false;lakes;0
16828;63;58;128;lake;false;lakes;0
16829;36;15;128;lake;false;lakes;0
16830;81;56;128;lake;false;lakes;0
16831;98;99;128;lake;false;lakes;0
16832;26;61;128;lake;false;lakes;0
16833;85;3;128;lake;false;lakes;0
16834;44;48;128;lake;false;lakes;0
16835;18;68;128;lake;false;lakes;0
16836;35;45;128;lake;false;lakes;0
16837;31;45;128;lake;false;lakes;0
16838;22;73;128;lake;false;lakes;0
16839;91;33;128;lake;false;lakes;0
16840;97;3;128;lake;false;lakes;0
16841;138;89;128;lake;false;lakes;0
16842;33;119;128;lake;false;lakes;0
16843;73;59;128;lake;false;lakes;0
16844;1;48;128;lake;false;lakes;0
16845;141;33;128;lake;false;lakes;0
16846;130;100;128;lake;false;lakes;0
16847;95;81;128;lake;false;lakes;0
16848;136;2;128;lake;false;lakes;0
16849;85;91;128;lake;false;lakes;0
16850;43;77;128;lake;false;lakes;0
16851;77;47;128;lake;false;lakes;0
16852;67;23;128;lake;false;lakes;0
16853;11;102;128;lake;false;lakes;0
16854;0;72;128;lake;false;lakes;0
16855;7;9;128;lake;false;lakes;0
16856;30;154;128;lake;false;lakes;0
16857;61;38;128;lake;false;lakes;0
16858;71;19;128;lake;false;lakes;0
16859;13;27;128;lake;false;lakes;0
16860;90;23;128;lake;false;lakes;0
16861;11;96;128;lake;false;lakes;0
16862;118;113;128;lake;false;lakes;0
16863;89;53;128;lake;false;lakes;0
16864;60;35;128;lake;false;lakes;0
16865;79;67;128;lake;false;lakes;0
16866;15;114;128;lake;false;lakes;0
16867;43;15;128;lake;false;lakes;0
16868;127;78;128;lake;false;lakes;0
16869;28;0;128;lake;false;lakes;0
16870;119;106;128;lake;false;lakes;0
16871;47;93;128;lake;false;lakes;0
16872;34;13;128;lake;false;lakes;0
16873;17;35;128;lake;false;lakes;0
16874;70;59;128;lake;false;lakes;0
16875;71;61;128;lake;false;lakes;0
16876;43;3;128;lake;false;lakes;0
16877;52;110;128;lake;false;lakes;0
16878;82;46;128;lake;false;lakes;0
16879;38;14;128;lake;false;lakes;0
16880;57;98;128;lake;false;lakes;0
16881;110;38;128;lake;false;lakes;0
16882;16;18;128;lake;false;lakes;0
16883;34;85;128;lake;false;lakes;0
16884;102;46;128;lake;false;lakes;0
16885;35;63;128;lake;false;lakes;0
16886;95;47;128;lake;false;lakes;0
16887;49;111;128;lake;false;lakes;0
16888;62;38;128;lake;false;lakes;0
16889;92;33;128;lake;false;lakes;0
16890;99;116;128;lake;false;lakes;0
16891;66;125;128;lake;false;lakes;0
16892;6;65;128;lake;false;lakes;0
16893;113;15;128;lake;false;lakes;0
16894;103;146;128;lake;false;lakes;0
16895;68;98;128;lake;false;lakes;0
16896;8;25;128;lake;false;lakes;0
16897;44;11;128;lake;false;lakes;0
16898;99;80;128;lake;false;lakes;0
16899;79;39;128;lake;false;lakes;0
16900;129;82;128;lake;false;lakes;0
16901;28;59;128;lake;false;lakes;0
16902;76;68;128;lake;false;lakes;0
16903;9;17;128;lake;false;lakes;0
16904;125;135;128;lake;false;lakes;0
16905;79;96;128;lake;false;lakes;0
16906;47;16;128;lake;false;lakes;0
16907;35;19;128;lake;false;lakes;0
16908;73;41;128;lake;false;lakes;0
16909;4;19;128;lake;false;lakes;0
16910;111;14;128;lake;false;lakes;0
16911;98;31;128;lake;false;lakes;0
16912;52;27;128;lake;false;lakes;0
16913;70;127;128;lake;false;lakes;0
16914;21;91;128;lake;false;lakes;0
16915;104;21;128;lake;false;lakes;0
16916;77;120;128;lake;false;lakes;0
16917;105;63;128;lake;false;lakes;0
16918;53;64;128;lake;false;lakes;0
16919;113;22;128;lake;false;lakes;0
16920;127;79;128;lake;false;lakes;0
16921;101;86;128;lake;false;lakes;0
16922;142;15;128;lake;false;lakes;0
16923;71;88;128;lake;false;lakes;0
16924;17;89;128;lake;false;lakes;0
16925;72;36;128;lake;false;lakes;0
16926;3;147;128;lake;false;lakes;0
16927;62;66;128;lake;false;lakes;0
16928;46;36;128;lake;false;lakes;0
16929;15;1;128;lake;false;lakes;0
16930;24;125;128;lake;false;lakes;0
16931;75;32;128;lake;false;lakes;0
16932;103;55;128;lake;false;lakes;0
16933;99;131;128;lake;false;lakes;0
16934;103;60;128;lake;false;lakes;0
16935;153;12;128;lake;false;lakes;0
16936;95;54;128;lake;false;lakes;0
16937;96;102;128;lake;false;lakes;0
16938;26;25;128;lake;false;lakes;0
16939;5;9;128;lake;false;lakes;0
16940;121;150;128;lake;false;lakes;0
16941;13;108;128;lake;false;lakes;0
16942;92;71;128;lake;false;lakes;0
16943;58;93;128;lake;false;lakes;0
16944;51;84;128;lake;false;lakes;0
16945;21;55;128;lake;false;lakes;0
16946;34;43;128;lake;false;lakes;0
16947;114;101;128;lake;false;lakes;0
16948;64;72;128;lake;false;lakes;0
16949;108;26;128;lake;false;lakes;0
16950;39;89;128;lake;false;lakes;0
16951;65;68;128;lake;false;lakes;0
16952;84;27;128;lake;false;lakes;0
16953;37;46;128;lake;false;lakes;0
16954;88;81;128;lake;false;lakes;0
16955;7;46;128;lake;false;lakes;0
16956;112;27;128;lake;false;lakes;0
16957;31;103;128;lake;false;lakes;0
16958;77;71;128;lake;false;lakes;0
16959;19;69;128;lake;false;lakes;0
16960;103;19;128;lake;false;lakes;0
16961;126;144;128;lake;false;lakes;0
16962;45;89;128;lake;false;lakes;0
16963;50;52;128;lake;false;lakes;0
16964;30;116;128;lake;false;lakes;0
16965;117;85;128;lake;false;lakes;0
16966;26;53;128;lake;false;lakes;0
16967;74;129;128;lake;false;lakes;0
16968;72;59;128;lake;false;lakes;0
16969;54;57;128;lake;false;lakes;0
16970;8;20;128;lake;false;lakes;0
16971;78;128;128;lake;false;lakes;0
16972;60;60;128;lake;false;lakes;0
16973;60;15;128;lake;false;lakes;0
16974;64;141;128;lake;false;lakes;0
16975;9;69;128;lake;false;lakes;0
